part,severity,damage_area_ratio,yolo_confidence,severity_confidence,parts_cost,labor_cost,paint_cost,total_repair_cost
Headlight,moderate,0.3044,0.5257,0.7775,0.0,859.9669460903423,0.0,859.97
Windshield,severe,0.5077,0.6789,0.5689,6232.422178453787,2312.6768310966386,0.0,8545.1
Door,minor,0.0425,0.6888,0.4077,0.0,3993.1619094588864,2377.2616445288613,6370.42
Bumper,severe,0.5754,0.4682,0.9274,5757.928160682776,1909.5087278405701,5943.298500133637,13610.74
Hood,minor,0.0366,0.9411,0.8218,0.0,1741.2019084026724,2490.4311074847437,4231.63
Headlight,minor,0.0957,0.8892,0.6069,0.0,850.3130697194906,0.0,850.31
Hood,moderate,0.1547,0.827,0.8583,9706.901038730468,2100.0332205269588,2440.0820073675823,14247.02
Door,minor,0.0186,0.6148,0.5886,0.0,3018.1509877032104,1850.2261147484421,4868.38
Door,moderate,0.2958,0.8267,0.4643,14020.395233738966,4082.780271690454,3422.391264902398,21525.57
Hood,minor,0.01,0.8504,0.5327,16321.423513624242,1822.582106964052,1994.666891401628,20138.67
Trunk,moderate,0.3205,0.9181,0.5881,0.0,2320.5456997277843,3709.566626275153,6030.11
Headlight,severe,0.6541,0.4537,0.6962,4244.272826934968,1673.2109612558481,0.0,5917.48
Bumper,moderate,0.1404,0.5808,0.8039,4913.3949766936385,1340.4670170687662,2636.9101470586843,8890.77
Door,minor,0.0774,0.9314,0.5389,0.0,2629.165792339084,2249.462147604044,4878.63
Fender,moderate,0.4465,0.9712,0.6313,0.0,3850.450856290666,4027.3818592685584,7877.83
Headlight,minor,0.01,0.8091,0.4096,0.0,740.4108116829191,0.0,800.0
Door,severe,0.492,0.737,0.8036,11161.897599758482,5266.113060053559,5114.316030178024,21542.33
Headlight,moderate,0.223,0.9255,0.9222,0.0,1102.7388271518062,0.0,1102.74
Door,minor,0.0789,0.8662,0.788,0.0,3373.4074513067685,3467.892322296216,6841.3
Light,minor,0.0181,0.8167,0.7781,0.0,580.2797309813486,0.0,800.0
Bumper,minor,0.0499,0.7197,0.7691,0.0,1903.7460692577592,2596.5540411346665,4500.3
Light,minor,0.0385,0.7164,0.7346,0.0,1520.6030931042121,0.0,1520.6
Trunk,severe,0.5993,0.8463,0.9528,16051.362319353659,2940.0290456383764,8050.103954155005,27041.5
Windshield,moderate,0.1,0.9011,0.5838,0.0,2236.3219735164234,0.0,2236.32
Trunk,minor,0.0829,0.6065,0.5871,0.0,1994.0344621649847,2444.452103889591,4438.49
Trunk,moderate,0.2165,0.934,0.6966,0.0,2937.7433897805035,4368.2787989005765,7306.02
Bumper,moderate,0.1944,0.5322,0.9695,0.0,2397.5582226059432,2858.062821730721,5255.62
Light,moderate,0.2372,0.8581,0.5252,3087.298500476138,1680.667930159457,0.0,4767.97
Windshield,moderate,0.2109,0.8287,0.4238,0.0,1957.8070220970474,0.0,1957.81
Trunk,minor,0.0631,0.6667,0.5005,0.0,2083.6514159793364,3158.7417219874005,5242.39
Bumper,moderate,0.2181,0.4753,0.7283,9909.579182946663,2330.0211223495835,3642.9707905375503,15882.57
Door,moderate,0.2295,0.5019,0.6851,9439.008365981228,3271.9693594001214,2574.8210837901884,15285.8
Headlight,minor,0.1134,0.7156,0.7128,10423.410380427513,1759.4559013784847,0.0,12182.87
Windshield,minor,0.035,0.755,0.6251,0.0,1397.814192184983,0.0,1397.81
Hood,minor,0.0644,0.6499,0.4226,0.0,2360.7170258766632,1804.0953813975293,4164.81
Fender,moderate,0.2967,0.8193,0.7648,4883.8670234634965,3402.090663878388,2439.4162221673623,10725.37
Windshield,minor,0.0635,0.5177,0.545,0.0,2064.6985886146185,0.0,2064.7
Trunk,minor,0.0476,0.9284,0.693,0.0,2505.0008210176447,2164.158533894447,4669.16
Trunk,minor,0.0323,0.7057,0.686,0.0,3201.6107338803595,2178.5731902143775,5380.18
Trunk,moderate,0.2202,0.712,0.4334,13365.805160563907,3547.2822847433895,3128.5192818062924,20041.61
Headlight,minor,0.0597,0.8944,0.6471,0.0,1396.4719887388299,0.0,1396.47
Trunk,minor,0.1003,0.6464,0.8714,0.0,2390.603645473973,1957.8422026567011,4348.45
Headlight,severe,0.3385,0.6803,0.5471,6966.381080904553,1211.2170055205222,0.0,8177.6
Fender,moderate,0.3569,0.6487,0.5657,3770.9510487623606,2823.0468750384503,5273.470404523629,11867.47
Trunk,moderate,0.3859,0.5841,0.8033,0.0,3703.14606424124,3888.3917037098518,7591.54
Bumper,moderate,0.2214,0.4741,0.563,0.0,2203.149043039692,4108.574701184845,6311.72
Trunk,minor,0.0237,0.641,0.5508,0.0,2180.885895968407,1833.335963428629,4014.22
Door,moderate,0.2265,0.8859,0.9509,0.0,3587.2023367049705,4272.49056432241,7859.69
Trunk,moderate,0.2642,0.6583,0.8809,14579.935228163873,3325.7770205541187,3904.446464827155,21810.16
Bumper,severe,0.7556,0.9782,0.7222,6962.247660561472,3362.317058161171,6100.519832805074,16425.08
Windshield,moderate,0.1856,0.8512,0.4272,6058.500704512252,2026.0043896046268,0.0,8084.51
Headlight,minor,0.0907,0.7425,0.7253,0.0,1538.625234535415,0.0,1538.63
Light,moderate,0.1937,0.7771,0.9687,0.0,1614.7223269808242,0.0,1614.72
Fender,moderate,0.5,0.7797,0.9002,5201.888354293872,5153.104566637209,4429.423299380519,14784.42
Windshield,moderate,0.3712,0.5608,0.7362,0.0,1681.7278075680676,0.0,1681.73
Door,minor,0.0457,0.6332,0.9201,0.0,2671.8056432059116,1626.290308990502,4298.1
Door,moderate,0.2576,0.6387,0.9186,12464.760007729556,3646.0528587586614,3320.5874526886632,19431.4
Bumper,moderate,0.2853,0.9381,0.4354,0.0,2353.555992321302,4539.271212124668,6892.83
Fender,severe,0.6272,0.8319,0.4362,0.0,5713.264957253823,5065.497201537512,10778.76
Door,minor,0.0267,0.7323,0.5406,0.0,2422.1314594193213,2148.9731403476026,4571.1
Bumper,moderate,0.276,0.6382,0.7763,0.0,2238.0022041362677,3135.290574270283,5373.29
Fender,minor,0.0113,0.6424,0.7746,0.0,2137.5667239801533,1824.2461055339118,3961.81
Fender,minor,0.01,0.4966,0.8674,0.0,1916.941110243754,2190.930262199273,4107.87
Trunk,severe,0.5968,0.9087,0.8739,13094.584897661285,3819.856391869129,8227.417992814726,25141.86
Bumper,moderate,0.3316,0.8268,0.5157,0.0,2145.243103000029,5538.158669891878,7683.4
Hood,minor,0.067,0.7323,0.4301,0.0,1865.880293265804,2480.727064869088,4346.61
Fender,moderate,0.4497,0.7712,0.8607,5784.054309716063,2476.4185163741176,3808.445733048198,12068.92
Headlight,severe,0.8976,0.4852,0.8298,12709.665076450314,1335.9013595383747,0.0,14045.57
Light,minor,0.0674,0.7859,0.9266,0.0,1211.8550424236616,0.0,1211.86
Bumper,severe,0.6746,0.7164,0.5347,8833.169666041356,2931.8820192018725,6237.589257640226,18002.64
Bumper,minor,0.0276,0.5384,0.9096,0.0,1791.06709923163,2138.2732003868673,3929.34
Bumper,moderate,0.2555,0.4678,0.7305,0.0,1576.050913835916,3512.6498623432412,5088.7
Fender,moderate,0.2094,0.7078,0.6372,0.0,2831.3639632105837,3480.107699899979,6311.47
Windshield,moderate,0.2761,0.5462,0.9269,0.0,2251.5756479087545,0.0,2251.58
Light,minor,0.01,0.8348,0.7439,0.0,608.891754579091,0.0,800.0
Hood,moderate,0.1895,0.6748,0.8271,0.0,3213.2373898626415,2702.617363086453,5915.85
Trunk,severe,0.5059,0.8445,0.5192,15789.431703282704,3697.6593926222995,4340.427945555828,23827.52
Bumper,minor,0.0351,0.8409,0.6623,0.0,1670.8523567467441,2511.18793548714,4182.04
Door,minor,0.0443,0.5667,0.5234,0.0,2653.5290503618644,1869.5067340938767,4523.04
Bumper,minor,0.0594,0.7656,0.4389,0.0,2031.5315411830327,1869.4476732894304,3900.98
Headlight,moderate,0.1933,0.6058,0.8142,0.0,1150.3101171364533,0.0,1150.31
Fender,moderate,0.3629,0.9514,0.6165,0.0,3053.6942038256543,3957.5576742063504,7011.25
Fender,severe,0.8122,0.5539,0.6932,0.0,5895.4452669727725,5911.710376778384,11807.16
Trunk,minor,0.0538,0.8328,0.8963,0.0,2148.9439485342004,1811.1120635046254,3960.06
Door,severe,0.346,0.8231,0.9282,11494.706171251024,5259.829386744395,5059.14733890854,21813.68
Windshield,minor,0.023,0.667,0.7202,0.0,1899.4998242133722,0.0,1899.5
Fender,severe,0.5467,0.8204,0.6335,7902.704682049888,3965.9930870348167,4870.506952551482,16739.2
Bumper,minor,0.0577,0.9346,0.4683,0.0,1657.4877222530922,1583.36154031618,3240.85
Hood,moderate,0.2351,0.8381,0.5454,0.0,2164.5643913823756,2535.643241722531,4700.21
Windshield,moderate,0.1821,0.5381,0.8281,11444.019332737718,1626.8317953332337,0.0,13070.85
Door,minor,0.0432,0.5216,0.6806,0.0,2931.3220748198073,3269.705191958274,6201.03
Fender,minor,0.0862,0.8586,0.4618,0.0,2001.9568040453405,2346.1885405474613,4348.15
Bumper,minor,0.0996,0.4528,0.4598,0.0,1089.6196426412862,2432.84306307014,3522.46
Windshield,minor,0.0289,0.7372,0.9063,0.0,1956.2768364889687,0.0,1956.28
Trunk,moderate,0.3305,0.8051,0.4256,0.0,4259.780704502942,3508.1930771532548,7767.97
Trunk,severe,0.7395,0.9647,0.9477,15117.800617630346,5150.203455240294,5775.30817559178,26043.31
Fender,moderate,0.2433,0.919,0.7076,0.0,3306.758042029618,3201.3726591680906,6508.13
Fender,moderate,0.1836,0.7764,0.5351,4410.557606330793,3005.5005137524277,4101.217421800443,11517.28
Headlight,moderate,0.2062,0.4699,0.6783,0.0,610.1795523702324,0.0,800.0
Trunk,severe,0.422,0.5086,0.6057,0.0,3772.4342390362563,3899.1273931702103,7671.56
Light,severe,0.7001,0.9569,0.8628,10950.454025850955,1022.9997836815695,0.0,11973.45
Windshield,minor,0.0984,0.5385,0.9749,0.0,2566.383769042545,0.0,2566.38
Door,moderate,0.2024,0.8879,0.8644,0.0,2391.2130715238313,3581.723836669212,5972.94
Light,severe,0.6896,0.8189,0.4893,11114.244693145502,3076.809474208238,0.0,14191.05
Trunk,moderate,0.3878,0.4735,0.8943,16785.879846321863,3733.491108727152,4195.36172334345,24714.73
Fender,severe,0.7025,0.7128,0.447,5607.769494486138,3240.7586442411107,6460.753338897853,15309.28
Hood,minor,0.0772,0.9101,0.5423,0.0,2743.289562234873,2937.052095922894,5680.34
Door,severe,0.6054,0.9169,0.9057,14187.86252993637,6233.999663850259,5301.196522463467,25723.06
Door,severe,0.6344,0.7467,0.4672,11163.341274497241,4933.507721398984,4751.5610802897345,20848.41
Fender,moderate,0.2348,0.6312,0.7669,0.0,2429.5831588833353,4567.009186390323,6996.59
Light,moderate,0.1944,0.701,0.4336,0.0,961.7745819950989,0.0,961.77
Trunk,minor,0.0648,0.463,0.4128,0.0,2538.6792332455057,2964.2197186098338,5502.9
Light,minor,0.033,0.7293,0.879,4077.9527276146828,1122.1167397470726,0.0,5200.07
Door,minor,0.0719,0.6791,0.9473,0.0,3818.4646484737923,1855.0255116548951,5673.49
Trunk,severe,0.323,0.6999,0.7151,16958.30942773246,3982.5554771806446,3431.959555872777,24372.82
Hood,minor,0.033,0.5196,0.4189,0.0,2895.3924426917815,2707.019864282703,5602.41
Hood,severe,0.5758,0.7953,0.589,14959.363297562126,3845.7095265159246,4119.406770519482,22924.48
Fender,moderate,0.1159,0.6046,0.8031,5162.657779973214,1936.1267767124295,2203.8368000197734,9302.62
Bumper,severe,0.6387,0.6334,0.85,4405.889601755203,2358.4908824864633,5339.286684163281,12103.67
Fender,minor,0.0641,0.5203,0.7292,0.0,1855.206359525952,1752.5499383089316,3607.76
Light,moderate,0.2852,0.9457,0.9495,11315.95958503644,1366.3188227144415,0.0,12682.28
Hood,severe,0.6199,0.7911,0.7053,16675.832803580266,3780.10105095383,6717.9592607609275,27173.89
Fender,moderate,0.315,0.9121,0.6515,0.0,3386.1968831772588,3905.211656589072,7291.41
Trunk,moderate,0.4067,0.5558,0.7945,0.0,3642.6807365282575,5875.639838067344,9518.32
Windshield,moderate,0.2982,0.8569,0.6928,12027.429304882025,2466.444055397438,0.0,14493.87
Fender,severe,0.537,0.5967,0.7436,5580.92022890327,5127.89349477315,5024.86001516071,15733.67
Light,minor,0.0298,0.7852,0.6163,0.0,1294.108036077396,0.0,1294.11
Fender,minor,0.01,0.6404,0.7439,0.0,1908.104452258916,2456.345233341451,4364.45
Light,moderate,0.1626,0.5756,0.5361,0.0,1234.7514989392664,0.0,1234.75
Fender,minor,0.01,0.7771,0.8099,0.0,1994.313782582717,2157.641224789483,4151.96
Trunk,minor,0.0921,0.7458,0.7131,0.0,2795.571431731829,3225.077408619684,6020.65
Hood,minor,0.01,0.945,0.5834,0.0,2309.254759941663,1555.2080146641413,3864.46
Bumper,moderate,0.1619,0.5847,0.7026,0.0,1654.085943904048,2795.3623371896547,4449.45
Headlight,moderate,0.4116,0.9641,0.4545,3074.7886399014315,1390.6691335019043,0.0,4465.46
Trunk,minor,0.0742,0.8573,0.4656,0.0,2100.4501262566623,2443.1253023423183,4543.58
Bumper,moderate,0.1281,0.7987,0.9797,0.0,2307.009470792204,2209.1353292037625,4516.14
Light,minor,0.04,0.6822,0.9228,0.0,1347.9344839525297,0.0,1347.93
Windshield,moderate,0.2706,0.622,0.6125,0.0,1389.9325061840484,0.0,1389.93
Headlight,moderate,0.3375,0.5393,0.7727,0.0,1428.7569277307862,0.0,1428.76
Fender,moderate,0.1,0.6614,0.7365,6622.5243208123065,2391.9484466843546,2449.6368176356186,11464.11
Hood,moderate,0.3522,0.4878,0.9537,0.0,3304.1292640897127,5534.510436153031,8838.64
Hood,severe,0.3,0.6129,0.8658,17426.108633278076,2666.0097660204906,2780.872722226381,22872.99
Door,moderate,0.2754,0.5478,0.5713,13719.021797076637,5019.402478548033,4136.51538999875,22874.94
Bumper,moderate,0.2021,0.9542,0.7489,9875.77986990151,1738.1348279983042,3901.0989819313772,15515.01
Light,moderate,0.3825,0.745,0.5483,0.0,1478.0463190259566,0.0,1478.05
Hood,minor,0.0627,0.7609,0.4974,0.0,2737.6373354575567,1858.8968432732406,4596.53
Door,severe,0.95,0.481,0.4822,10466.953540314005,5370.64479290311,6915.69094685127,22753.29
Trunk,minor,0.01,0.518,0.4604,0.0,2318.5481727972888,2732.961874555988,5051.51
Fender,minor,0.0551,0.7771,0.6566,0.0,2362.9512915017763,2076.6799280251607,4439.63
Hood,minor,0.0575,0.6219,0.5931,0.0,2584.8364699556005,2827.77306730957,5412.61
Light,minor,0.01,0.9597,0.7683,0.0,699.797903176926,0.0,800.0
Headlight,minor,0.0101,0.8024,0.8614,0.0,878.4916780196515,0.0,878.49
Trunk,minor,0.0274,0.7186,0.4924,0.0,2305.718485328151,2583.4186089300188,4889.14
Windshield,minor,0.0737,0.7435,0.5772,0.0,1951.9061145994765,0.0,1951.91
Hood,minor,0.0635,0.7828,0.7911,0.0,2184.4900152287705,2420.054846920756,4604.54
Fender,severe,0.5204,0.6334,0.9659,6815.291677093811,3073.210544390803,4364.919155883549,14253.42
Trunk,severe,0.4917,0.8874,0.7865,15829.14852821043,2904.269064069804,7010.817346396132,25744.23
Fender,minor,0.1289,0.7183,0.6549,4018.2881953952065,3145.8991640015424,2628.0146656193897,9792.2
Hood,severe,0.3515,0.6076,0.6496,14470.825504240316,3131.3109948076212,3685.090013496925,21287.23
Bumper,minor,0.0877,0.9782,0.8721,0.0,1130.519221993818,2779.309021530808,3909.83
Headlight,minor,0.0647,0.6377,0.7048,0.0,1401.6802444851578,0.0,1401.68
Light,severe,0.4458,0.5877,0.841,9886.716869957696,753.5494130779449,0.0,10640.27
Fender,minor,0.01,0.5909,0.7747,0.0,1549.764636002624,1528.66230466428,3078.43
Windshield,severe,0.7549,0.6492,0.6288,8817.287521621825,2671.7413126828505,0.0,11489.03
Light,minor,0.0587,0.5841,0.8531,0.0,781.8822476274304,0.0,800.0
Hood,moderate,0.1769,0.5296,0.8277,0.0,2458.5806997601308,3259.827172768288,5718.41
Bumper,moderate,0.3293,0.9755,0.963,0.0,1625.2932237464936,3932.1120837178237,5557.41
Door,moderate,0.3728,0.4936,0.9614,9706.20325479327,3260.683437362762,3699.319318022692,16666.21
Headlight,moderate,0.1639,0.7014,0.4661,11224.611871016214,1000.3274486348197,0.0,12224.94
Windshield,moderate,0.162,0.9419,0.5303,0.0,2118.261727161116,0.0,2118.26
Bumper,minor,0.01,0.976,0.7894,0.0,2149.562977015322,1804.4083536851313,3953.97
Light,severe,0.7461,0.8361,0.8503,11181.392155746487,1826.3477188200632,0.0,13007.74
Hood,minor,0.0837,0.9615,0.6833,0.0,2963.058947202792,1683.4627460726783,4646.52
Headlight,severe,0.4801,0.8151,0.9065,7561.0657486100445,1830.2404113313046,0.0,9391.31
Headlight,severe,0.421,0.9163,0.7814,9847.991973285689,1663.6373741733746,0.0,11511.63
Bumper,moderate,0.2267,0.4528,0.8414,0.0,1950.029101273272,3184.9068702004793,5134.94
Light,severe,0.7161,0.791,0.8526,9783.798416761558,1856.3422767788463,0.0,11640.14
Light,moderate,0.3622,0.8709,0.4539,6874.171480736903,1634.2610086083362,0.0,8508.43
Headlight,severe,0.8688,0.7691,0.4133,5015.468865100167,2705.933306878673,0.0,7721.4
Door,moderate,0.2581,0.6833,0.4855,8759.169876694794,3972.9633442119384,4082.1660376389304,16814.3
Headlight,moderate,0.1862,0.7879,0.6878,9802.673544870331,1315.0674118210727,0.0,11117.74
Headlight,minor,0.0107,0.5478,0.6101,0.0,911.4315985248555,0.0,911.43
Fender,minor,0.0715,0.5695,0.6186,0.0,2433.9485307084856,3163.638499822758,5597.59
Trunk,minor,0.1003,0.7131,0.6534,0.0,2088.3640951371244,2318.5624180565214,4406.93
Bumper,minor,0.0418,0.5961,0.5599,0.0,968.8046119018431,1634.046203561955,2602.85
Light,minor,0.02,0.7084,0.4195,0.0,783.760948497434,0.0,800.0
Hood,moderate,0.1,0.9175,0.6282,16926.82703250571,2045.6155560090072,1921.8453961100045,20894.29
Fender,moderate,0.3284,0.6959,0.9638,6859.283616812897,3581.8680633316885,3578.035714918482,14019.19
Trunk,severe,0.5089,0.8696,0.7183,14626.636034185343,3814.49199827559,6374.170631109541,24815.3
Fender,minor,0.0989,0.695,0.6388,0.0,2398.6824755430084,3385.5884775844074,5784.27
Windshield,moderate,0.3444,0.9122,0.716,7487.702004837325,3088.582681577793,0.0,10576.28
Hood,moderate,0.1811,0.6892,0.9713,0.0,3819.0801232271324,3288.563411049128,7107.64
Fender,moderate,0.1612,0.4995,0.6558,4299.143922490054,2532.8701747649116,3270.018908879358,10102.03
Door,minor,0.0534,0.6599,0.9308,0.0,3497.0715334781335,2697.9849491425502,6195.06
Trunk,moderate,0.452,0.4677,0.6109,13920.455043786224,3448.5606135518187,5869.296928816358,23238.31
Trunk,moderate,0.1,0.9626,0.6423,14556.839095884876,3000.811252928686,2062.7905747439827,19620.44
Headlight,minor,0.0223,0.4993,0.417,0.0,1212.156061561018,0.0,1212.16
Hood,severe,0.7761,0.6166,0.6733,16863.52909538296,4082.425243691067,8508.461419323905,29454.42
Headlight,moderate,0.139,0.4962,0.8171,0.0,1004.5713563676958,0.0,1004.57
Door,minor,0.0248,0.896,0.6733,0.0,3287.9179038804114,2174.7488060910455,5462.67
Headlight,minor,0.0405,0.4909,0.5974,10033.4415954906,604.9254056719404,0.0,10638.37
Fender,moderate,0.1825,0.856,0.8573,4187.688762250033,2524.6775333704345,3205.8230702899905,9918.19
Windshield,severe,0.7289,0.5183,0.6394,5845.611268323967,3048.6080053940136,0.0,8894.22
Headlight,minor,0.0604,0.9049,0.5695,0.0,1154.1818026758801,0.0,1154.18
Door,severe,0.7265,0.6884,0.5267,0.0,5959.80514981509,7132.4595823716745,13092.26
Windshield,moderate,0.2995,0.6075,0.574,6427.220268935974,1677.4837706112717,0.0,8104.7
Light,moderate,0.2143,0.6775,0.5553,12706.142313430317,1288.3882222744542,0.0,13994.53
Light,severe,0.7192,0.9321,0.7881,3297.617156249381,2151.7106678819014,0.0,5449.33
Bumper,minor,0.0345,0.9525,0.6582,0.0,1139.5286693038067,1763.4968262785565,2903.03
Bumper,moderate,0.2741,0.7683,0.8313,7056.73358340045,1818.4268509295894,4053.052921350276,12928.21
Bumper,minor,0.0772,0.7007,0.7611,4017.2195779736135,1944.9127024392837,2906.2232262250354,8868.36
Light,moderate,0.2285,0.4695,0.4627,4384.093821123532,1163.3979196216221,0.0,5547.49
Fender,moderate,0.1049,0.9163,0.7334,3083.113442445649,2551.495106470882,3084.4423326106967,8719.05
Headlight,moderate,0.2183,0.6736,0.6384,0.0,837.2603454737077,0.0,837.26
Trunk,moderate,0.3341,0.8897,0.4235,16890.321180732466,3245.377107743568,4835.348312617239,24971.05
Hood,moderate,0.1335,0.4876,0.4465,12080.016520505045,2498.896213186164,2880.3299495581273,17459.24
Headlight,moderate,0.4282,0.5113,0.4895,0.0,1466.7901329217989,0.0,1466.79
Door,moderate,0.1435,0.6064,0.6819,13292.45619840804,2222.7809030915632,2818.741942041964,18333.98
Windshield,minor,0.0448,0.4911,0.7147,0.0,1565.9936045469324,0.0,1565.99
Light,moderate,0.1015,0.6784,0.5849,0.0,1651.4376796746835,0.0,1651.44
Trunk,minor,0.0418,0.8538,0.9491,0.0,2488.779701974457,1533.2844020997672,4022.06
Door,minor,0.0478,0.8089,0.7514,0.0,2659.34862980596,1661.1850121868206,4320.53
Fender,severe,0.8272,0.5026,0.5211,4203.176195540701,6171.007957431547,5141.165723400231,15515.35
Door,minor,0.1111,0.5116,0.9544,0.0,3238.7826918076994,3028.9913174224816,6267.77
Windshield,moderate,0.2626,0.9645,0.8487,0.0,2001.48335109209,0.0,2001.48
Windshield,minor,0.0496,0.6102,0.5504,0.0,2032.6051636462905,0.0,2032.61
Door,minor,0.111,0.5298,0.8737,0.0,3373.7812518458018,2663.4599538471125,6037.24
Hood,moderate,0.2585,0.6594,0.4229,0.0,3398.00726427056,3235.399634815948,6633.41
Bumper,moderate,0.4164,0.6974,0.42,6817.391771877523,1526.8526951488977,5416.933758456091,13761.18
Light,minor,0.0969,0.6489,0.5658,0.0,1125.2283042095312,0.0,1125.23
Bumper,moderate,0.4582,0.7691,0.743,0.0,3146.6800545756646,5557.510852199031,8704.19
Headlight,severe,0.4264,0.4831,0.9124,4259.799505453373,2380.333363917359,0.0,6640.13
Door,minor,0.0766,0.8845,0.5934,0.0,3708.8120321724405,2636.920219791467,6345.73
Door,minor,0.0737,0.4576,0.828,0.0,4143.169483834351,2439.5905416152746,6582.76
Bumper,moderate,0.2681,0.463,0.5776,0.0,1968.226856500486,4311.621710709456,6279.85
Trunk,minor,0.0544,0.4907,0.6904,0.0,1887.460539466326,2626.540451476546,4514.0
Fender,minor,0.015,0.5307,0.5544,0.0,1848.6497321988713,2264.907445671579,4113.56
Light,minor,0.0479,0.6396,0.7757,0.0,1203.6522376381204,0.0,1203.65
Light,minor,0.0703,0.6955,0.5361,0.0,1125.609467591202,0.0,1125.61
Windshield,severe,0.6609,0.6007,0.4776,8246.13028548318,2500.1675762995396,0.0,10746.3
Fender,moderate,0.1843,0.6975,0.5974,4018.9615856249816,3713.023496407644,3554.3608686703055,11286.35
Hood,moderate,0.1,0.9227,0.6516,11556.434483456875,2177.504340712779,2567.503808590263,16301.44
Bumper,minor,0.0555,0.5237,0.5475,0.0,2121.226439758991,3034.5377689543193,5155.76
Door,moderate,0.296,0.8644,0.7736,0.0,4308.582903515357,3502.2103835682324,7810.79
Fender,minor,0.01,0.9052,0.5079,0.0,1993.4729236852932,1761.2992187231239,3754.77
Windshield,severe,0.5955,0.8092,0.7525,6976.942476422279,3059.044944499377,0.0,10035.99
Fender,minor,0.0541,0.8645,0.7154,0.0,2011.3711425773895,2025.6269651648552,4037.0
Headlight,severe,0.549,0.7112,0.6345,5930.148009470099,1458.2643562430437,0.0,7388.41
Bumper,severe,0.7371,0.5197,0.8971,4211.622499143438,2935.8743947180224,6450.73245628758,13598.23
Light,minor,0.0215,0.6055,0.8484,0.0,540.826827324413,0.0,800.0
Fender,minor,0.0787,0.8898,0.7516,0.0,2696.0383058992948,2996.0356166773854,5692.07
Trunk,moderate,0.4419,0.7011,0.4335,11793.720709270689,2845.627031584326,4417.18445543154,19056.53
Fender,severe,0.6282,0.9249,0.8914,5855.778090705634,4801.371942084218,6882.382473247057,17539.53
Door,moderate,0.1,0.9363,0.5685,14154.212572876775,3014.2456268956144,2302.6179812245996,19471.08
Hood,moderate,0.2666,0.61,0.8414,0.0,2515.246185990994,3008.854891035091,5524.1
Trunk,moderate,0.2117,0.6794,0.4255,0.0,2530.5648942751877,3842.338283013122,6372.9
Light,severe,0.7431,0.5077,0.7692,4141.438983604319,3083.2818150140356,0.0,7224.72
Hood,severe,0.5933,0.7798,0.9691,17624.23587869578,4463.424076487164,4056.002730388214,26143.66
Hood,severe,0.4766,0.6143,0.5346,12879.44530587851,5282.893834905432,6649.540957936548,24811.88
Door,moderate,0.3817,0.9409,0.5326,10788.977466229248,3852.8176639260255,4042.5942077476143,18684.39
Door,minor,0.0353,0.4502,0.9228,0.0,2508.949818928698,2235.470431191347,4744.42
Light,minor,0.0641,0.658,0.8375,0.0,610.4438491054719,0.0,800.0
Door,minor,0.01,0.9282,0.9089,0.0,2574.386199917016,2432.773251819795,5007.16
Hood,minor,0.0373,0.5997,0.9513,0.0,1555.36775113432,1958.5876457331383,3513.96
Windshield,moderate,0.1,0.6625,0.8426,11756.001682925822,1647.0925186544548,0.0,13403.09
Headlight,moderate,0.4189,0.9032,0.5201,0.0,1575.837637425175,0.0,1575.84
Bumper,minor,0.0703,0.6369,0.8784,0.0,2422.8361383465076,2079.439352731849,4502.28
Fender,severe,0.5452,0.6708,0.7031,4083.964844991934,4258.536725323769,3241.94033601422,11584.44
Windshield,moderate,0.1918,0.8378,0.7716,7564.310220865384,2464.215320552406,0.0,10028.53
Bumper,severe,0.5118,0.928,0.8679,6186.163755859298,2248.7936939160722,5320.24150964096,13755.2
Headlight,minor,0.0576,0.5926,0.7002,0.0,783.2300886225439,0.0,800.0
Bumper,severe,0.8353,0.7223,0.6952,5831.766958891695,4380.361286038013,5297.310772951098,15509.44
Hood,severe,0.4191,0.4664,0.4301,9977.209143897635,4705.470586961236,3433.9850397117975,18116.66
Bumper,minor,0.0446,0.952,0.6878,0.0,2376.5983968206574,2557.4478099571793,4934.05
Door,moderate,0.1,0.8969,0.4566,0.0,3938.3274720534205,2209.606050009732,6147.93
Trunk,moderate,0.2644,0.9072,0.504,0.0,3797.3157022869814,3025.6345300011317,6822.95
Trunk,moderate,0.2687,0.6158,0.9425,0.0,2805.3296880245607,3465.664802509558,6270.99
Fender,severe,0.6345,0.6371,0.7603,3090.693020059383,4270.935407397488,4157.460922226129,11519.09
Bumper,moderate,0.2765,0.6522,0.9696,6352.975860463072,1398.0608232129387,2958.8759210489334,10709.91
Hood,moderate,0.3448,0.5964,0.6506,0.0,2691.0888992804394,4172.474071798966,6863.56
Bumper,minor,0.0621,0.5584,0.7014,0.0,2084.5132059979296,2518.895628221265,4603.41
Headlight,minor,0.0487,0.9633,0.7501,0.0,879.8496057142967,0.0,879.85
Headlight,minor,0.103,0.6478,0.7269,0.0,1256.7274210100356,0.0,1256.73
Bumper,moderate,0.1872,0.5061,0.4898,0.0,2053.095029422374,3861.1550442673965,5914.25
Headlight,minor,0.0679,0.7373,0.945,0.0,1381.7725922858097,0.0,1381.77
Fender,minor,0.089,0.6798,0.4537,0.0,2277.38400739945,2521.1340166916266,4798.52
Door,minor,0.0605,0.8055,0.8065,0.0,2608.734407049111,3004.7132665805802,5613.45
Windshield,minor,0.0589,0.5636,0.5571,0.0,1872.1560411808557,0.0,1872.16
Trunk,severe,0.454,0.7116,0.5643,14283.325230202665,4470.094832756227,4215.859144073728,22969.28
Trunk,minor,0.01,0.938,0.739,0.0,2067.329150309666,1974.7505814585666,4042.08
Bumper,minor,0.0374,0.8655,0.6432,0.0,2159.9691929808246,1907.387262821013,4067.36
Headlight,minor,0.0909,0.7103,0.9377,0.0,746.140303394326,0.0,800.0
Headlight,minor,0.0721,0.8319,0.8794,0.0,1459.7180169782253,0.0,1459.72
Door,minor,0.0452,0.6375,0.8806,0.0,2680.4946864914855,2157.4852135689725,4837.98
Bumper,severe,0.6924,0.4911,0.8807,7375.241419544318,2856.491296014676,6330.939033560944,16562.67
Headlight,minor,0.033,0.6828,0.7541,0.0,1432.2241803166737,0.0,1432.22
Windshield,moderate,0.4095,0.8684,0.5721,9037.289742948502,2570.8371216605806,0.0,11608.13
Light,minor,0.0308,0.5679,0.7012,4360.818717695763,1132.1593072599007,0.0,5492.98
Hood,minor,0.0347,0.8495,0.9055,0.0,3109.6356175423643,2209.868288693784,5319.5
Door,moderate,0.1839,0.7322,0.4669,0.0,4028.90189279879,3122.8978125494477,7151.8
Bumper,moderate,0.2398,0.9543,0.8504,0.0,1785.8913620079625,4319.416647036499,6105.31
Light,moderate,0.3224,0.4553,0.8196,7542.5012615430915,1354.0326161592927,0.0,8896.53
Trunk,moderate,0.3564,0.7067,0.4078,11042.36760564335,3400.6036597384687,4043.3394640001993,18486.31
Light,minor,0.047,0.6564,0.7142,0.0,884.4912149077624,0.0,884.49
Hood,severe,0.6541,0.4871,0.823,15355.539988343913,4432.690156757372,5019.374966391855,24807.61
Trunk,minor,0.051,0.5654,0.7838,0.0,2851.943185926012,1997.81103055014,4849.75
Bumper,minor,0.0271,0.6356,0.7929,0.0,1844.6001671630559,2100.2523942846556,3944.85
Hood,minor,0.0575,0.8475,0.9268,0.0,2352.2174422730454,2263.5080583606405,4615.73
Headlight,moderate,0.3969,0.8278,0.624,0.0,1811.6636361494786,0.0,1811.66
Trunk,minor,0.0393,0.4908,0.8038,0.0,2248.3623709317976,2355.467740719476,4603.83
Hood,moderate,0.3066,0.7302,0.879,0.0,3589.2724459936353,3650.8082622987868,7240.08
Windshield,moderate,0.2439,0.8533,0.5089,9744.541098591662,2111.396940021567,0.0,11855.94
Hood,moderate,0.1859,0.9048,0.8546,14777.238893053,2803.260950051217,3138.2764313852317,20718.78
Bumper,severe,0.6683,0.7557,0.439,6339.101836598618,4764.689360145698,6747.337079077921,17851.13
Trunk,severe,0.6904,0.9001,0.6355,13227.244306745339,5493.022917932697,6408.464972036439,25128.73
Light,minor,0.0813,0.854,0.4226,0.0,661.5470572647254,0.0,800.0
Headlight,moderate,0.1,0.7568,0.7303,3751.6090755994765,1059.045829171357,0.0,4810.65
Headlight,severe,0.3709,0.7942,0.8666,6679.55217484445,1828.5841593839984,0.0,8508.14
Hood,severe,0.6982,0.7915,0.9651,13996.02558750657,5603.179049961818,4094.298570973361,23693.5
Light,minor,0.0502,0.6912,0.7873,0.0,1215.1812208379167,0.0,1215.18
Windshield,severe,0.6254,0.7887,0.9531,6430.309367476986,3607.2739878936377,0.0,10037.58
Windshield,minor,0.038,0.6381,0.4302,0.0,2316.7927101327814,0.0,2316.79
Trunk,minor,0.0549,0.8122,0.6178,0.0,2609.941244774471,2907.4982168519045,5517.44
Headlight,minor,0.0468,0.9659,0.6697,0.0,645.3001514658174,0.0,800.0
Headlight,moderate,0.2146,0.7425,0.8579,0.0,1343.9308566037078,0.0,1343.93
Headlight,minor,0.0241,0.5281,0.9644,0.0,693.1093542072481,0.0,800.0
Light,minor,0.0377,0.6375,0.5754,0.0,566.7532862659609,0.0,800.0
Hood,minor,0.0355,0.7068,0.5754,0.0,1840.114225629387,2179.6612879668232,4019.78
Hood,moderate,0.2424,0.6841,0.9709,0.0,2363.344610739444,2986.029766797155,5349.37
Fender,severe,0.4174,0.907,0.582,5168.70623901458,3737.335736970523,5566.424027717626,14472.47
Headlight,minor,0.0955,0.7466,0.7985,0.0,1191.8797450296618,0.0,1191.88
Hood,minor,0.0607,0.5541,0.9518,0.0,2424.620841920573,1964.440776988718,4389.06
Windshield,moderate,0.2594,0.5981,0.4764,0.0,3301.5909919540936,0.0,3301.59
Trunk,minor,0.1018,0.9641,0.7313,0.0,1950.9481391083682,3554.879304269862,5505.83
Bumper,moderate,0.2195,0.7256,0.7027,0.0,1584.4813843112547,3718.9919180540655,5303.47
Headlight,minor,0.0722,0.6929,0.6037,11378.398337226938,1148.5167554989187,0.0,12526.92
Bumper,minor,0.0543,0.7761,0.841,0.0,2097.4600006349096,1893.5419577416085,3991.0
Headlight,moderate,0.3075,0.4661,0.5186,0.0,1114.2573230461355,0.0,1114.26
Headlight,moderate,0.3201,0.9021,0.9385,0.0,879.3091937969882,0.0,879.31
Headlight,minor,0.0162,0.7724,0.563,7357.643891889208,645.3291741290299,0.0,8002.97
Light,moderate,0.1246,0.8926,0.9379,8207.825878433216,1474.8683152614149,0.0,9682.69
Light,minor,0.0639,0.466,0.9577,9887.115969591461,1010.3455783971942,0.0,10897.46
Headlight,minor,0.0863,0.7184,0.6032,0.0,932.3636395733533,0.0,932.36
Bumper,minor,0.1011,0.6153,0.5972,0.0,2280.5595194853377,3438.984089176957,5719.54
Trunk,minor,0.0506,0.8264,0.5583,0.0,2001.266087125511,1752.7404589750872,3754.01
Headlight,severe,0.6345,0.8496,0.7352,7756.9744933611055,1618.3303497566503,0.0,9375.3
Door,minor,0.0441,0.6064,0.5733,0.0,3004.104071913759,2942.8304251027134,5946.93
Trunk,minor,0.0944,0.8395,0.7082,0.0,2619.3398867288843,2099.7944525875914,4719.13
Light,moderate,0.3276,0.458,0.7372,0.0,1115.3386666814513,0.0,1115.34
Windshield,severe,0.8058,0.8881,0.8646,9266.686568506659,3709.778882548806,0.0,12976.47
Windshield,minor,0.0437,0.8208,0.7578,0.0,1600.3834542870636,0.0,1600.38
Door,moderate,0.1859,0.5876,0.9624,10014.840204833532,4073.2585650403325,3339.733327112605,17427.83
Windshield,minor,0.0507,0.9258,0.8322,0.0,2004.3000064017442,0.0,2004.3
Light,moderate,0.2032,0.6973,0.6796,5898.6037195526405,1321.7194774567436,0.0,7220.32
Light,moderate,0.2198,0.4589,0.7939,0.0,1400.7439976587234,0.0,1400.74
Fender,moderate,0.2234,0.9647,0.7261,0.0,2508.2877346759756,3385.8433837635544,5894.13
Light,severe,0.4919,0.8111,0.9453,10257.498532447396,909.5446533538553,0.0,11167.04
Hood,severe,0.4857,0.7988,0.4407,12610.755547300181,3221.568537336234,4223.0796790649565,20055.4
Headlight,minor,0.0363,0.5007,0.5843,0.0,836.2267569047394,0.0,836.23
Headlight,moderate,0.2555,0.7868,0.7653,0.0,2067.1821153118804,0.0,2067.18
Door,minor,0.0434,0.9499,0.5375,0.0,3044.3999356872305,2173.0128866887226,5217.41
Hood,minor,0.0473,0.7537,0.5886,0.0,2777.283991660944,2092.161102599788,4869.45
Door,moderate,0.3038,0.6835,0.4768,0.0,4088.2082815906497,3689.40729766573,7777.62
Light,moderate,0.3331,0.5138,0.9443,12293.02939043336,921.083298107294,0.0,13214.11
Headlight,minor,0.0441,0.6844,0.8624,0.0,1302.4072472862815,0.0,1302.41
Fender,minor,0.0785,0.5739,0.4138,0.0,1941.0383099484407,2310.6604592546446,4251.7
Windshield,severe,0.4382,0.4551,0.8976,6546.4156658643205,1828.1340238304754,0.0,8374.55
Door,moderate,0.1605,0.7384,0.5596,13750.359746357237,3019.0692836828275,2714.391258108909,19483.82
Door,moderate,0.194,0.6183,0.5504,0.0,2572.3287683153358,2686.185957351823,5258.51
Trunk,severe,0.6574,0.4772,0.6857,12467.61780836339,3550.3567634784667,7757.451157066541,23775.43
Windshield,moderate,0.4437,0.7401,0.8257,0.0,2578.2161109026706,0.0,2578.22
Headlight,minor,0.0453,0.8195,0.5122,0.0,609.7727503204604,0.0,800.0
Light,severe,0.4059,0.5248,0.7164,4406.525689582188,1152.3801022140622,0.0,5558.91
Fender,minor,0.013,0.9761,0.4906,0.0,1894.9491738441666,1877.9321601093545,3772.88
Headlight,minor,0.0361,0.6802,0.6589,0.0,1256.1757246504917,0.0,1256.18
Fender,minor,0.019,0.7448,0.8521,0.0,2070.5034737486685,2905.60615209275,4976.11
Fender,moderate,0.2304,0.7212,0.4354,0.0,3556.815446639466,4015.596520204669,7572.41
Door,severe,0.3506,0.7549,0.6489,14190.734574072714,4062.358233465931,4791.806521362816,23044.9
Light,minor,0.0492,0.7947,0.5232,0.0,1059.1177954968748,0.0,1059.12
Bumper,severe,0.5443,0.4573,0.4473,9125.812528291717,2499.9072310850215,5136.918364667237,16762.64
Fender,severe,0.8294,0.7638,0.4962,7025.866711817068,4717.853496980724,8352.612357174927,20096.33
Headlight,moderate,0.2405,0.5259,0.8145,4126.75743784932,1369.795547174029,0.0,5496.55
Hood,moderate,0.1,0.9399,0.589,0.0,2902.653955659181,1898.2525898431238,4800.91
Door,moderate,0.3374,0.5,0.8823,13249.698230624721,3607.3219886429315,3719.83262754435,20576.85
Headlight,moderate,0.3183,0.621,0.7215,0.0,947.8089508518156,0.0,947.81
Light,minor,0.0406,0.4951,0.7183,0.0,1429.7978403181842,0.0,1429.8
Light,moderate,0.2064,0.4849,0.917,3658.284825292402,1350.0101760681455,0.0,5008.3
Door,severe,0.3,0.7852,0.4744,10509.700016260802,3549.088350151119,3522.1546802756907,17580.94
Door,minor,0.01,0.8568,0.5784,0.0,3718.50937658646,1754.242926812629,5472.75
Headlight,moderate,0.2971,0.7036,0.7396,0.0,796.7227610097971,0.0,800.0
Hood,moderate,0.3518,0.7273,0.5576,0.0,2417.6786584349825,3732.676459881003,6150.36
Light,minor,0.064,0.837,0.6116,0.0,1461.6760035993404,0.0,1461.68
Door,severe,0.4951,0.9623,0.7643,12820.678981884359,5935.865291688325,5549.951064582678,24306.5
Trunk,moderate,0.3662,0.9637,0.6191,0.0,3519.5387422681015,3798.9016538547285,7318.44
Light,moderate,0.2499,0.4501,0.7561,3988.6677800084617,2177.8744208752305,0.0,6166.54
Windshield,moderate,0.1778,0.9559,0.4878,0.0,2677.549358102292,0.0,2677.55
Fender,minor,0.0201,0.82,0.5247,0.0,1535.8345482227755,2417.4782989904415,3953.31
Headlight,moderate,0.2565,0.492,0.7282,0.0,1174.8954637699535,0.0,1174.9
Light,minor,0.0819,0.7163,0.5164,0.0,1089.336962422053,0.0,1089.34
Light,moderate,0.2668,0.5159,0.9076,0.0,1970.4603509590197,0.0,1970.46
Headlight,minor,0.0963,0.9244,0.4865,0.0,827.0688501447249,0.0,827.07
Hood,severe,0.3631,0.7913,0.621,17075.518437721337,2298.480164858491,4719.035323261785,24093.03
Light,minor,0.0447,0.5557,0.5534,0.0,1291.1025376746263,0.0,1291.1
Fender,moderate,0.1144,0.9577,0.7138,0.0,2855.4094333125176,2963.344522054566,5818.75
Hood,moderate,0.2485,0.6481,0.7627,15839.513556430005,3984.1751135658305,4061.9791129643845,23885.67
Door,minor,0.04,0.7061,0.622,0.0,2668.956472924289,1745.211403472422,4414.17
Headlight,minor,0.0431,0.5102,0.9322,7503.778238908524,941.7392016609987,0.0,8445.52
Headlight,minor,0.0496,0.8963,0.572,0.0,1370.7091575610425,0.0,1370.71
Bumper,severe,0.7177,0.6015,0.79,3960.0814782444554,4523.372689992299,5878.53987537348,14361.99
Headlight,moderate,0.3616,0.6277,0.5027,0.0,1191.2660095760125,0.0,1191.27
Fender,minor,0.0516,0.5601,0.7409,0.0,1935.1462927253358,2018.419469287413,3953.57
Windshield,moderate,0.2991,0.976,0.5396,0.0,2271.1499130897314,0.0,2271.15
Light,severe,0.5884,0.5945,0.8243,9067.62269581165,2233.059088446636,0.0,11300.68
Bumper,severe,0.8638,0.6635,0.7014,8536.22106280536,2585.6550503601275,8025.285663992332,19147.16
Light,minor,0.0885,0.5176,0.6373,0.0,1270.870961130621,0.0,1270.87
Light,minor,0.069,0.7551,0.4936,0.0,1024.8670513399134,0.0,1024.87
Bumper,minor,0.0181,0.6252,0.8319,0.0,1158.5293109297832,2246.030319855313,3404.56
Bumper,moderate,0.1786,0.7676,0.698,0.0,1877.3460890100605,2426.9572163528305,4304.3
Bumper,minor,0.0751,0.4823,0.4179,0.0,1374.1665666803412,2024.225787753459,3398.39
Trunk,moderate,0.2327,0.7559,0.9166,0.0,2877.177630510699,3297.095176023223,6174.27
Fender,moderate,0.2942,0.6811,0.7445,4005.883327230104,3234.1562998510035,2989.3615354124972,10229.4
Windshield,moderate,0.3721,0.5634,0.5643,0.0,1877.936361339292,0.0,1877.94
Hood,minor,0.01,0.8247,0.7843,0.0,1868.5403028327553,1860.7449621204173,3729.29
Headlight,moderate,0.398,0.9163,0.4285,0.0,2005.3241030942052,0.0,2005.32
Light,minor,0.0382,0.9438,0.7598,0.0,661.1905232358243,0.0,800.0
Trunk,moderate,0.1137,0.6586,0.4758,0.0,3163.457132686251,3604.7973363331657,6768.25
Fender,severe,0.8889,0.4536,0.7036,4654.242924494977,4458.116428758229,6003.068902425573,15115.43
Light,moderate,0.1452,0.5469,0.9546,0.0,1621.8580643858706,0.0,1621.86
Headlight,minor,0.0546,0.7393,0.9372,0.0,664.7911174810574,0.0,800.0
Headlight,severe,0.6165,0.7153,0.7745,4477.98034681817,2009.7324573568462,0.0,6487.71
Fender,minor,0.0382,0.9501,0.9053,0.0,2427.9799380988193,1579.2040849947273,4007.18
Trunk,minor,0.0448,0.9127,0.4979,0.0,2772.4349511234586,2291.131172781498,5063.57
Trunk,severe,0.6809,0.9442,0.9416,13154.087877197873,5161.493356184217,6559.524126437939,24875.11
Door,severe,0.7468,0.9198,0.4274,13459.688954778527,4656.844262869955,7425.105684185617,25541.64
Light,minor,0.0385,0.7588,0.9774,0.0,1590.3016822160948,0.0,1590.3
Hood,moderate,0.3022,0.9164,0.6932,0.0,2993.3018504493334,3432.394175174535,6425.7
Windshield,moderate,0.2349,0.6677,0.8742,0.0,2744.9357252240147,0.0,2744.94
Windshield,severe,0.5041,0.6201,0.7457,8332.782348064926,2831.1763155125736,0.0,11163.96
Headlight,severe,0.7671,0.8858,0.8367,10786.613431170086,1250.050801096436,0.0,12036.66
Door,minor,0.01,0.6487,0.7604,0.0,2727.145369607579,1566.8727804959103,4294.02
Hood,minor,0.0585,0.6897,0.8287,0.0,2826.722323275786,1736.428958633337,4563.15
Door,moderate,0.2669,0.9741,0.6803,0.0,4905.768400447429,2676.160023696646,7581.93
Fender,moderate,0.341,0.6227,0.9533,0.0,3983.044301945386,4087.5806061579765,8070.62
Trunk,severe,0.4935,0.5492,0.7222,15759.812911478406,2566.3578968482407,3709.6180819024653,22035.79
Headlight,minor,0.023,0.6298,0.8112,0.0,1361.3710964832085,0.0,1361.37
Fender,minor,0.01,0.4874,0.9275,0.0,2686.7086475400383,1419.725482639762,4106.43
Windshield,minor,0.0472,0.5112,0.8851,0.0,1501.0814951414757,0.0,1501.08
Trunk,severe,0.4064,0.7386,0.4927,16383.569718058343,2860.564780556542,3790.4107720509846,23034.55
Door,moderate,0.2265,0.8704,0.5279,0.0,3010.7578384927087,3490.130468179804,6500.89
Bumper,minor,0.01,0.6579,0.9497,0.0,1782.5891594765603,1662.9953620797833,3445.58
Windshield,moderate,0.2532,0.7856,0.6612,0.0,2358.8879945829467,0.0,2358.89
Bumper,severe,0.7938,0.6387,0.4861,7496.437783069335,4032.932268194751,5593.65828913742,17123.03
Fender,moderate,0.1,0.7288,0.8404,0.0,3202.2879322656418,2776.583145422362,5978.87
Hood,minor,0.0595,0.8125,0.4147,0.0,2322.007449278334,1777.9142319229509,4099.92
Headlight,moderate,0.2951,0.5727,0.8924,3561.962692978283,1052.2166658827498,0.0,4614.18
Trunk,moderate,0.3208,0.7397,0.913,13622.420337628795,3487.517770142491,3575.795190974759,20685.73
Trunk,minor,0.0611,0.7161,0.7382,0.0,1728.1505321551008,2266.86788554435,3995.02
Headlight,severe,0.6911,0.6746,0.5984,5572.765405440418,2220.3639533164796,0.0,7793.13
Hood,moderate,0.2065,0.872,0.8831,0.0,2397.5259581458185,3408.738377925186,5806.26
Trunk,moderate,0.2962,0.4772,0.6331,0.0,4053.0578482570086,4170.964844132648,8224.02
Trunk,minor,0.0191,0.7069,0.4156,0.0,2067.191930790368,1887.7194754374596,3954.91
Hood,minor,0.122,0.7283,0.8102,0.0,3165.7129033502083,3051.6102488116558,6217.32
Trunk,moderate,0.2637,0.5233,0.8281,0.0,2181.208633460569,3178.5569083396576,5359.77
Hood,moderate,0.4589,0.7937,0.4397,0.0,4339.509159495486,5510.87653010806,9850.39
Trunk,minor,0.01,0.6387,0.7946,0.0,2653.7416096990623,1465.8242857684238,4119.57
Headlight,moderate,0.3526,0.472,0.5868,8791.294928887548,1341.3262765345692,0.0,10132.62
Door,moderate,0.2634,0.5037,0.8593,9052.763534206952,4190.952516749335,3420.504131652994,16664.22
Headlight,moderate,0.2741,0.964,0.822,0.0,1015.1037942411034,0.0,1015.1
Fender,minor,0.025,0.5223,0.8222,0.0,1675.9527803691308,1714.1280758884948,3390.08
Windshield,severe,0.6875,0.7458,0.6013,5525.0720957287,2922.5792934898213,0.0,8447.65
Headlight,severe,0.3728,0.4763,0.7616,11269.340491097293,1605.7592966096283,0.0,12875.1
Light,moderate,0.1699,0.6774,0.4434,11133.07210958521,1218.3332572280249,0.0,12351.41
Bumper,moderate,0.3218,0.8311,0.7176,9693.9095505654,2319.579738686669,4293.410499017393,16306.9
Bumper,severe,0.5197,0.6172,0.4618,6631.6426681328885,2093.36699968075,4653.479692654253,13378.49
Hood,minor,0.0556,0.5568,0.5538,0.0,2581.9821088596414,2509.6318694339116,5091.61
Trunk,minor,0.0818,0.5824,0.5991,0.0,2560.512393369724,3060.8126177090276,5621.33
Fender,moderate,0.2763,0.6589,0.8936,0.0,3409.539035333735,3472.2773515848467,6881.82
Hood,minor,0.0375,0.7805,0.4761,0.0,2346.849690610986,3070.62823926894,5417.48
Fender,severe,0.9074,0.9504,0.9774,4375.987267443085,4877.9425389571215,6642.321019092828,15896.25
Windshield,moderate,0.2214,0.6755,0.7279,11187.434217595253,1962.4078610009537,0.0,13149.84
Windshield,minor,0.01,0.686,0.6831,0.0,1094.614832573006,0.0,1094.61
Fender,minor,0.0542,0.5585,0.8628,0.0,2410.6607306828228,2998.473185500587,5409.13
Light,minor,0.01,0.6647,0.5386,0.0,1241.8133807470924,0.0,1241.81
Windshield,moderate,0.1939,0.8508,0.6284,0.0,2573.482801170177,0.0,2573.48
Bumper,minor,0.0258,0.9556,0.902,0.0,1569.4792586039496,1706.3779975143627,3275.86
Light,severe,0.4503,0.7175,0.4043,8717.322621595918,1774.6280340605826,0.0,10491.95
Trunk,minor,0.0512,0.7342,0.8161,0.0,2354.362241624674,2565.985674524381,4920.35
Door,moderate,0.3941,0.7047,0.4399,0.0,4326.703330181953,5490.701258374781,9817.4
Headlight,minor,0.0688,0.6629,0.6916,0.0,613.2875418374813,0.0,800.0
Windshield,severe,0.6569,0.5706,0.4964,6704.324981202363,2437.7441997166165,0.0,9142.07
Hood,minor,0.01,0.5161,0.9576,0.0,2120.311636519996,1923.8842747686472,4044.2
Light,minor,0.0349,0.677,0.4157,3175.9834203277605,1304.2805723141907,0.0,4480.26
Hood,moderate,0.2752,0.8662,0.6827,0.0,3879.4077274913384,3719.1070668935395,7598.51
Hood,severe,0.4661,0.7573,0.5639,0.0,4319.8426048685205,3656.2928316454604,7976.14
Windshield,severe,0.7032,0.4894,0.4669,7525.5066885155165,2701.0987130906565,0.0,10226.61
Fender,minor,0.0992,0.8797,0.9501,0.0,2698.6674212080857,2156.467795441548,4855.14
Headlight,moderate,0.309,0.563,0.903,0.0,1594.031950077268,0.0,1594.03
Light,moderate,0.2647,0.7141,0.7499,0.0,1099.4848382640482,0.0,1099.48
Bumper,minor,0.0407,0.9247,0.4168,0.0,1490.5728231570693,2125.563486627692,3616.14
Bumper,moderate,0.1899,0.5689,0.6926,0.0,2504.32994922334,2588.729308714771,5093.06
Headlight,minor,0.0358,0.9124,0.5416,0.0,688.7506980335921,0.0,800.0
Trunk,moderate,0.203,0.5793,0.9607,0.0,2188.73548530352,3613.0621175526135,5801.8
Door,moderate,0.4459,0.5134,0.5336,0.0,4609.675714443077,3519.7450152282245,8129.42
Headlight,minor,0.0543,0.5519,0.5795,0.0,813.5750943797073,0.0,813.58
Hood,moderate,0.2622,0.7129,0.4045,0.0,3328.58929883234,2556.887507827662,5885.48
Fender,moderate,0.4017,0.5653,0.4776,0.0,4695.389174074451,3320.9175696555603,8016.31
Fender,minor,0.0491,0.853,0.819,0.0,3050.0842051633344,1656.8519443917653,4706.94
Bumper,minor,0.027,0.4861,0.5838,0.0,2533.6088148649155,2379.0613958965323,4912.67
Headlight,minor,0.0243,0.7869,0.9759,0.0,1001.1251018110958,0.0,1001.13
Windshield,moderate,0.2358,0.6866,0.8217,10467.775025173272,2413.2285673442993,0.0,12881.0
Hood,severe,0.771,0.8328,0.501,11862.354482213566,4142.767597979192,6906.005301478616,22911.13
Fender,moderate,0.4999,0.7172,0.5872,0.0,3082.250196915949,4345.486168739126,7427.74
Fender,moderate,0.1,0.7831,0.6544,0.0,2101.2825830078996,3198.344959798373,5299.63
Bumper,severe,0.6723,0.6806,0.5697,7144.767058643932,3401.0321092249355,5095.689646222618,15641.49
Fender,minor,0.0416,0.6809,0.4749,0.0,2145.1318172179963,2837.517535733995,4982.65
Hood,moderate,0.2302,0.9498,0.754,10104.97824296591,2072.6420716836046,2834.5549721747852,15012.18
Headlight,moderate,0.5,0.8682,0.7497,0.0,1191.3987833340716,0.0,1191.4
Door,minor,0.058,0.8856,0.7749,0.0,4036.9201723663296,2400.1406586469866,6437.06
Bumper,moderate,0.1,0.7641,0.8785,0.0,1685.4008844811412,1838.3807976089586,3523.78
Bumper,moderate,0.2765,0.9655,0.6088,0.0,2579.6577179573283,2738.935751379937,5318.59
Fender,moderate,0.3073,0.4563,0.481,0.0,2669.541251320709,2979.2188187357306,5648.76
Headlight,severe,0.7092,0.6733,0.8865,7592.088992112168,1136.8486301598662,0.0,8728.94
Door,minor,0.1079,0.771,0.7665,0.0,3659.3600995048846,2029.8522159175006,5689.21
Windshield,moderate,0.1895,0.4802,0.7409,9654.500802894323,1953.0707567244592,0.0,11607.57
Trunk,minor,0.0204,0.6836,0.551,0.0,2772.0634221738965,2246.325280336886,5018.39
Hood,moderate,0.2564,0.8084,0.898,0.0,2209.6794424641907,2792.3418150077887,5002.02
Bumper,minor,0.01,0.8789,0.7902,0.0,1222.9064346260557,2495.6576084272297,3718.56
Hood,severe,0.6263,0.8275,0.502,13712.317174987924,3993.986914218776,6132.565881846593,23838.87
Light,moderate,0.2477,0.5843,0.9191,10631.181130577515,2047.465118062295,0.0,12678.65
Headlight,moderate,0.1867,0.9716,0.5695,0.0,991.8057315900628,0.0,991.81
Headlight,severe,0.3502,0.7392,0.7967,4878.458968369867,1806.0162507829084,0.0,6684.48
Trunk,moderate,0.2208,0.8717,0.482,10686.859234197249,2223.689737635937,2566.828504290999,15477.38
Light,moderate,0.3223,0.6439,0.533,0.0,939.7033381880032,0.0,939.7
Hood,moderate,0.2997,0.8912,0.9751,0.0,2837.6131731393175,3816.824996353446,6654.44
Windshield,minor,0.0496,0.5685,0.8971,0.0,1217.1912178227042,0.0,1217.19
Fender,minor,0.0436,0.9486,0.5014,0.0,2508.942794876457,2404.131591075484,4913.07
Windshield,minor,0.0356,0.6173,0.859,0.0,1093.0736649232433,0.0,1093.07
Headlight,minor,0.1188,0.6648,0.7457,0.0,1536.1747552428587,0.0,1536.17
Trunk,minor,0.0746,0.5755,0.4487,0.0,2722.363656575093,2067.5789630853274,4789.94
Fender,moderate,0.2658,0.8825,0.6194,7570.793299216159,3185.14775438438,2717.3061622596615,13473.25
Light,minor,0.01,0.4598,0.4833,0.0,1082.2275091403737,0.0,1082.23
Hood,minor,0.01,0.8379,0.5009,0.0,2181.108667918679,2614.578195953709,4795.69
Bumper,moderate,0.1413,0.6569,0.9168,0.0,1577.0638811364092,2851.3740920416312,4428.44
Hood,moderate,0.25,0.913,0.5372,0.0,2428.5900664267574,2321.2655263877414,4749.86
Fender,minor,0.0626,0.4601,0.8001,0.0,2170.109498766705,2468.5036870493523,4638.61
Door,minor,0.0163,0.6846,0.8247,0.0,2749.871795819191,1719.203459955964,4469.08
Headlight,severe,0.4267,0.4655,0.7139,7097.559005247482,1091.0114720005693,0.0,8188.57
Bumper,moderate,0.208,0.9359,0.8645,7730.057362895587,1949.887838571968,4159.759316018451,13839.7
Light,minor,0.0974,0.6955,0.6824,0.0,947.1991556378797,0.0,947.2
Hood,moderate,0.3178,0.8623,0.5279,0.0,3197.0345675766025,3057.6064496787853,6254.64
Headlight,moderate,0.2176,0.6124,0.9581,0.0,1380.3632281653925,0.0,1380.36
Door,minor,0.0476,0.6254,0.544,0.0,3645.2234037151907,2009.0198182240113,5654.24
Trunk,minor,0.0546,0.644,0.4601,0.0,2242.995374360604,2098.874038676946,4341.87
Trunk,minor,0.0503,0.8687,0.7574,0.0,2214.653556437918,2312.0445819796023,4526.7
Bumper,minor,0.0737,0.4697,0.4468,0.0,1166.3056583270743,2885.3924591980463,4051.7
Bumper,severe,0.6395,0.6032,0.9523,9043.575616583754,4414.396971571865,7623.455163124251,21081.43
Door,moderate,0.2881,0.4576,0.4287,10803.285805050504,4243.965408264086,4102.628342801007,19149.88
Windshield,severe,0.5849,0.7167,0.8438,8041.706477442537,3236.4010190280537,0.0,11278.11
Light,minor,0.0545,0.8541,0.7393,0.0,1202.5149216192394,0.0,1202.51
Headlight,minor,0.0896,0.8493,0.4768,0.0,1512.4276303913057,0.0,1512.43
Fender,moderate,0.1915,0.504,0.4092,3162.04456238281,2900.2999640965713,3726.1566633323173,9788.5
Fender,moderate,0.3271,0.5172,0.9026,6577.455596446034,3085.6006441200166,4871.654802061232,14534.71
Fender,minor,0.0376,0.7015,0.6097,0.0,2274.0525899654413,2030.6706469907092,4304.72
Fender,moderate,0.1,0.6639,0.5933,7226.986159619901,2870.8382042936073,2903.8425706298513,13001.67
Windshield,moderate,0.3135,0.5404,0.6595,0.0,3187.0481345455423,0.0,3187.05
Bumper,minor,0.1217,0.65,0.5498,0.0,1976.044888060227,3006.6180735131147,4982.66
Bumper,moderate,0.3453,0.9361,0.7384,7642.618106828922,2250.5425371652086,4771.36747866366,14664.53
Windshield,severe,0.4614,0.5171,0.5035,10718.714858426722,2926.111594587892,0.0,13644.83
Trunk,minor,0.0972,0.4702,0.8226,0.0,2045.6314554315588,3060.917093573751,5106.55
Light,minor,0.0667,0.7202,0.574,0.0,1685.59982852739,0.0,1685.6
Hood,moderate,0.1427,0.5094,0.8927,0.0,2555.702179755863,3269.589687191487,5825.29
Door,moderate,0.3099,0.7813,0.9488,8177.424994487087,4656.74568783218,4383.460628019101,17217.63
Headlight,moderate,0.3046,0.8028,0.6862,0.0,1252.3493473422077,0.0,1252.35
Hood,minor,0.0262,0.4796,0.4825,0.0,1931.6752805352712,2562.7791852406112,4494.45
Bumper,moderate,0.1668,0.7191,0.6895,9446.870853347466,1295.3801791595235,3893.117397855866,14635.37
Light,severe,0.389,0.8196,0.7728,9479.185791800599,1631.0693860307044,0.0,11110.26
Fender,severe,0.608,0.921,0.8017,6584.205993819111,5693.78485761481,6009.482176564471,18287.47
Hood,minor,0.0791,0.8732,0.8102,0.0,1931.6067148290056,1987.6917011836902,3919.3
Hood,severe,0.5262,0.7156,0.6226,17658.446074600044,3082.524160208602,3833.925942009758,24574.9
Fender,severe,0.5803,0.8425,0.839,6778.66672755574,4080.582859227496,6677.564503460848,17536.81
Fender,minor,0.0536,0.9363,0.7904,0.0,2075.47750205882,1528.340276327777,3603.82
Light,minor,0.0239,0.7155,0.9692,0.0,799.9948874868502,0.0,800.0
Door,minor,0.0859,0.9002,0.7139,0.0,3857.0821185465625,2983.840366521806,6840.92
Windshield,moderate,0.3745,0.679,0.9606,0.0,2379.4730033987616,0.0,2379.47
Fender,minor,0.0177,0.7845,0.4949,0.0,2285.3227826144926,1292.4827892828132,3577.81
Trunk,moderate,0.3536,0.5928,0.561,12581.015786821752,3443.609442958046,5082.815014662873,21107.44
Hood,minor,0.01,0.6844,0.7878,0.0,2047.6131005682414,1859.3128883493778,3906.93
Bumper,moderate,0.3114,0.5789,0.832,0.0,1699.9628168722422,4303.4573805880145,6003.42
Trunk,moderate,0.2849,0.9101,0.6402,0.0,3827.436103569646,4476.004234636771,8303.44
Trunk,moderate,0.2729,0.9633,0.7135,0.0,3215.418554374136,3266.9156520018487,6482.33
Bumper,severe,0.4478,0.7169,0.4349,8977.357501259323,3175.895024491938,5253.843289560771,17407.1
Fender,moderate,0.1842,0.963,0.9161,6970.380211868733,3713.260752213045,3001.4597337010196,13685.1
Windshield,minor,0.0813,0.8916,0.6475,0.0,1687.3522128407676,0.0,1687.35
Trunk,moderate,0.3862,0.6835,0.897,0.0,4323.850510363973,3576.2672894841785,7900.12
Bumper,moderate,0.2876,0.8465,0.5208,0.0,2314.8775524819557,2610.316747429507,4925.19
Hood,severe,0.8013,0.9738,0.6699,12556.46038674301,5150.467663380967,6431.152291941123,24138.08
Door,minor,0.0233,0.5836,0.6847,0.0,2765.346235337409,2332.5717556905297,5097.92
Windshield,moderate,0.2694,0.5925,0.4122,0.0,1742.1183174022876,0.0,1742.12
Door,moderate,0.21,0.5002,0.4191,0.0,3662.394967279717,2389.37589778681,6051.77
Headlight,severe,0.5491,0.8136,0.9503,8278.063760451838,1461.8656925503276,0.0,9739.93
Fender,moderate,0.3291,0.7399,0.777,4065.521524707977,3938.080815325187,4949.261486415556,12952.86
Hood,moderate,0.2955,0.5533,0.685,14175.61305180012,2709.393708414587,3173.813777432354,20058.82
Fender,moderate,0.2186,0.668,0.4842,3254.870936377303,3149.698918915481,3328.6306507071718,9733.2
Fender,moderate,0.2814,0.935,0.8956,3117.9316707788134,3468.8538198983965,3087.2599734355786,9674.05
Fender,severe,0.653,0.8407,0.7638,3625.192339056887,4531.285109980304,6397.916393781766,14554.39
Windshield,moderate,0.2223,0.8961,0.7217,5833.149105721258,2773.5670207981534,0.0,8606.72
Light,minor,0.0171,0.7804,0.9629,0.0,1071.5704344849698,0.0,1071.57
Bumper,severe,0.4976,0.6271,0.7027,6972.835246193234,1789.6832514183775,5013.909434936715,13776.43
Hood,minor,0.0632,0.5507,0.8749,12530.356414980643,2757.0090772422127,2666.3781327927113,17953.74
Windshield,moderate,0.1,0.4913,0.8099,7272.273597178953,2277.427359149081,0.0,9549.7
Trunk,minor,0.07,0.63,0.817,0.0,2934.6639989196146,2800.677097749034,5735.34
Windshield,minor,0.0442,0.847,0.5579,0.0,1743.1486566277147,0.0,1743.15
Light,minor,0.0591,0.7016,0.5499,0.0,1458.6304344503071,0.0,1458.63
Hood,moderate,0.2703,0.504,0.8225,0.0,3293.6503828587347,3339.462174865136,6633.11
Trunk,moderate,0.1156,0.4877,0.6005,14954.55594303558,3302.8407530666013,2807.2883001745345,21064.68
Fender,moderate,0.2153,0.9306,0.7407,0.0,3327.352701093296,3116.3544249355136,6443.71
Bumper,moderate,0.1403,0.5505,0.9175,0.0,1314.4277309068839,3093.197352754413,4407.63
Fender,minor,0.0714,0.6199,0.4783,0.0,1976.8071066373639,1901.7266186567929,3878.53
Door,moderate,0.3634,0.5979,0.7749,14746.091666980477,3753.4338294317176,3672.2342270698714,22171.76
Hood,minor,0.0344,0.7296,0.7802,0.0,2459.3205031929233,2406.3826629579416,4865.7
Bumper,moderate,0.2513,0.8756,0.6409,0.0,1735.4487026765582,4284.278013341393,6019.73
Fender,severe,0.5437,0.8451,0.6198,7118.559261852722,3962.798454921295,5020.948661107443,16102.31
Bumper,moderate,0.2869,0.5191,0.4073,5465.273050455555,1883.7344598706054,3036.756121681176,10385.76
Light,minor,0.063,0.8886,0.648,0.0,718.0985947548189,0.0,800.0
Bumper,moderate,0.363,0.8257,0.5032,0.0,1480.58018732783,4267.015466620048,5747.6
Windshield,minor,0.0547,0.7029,0.9768,0.0,1516.8406489612307,0.0,1516.84
Windshield,moderate,0.1919,0.5441,0.9308,0.0,1447.6202717804767,0.0,1447.62
Bumper,minor,0.0602,0.9668,0.5347,0.0,1559.5357681588202,2449.3870068222172,4008.92
Headlight,minor,0.0529,0.458,0.5814,0.0,975.8147866374591,0.0,975.81
Fender,minor,0.01,0.9475,0.867,0.0,2441.576813617065,2150.7867507113247,4592.36
Trunk,moderate,0.1,0.5285,0.4572,10319.907585312965,3319.9282422731094,2002.1559395043662,15641.99
Light,minor,0.022,0.6759,0.5935,0.0,1027.238259110781,0.0,1027.24
Door,minor,0.0815,0.8741,0.9406,0.0,3252.380408719398,3406.8434078604246,6659.22
Fender,severe,0.6854,0.4972,0.6967,7304.008516130783,3642.5274339435546,6140.926951045573,17087.46
Trunk,severe,0.4077,0.7227,0.592,15644.271042927054,3449.1964412987822,5091.4852775013505,24184.95
Headlight,moderate,0.1,0.9315,0.8531,0.0,821.4726809823915,0.0,821.47
Bumper,minor,0.102,0.574,0.5164,0.0,1997.1591954614926,2538.0856209318363,4535.24
Headlight,minor,0.0518,0.7786,0.5973,0.0,1203.4960176560076,0.0,1203.5
Trunk,minor,0.01,0.9029,0.4028,0.0,1417.7826860840216,1577.362898136656,2995.15
Light,minor,0.0473,0.9429,0.6225,0.0,1206.2344863469007,0.0,1206.23
Fender,moderate,0.2637,0.6388,0.559,0.0,4001.9257587017164,4217.8479083400925,8219.77
Light,severe,0.8113,0.5416,0.62,6360.6764261760145,2757.463500752153,0.0,9118.14
Door,moderate,0.2324,0.8327,0.8999,0.0,3603.806108798901,3340.028507613438,6943.83
Fender,minor,0.0559,0.7139,0.5798,0.0,2704.824737171877,2552.067636619439,5256.89
Fender,moderate,0.2338,0.5788,0.9269,4639.61467046569,4209.725895981809,3128.0311335661563,11977.37
Hood,minor,0.0504,0.7316,0.6318,0.0,2610.144518047439,2963.4388803614806,5573.58
Door,severe,0.5674,0.7906,0.8929,13209.69389988437,4818.795437654949,5332.278375760212,23360.77
Hood,moderate,0.3531,0.9455,0.8843,0.0,3354.043025610222,3215.2590827519825,6569.3
Fender,moderate,0.1994,0.6644,0.6643,0.0,2282.284254484689,4062.2478271387286,6344.53
Fender,minor,0.0853,0.6497,0.7095,0.0,2316.1803334565925,2752.901564750031,5069.08
Windshield,minor,0.0156,0.9283,0.4425,5576.589037684669,1473.3833793533756,0.0,7049.97
Trunk,moderate,0.3302,0.4712,0.9709,0.0,4213.4884957397935,4551.4546865637785,8764.94
Bumper,minor,0.0727,0.591,0.7427,0.0,2014.771279699357,3483.3124243547095,5498.08
Door,moderate,0.116,0.9155,0.7058,13134.788264361649,2714.572718755689,2989.871997088585,18839.23
Door,moderate,0.2221,0.6004,0.6532,0.0,3688.3306972122136,2557.2998793063666,6245.63
Windshield,minor,0.01,0.6435,0.6508,0.0,1459.967258913277,0.0,1459.97
Hood,severe,0.6966,0.6938,0.5727,15663.631783198656,4823.685530172651,6160.938868568484,26648.26
Door,minor,0.0324,0.8153,0.4737,0.0,2228.3178020307055,2034.4030281882387,4262.72
Hood,minor,0.0773,0.5513,0.5814,0.0,3633.1009185027124,2689.4751742484705,6322.58
Headlight,minor,0.0355,0.6663,0.5109,0.0,1098.034052420098,0.0,1098.03
Hood,moderate,0.1396,0.4937,0.8441,15582.704583055442,2390.098656231612,3332.671134001533,21305.47
Light,minor,0.0138,0.536,0.6821,0.0,854.2276423955873,0.0,854.23
Fender,severe,0.7292,0.718,0.4447,5491.158756340201,5011.925796157993,5700.552816779751,16203.64
Trunk,moderate,0.3242,0.6167,0.737,18841.42423918049,3936.4416959856917,3438.7793205043536,26216.65
Fender,minor,0.05,0.9296,0.8744,0.0,2769.1510032044944,1708.442938852978,4477.59
Door,minor,0.0837,0.7158,0.5355,0.0,3397.3620688955075,2756.5706700385517,6153.93
Hood,minor,0.0453,0.5099,0.8393,0.0,1775.608195418226,2178.5163835169396,3954.12
Bumper,minor,0.01,0.6456,0.4786,0.0,1481.2955319635619,2751.7729096229004,4233.07
Fender,minor,0.0427,0.9122,0.4413,0.0,3114.786965787743,2514.845919075171,5629.63
Light,minor,0.0648,0.9514,0.5419,0.0,1456.4954228505346,0.0,1456.5
Door,moderate,0.2646,0.9204,0.6134,0.0,4352.869205507135,2578.9576785542795,6931.83
Bumper,moderate,0.363,0.7319,0.565,0.0,2831.5835576391814,4108.219969726917,6939.8
Light,minor,0.1329,0.7831,0.6291,0.0,1283.3063512939104,0.0,1283.31
Bumper,minor,0.01,0.8771,0.446,7806.9486838286675,1722.3997010322166,1447.4754715327883,10976.82
Headlight,minor,0.01,0.488,0.7827,0.0,537.0559378791522,0.0,800.0
Windshield,minor,0.01,0.78,0.5205,0.0,1501.1353075810207,0.0,1501.14
Light,severe,0.304,0.9248,0.7788,0.0,908.7293216811972,0.0,908.73
Door,minor,0.0704,0.9343,0.8831,0.0,3414.165546691114,1754.596939268051,5168.76
Bumper,moderate,0.1405,0.7716,0.4696,0.0,1796.9739128955666,2544.629003329434,4341.6
Trunk,severe,0.554,0.8412,0.5097,13024.945353562285,3503.667728044048,5194.597715640887,21723.21
Light,moderate,0.1166,0.9591,0.4827,4040.8728956988457,1412.2471006851572,0.0,5453.12
Hood,minor,0.0569,0.8245,0.9456,0.0,2359.4698242031805,2045.3210132350519,4404.79
Windshield,moderate,0.1539,0.6567,0.5128,0.0,1774.4994818254756,0.0,1774.5
Trunk,minor,0.0659,0.5027,0.7504,0.0,2183.931608696038,3028.940677361983,5212.87
Bumper,minor,0.0372,0.7573,0.759,0.0,2173.018277885332,2529.018155493606,4702.04
Headlight,minor,0.0186,0.8794,0.7112,0.0,748.9341973647671,0.0,800.0
Hood,moderate,0.2237,0.7601,0.6976,14432.600672634802,2613.724019900963,3559.1583636428795,20605.48
Door,severe,0.6332,0.738,0.5768,11580.92814515665,5875.432111938893,5611.190989813747,23067.55
Windshield,minor,0.0582,0.7294,0.8259,0.0,2020.0578156230563,0.0,2020.06
Fender,moderate,0.1601,0.9253,0.5222,0.0,2364.150304157623,2028.5890618221267,4392.74
Windshield,minor,0.0419,0.5392,0.8835,0.0,2287.9159860779346,0.0,2287.92
Headlight,moderate,0.4,0.7721,0.6347,0.0,2012.0883688727006,0.0,2012.09
Windshield,minor,0.0363,0.82,0.569,0.0,2455.8356433066197,0.0,2455.84
Windshield,minor,0.0533,0.4568,0.9055,0.0,1772.305806259145,0.0,1772.31
Door,minor,0.0508,0.9184,0.9413,0.0,2996.723611344184,3241.845348788705,6238.57
Headlight,minor,0.0484,0.9007,0.5235,0.0,1120.8249589920472,0.0,1120.82
Trunk,moderate,0.2984,0.5485,0.5301,15533.985131984802,3168.8654857367005,4235.940099339711,22938.79
Windshield,minor,0.0502,0.8671,0.4327,0.0,1928.7839156106747,0.0,1928.78
Door,moderate,0.2825,0.5943,0.6228,0.0,4855.318330909303,3182.4002558134243,8037.72
Bumper,minor,0.0533,0.6587,0.5113,0.0,1900.6981432157847,2554.121250375958,4454.82
Fender,moderate,0.4028,0.7535,0.6903,0.0,3195.060163083792,4541.261084015124,7736.32
Trunk,moderate,0.1995,0.8398,0.785,0.0,2440.9235117274757,3608.3422717849403,6049.27
Trunk,minor,0.0259,0.7798,0.8099,0.0,1698.8438614669146,2841.339508569986,4540.18
Trunk,minor,0.01,0.659,0.4007,0.0,2675.5886991703014,2660.1756214973866,5335.76
Bumper,moderate,0.1,0.9787,0.9144,9742.311712425004,1666.582674588847,2881.70380207575,14290.6
Light,minor,0.0434,0.9291,0.5857,11202.343782391696,859.4951754733987,0.0,12061.84
Bumper,severe,0.663,0.7884,0.4293,8133.812143501608,2812.2137103755094,5822.503096388301,16768.53
Windshield,severe,0.6449,0.7948,0.916,11447.642108703887,3406.9949044347927,0.0,14854.64
Bumper,moderate,0.2689,0.5182,0.7231,7712.361425144838,3403.61843856983,3555.7757154218025,14671.76
Fender,moderate,0.1547,0.6194,0.7432,5387.880324437235,2402.811035930305,2144.9687966789465,9935.66
Trunk,minor,0.055,0.9005,0.8212,0.0,2190.4414271626056,1618.2465401268842,3808.69
Headlight,moderate,0.3448,0.9116,0.5986,0.0,1272.8492359285885,0.0,1272.85
Windshield,minor,0.0503,0.5414,0.7362,0.0,1790.3395889584883,0.0,1790.34
Headlight,moderate,0.2831,0.4883,0.911,9528.66191305503,1886.343357398721,0.0,11415.01
Door,severe,0.4481,0.747,0.803,14501.433357090451,4476.967759464456,3365.0820949300205,22343.48
Headlight,minor,0.0567,0.6444,0.5375,0.0,876.6769745808583,0.0,876.68
Light,moderate,0.1707,0.7505,0.9384,0.0,939.154970507668,0.0,939.15
Light,minor,0.063,0.4504,0.8699,0.0,934.9936207634513,0.0,934.99
Trunk,severe,0.7065,0.65,0.658,13565.567995712563,4227.540945025689,8110.7820402193975,25903.89
Hood,moderate,0.5,0.8466,0.552,14161.306612522505,3096.8842286444615,4917.151293823804,22175.34
Windshield,moderate,0.2205,0.8676,0.8874,9912.723516101192,2865.9433659362658,0.0,12778.67
Windshield,moderate,0.2536,0.4636,0.5978,0.0,1770.7071620313984,0.0,1770.71
Headlight,moderate,0.3225,0.6618,0.8944,0.0,1465.7791961627663,0.0,1465.78
Windshield,minor,0.0468,0.8354,0.4004,0.0,1522.9361085656017,0.0,1522.94
Light,severe,0.4523,0.9751,0.5436,9835.196512341377,1477.8803115917253,0.0,11313.08
Fender,minor,0.0671,0.5844,0.9455,4059.075109328818,1680.8052907717633,1938.2234207242163,7678.1
Windshield,minor,0.0639,0.5476,0.6534,0.0,2198.955734295214,0.0,2198.96
Hood,minor,0.054,0.771,0.8013,0.0,1751.5687115473795,2712.6912624532906,4464.26
Bumper,moderate,0.1048,0.4677,0.9294,0.0,1906.5380961460355,3530.30025400151,5436.84
Bumper,minor,0.0353,0.5726,0.4791,0.0,1453.4643013743641,2128.0562022309573,3581.52
Door,moderate,0.1,0.8471,0.5907,8905.156822438166,3196.6173564941682,3586.9706555875346,15688.74
Bumper,moderate,0.394,0.6923,0.7188,0.0,1985.3886971341583,3849.3064435302913,5834.7
Hood,moderate,0.4252,0.8251,0.6801,18702.98360583381,3249.4610223959116,3912.5212757540908,25864.97
Headlight,moderate,0.2456,0.5926,0.8658,0.0,1556.2349386891644,0.0,1556.23
Hood,minor,0.0165,0.8103,0.7532,0.0,2840.708367269419,2214.899893702865,5055.61
Bumper,moderate,0.1476,0.9484,0.5512,4881.18021692049,1651.9507307566146,2578.013655708265,9111.14
Bumper,minor,0.0269,0.51,0.6038,0.0,1234.9397684752614,2618.7380467912726,3853.68
Windshield,minor,0.0573,0.6521,0.4817,0.0,1696.793010466654,0.0,1696.79
Light,severe,0.6941,0.9343,0.9104,4801.2608631443345,1419.5874210517975,0.0,6220.85
Headlight,minor,0.0834,0.4664,0.5594,10841.113172106687,946.8942483040717,0.0,11788.01
Light,moderate,0.2299,0.5934,0.8667,3263.7578027031072,1416.6747735272745,0.0,4680.43
Windshield,minor,0.0396,0.6902,0.8595,0.0,1866.9582573300331,0.0,1866.96
Windshield,minor,0.0671,0.605,0.8091,0.0,2145.88911303442,0.0,2145.89
Bumper,moderate,0.2757,0.5864,0.8022,0.0,2826.5233660033045,4167.2539601615845,6993.78
Door,minor,0.0775,0.8332,0.5196,0.0,3306.550231096829,2016.7808356505705,5323.33
Headlight,severe,0.6693,0.728,0.8675,7131.318667614347,1321.0565530728968,0.0,8452.38
Trunk,moderate,0.3742,0.478,0.665,0.0,4399.008875584119,3805.4751739127723,8204.48
Fender,minor,0.0346,0.5235,0.4738,0.0,1504.7714203384032,2797.135385127961,4301.91
Bumper,moderate,0.2751,0.515,0.6514,0.0,1711.8629443993063,4474.277033390466,6186.14
Headlight,minor,0.0703,0.7525,0.6526,0.0,1025.478698900103,0.0,1025.48
Fender,moderate,0.2297,0.8622,0.8285,6273.7025185283865,3894.4348795269843,3243.3903416045064,13411.53
Bumper,moderate,0.1982,0.685,0.7398,0.0,2847.535800139006,2833.697428240296,5681.23
Light,minor,0.0677,0.8544,0.624,0.0,796.1213577757832,0.0,800.0
Door,severe,0.5615,0.9661,0.7848,9897.622532374018,5054.993392336521,5550.565581907527,20503.18
Light,minor,0.024,0.972,0.4167,0.0,1337.8812680096198,0.0,1337.88
Headlight,minor,0.0833,0.7725,0.9631,0.0,1582.2595403420692,0.0,1582.26
Windshield,moderate,0.2097,0.6635,0.421,0.0,1961.8279498256281,0.0,1961.83
Light,severe,0.4831,0.8866,0.4598,5449.422262641256,2290.062043698394,0.0,7739.48
Trunk,minor,0.0499,0.8326,0.9439,0.0,2554.411294787718,2373.909122894535,4928.32
Light,minor,0.1064,0.8754,0.6821,0.0,1188.4937353919593,0.0,1188.49
Headlight,moderate,0.2146,0.9752,0.7037,10217.309736860683,981.5760170641818,0.0,11198.89
Bumper,severe,0.5562,0.6178,0.7928,5984.685202515126,3337.4652743003758,4809.890294023114,14132.04
Windshield,moderate,0.4321,0.9518,0.6712,12140.55814312501,1961.8617296491907,0.0,14102.42
Headlight,minor,0.0699,0.7185,0.7264,0.0,592.1403860824494,0.0,800.0
Fender,severe,0.6464,0.8536,0.6456,3562.4180523410387,3913.5213956471625,6443.1533936252645,13919.09
Hood,minor,0.0549,0.8701,0.7649,0.0,2536.65312814214,2010.785108232625,4547.44
Fender,minor,0.0856,0.6571,0.8587,0.0,2893.073653966457,1907.7648269135825,4800.84
Hood,severe,0.4095,0.8706,0.4496,14238.271248239751,4049.949082907146,5497.786134022212,23786.01
Headlight,moderate,0.3394,0.7122,0.4776,0.0,2078.4910742079937,0.0,2078.49
Windshield,moderate,0.1,0.6278,0.9661,0.0,1458.5504978525105,0.0,1458.55
Trunk,moderate,0.3039,0.4994,0.7021,17044.362066846435,3391.0542350171136,5105.050770612689,25540.47
Hood,severe,0.6845,0.5639,0.4234,16029.169730780417,3078.986853778413,7703.957547112923,26812.11
Hood,moderate,0.3,0.4917,0.4997,0.0,4411.759417005299,4426.346524936356,8838.11
Headlight,moderate,0.376,0.5167,0.9238,8459.85300268746,1272.6109717998256,0.0,9732.46
Hood,severe,0.4457,0.5367,0.4725,12752.918093292134,3416.7934055652067,4021.063733507788,20190.78
Trunk,moderate,0.2303,0.8899,0.4286,0.0,3376.6760705556376,2744.0462447464765,6120.72
Bumper,moderate,0.3136,0.4555,0.7632,10287.662363475165,2705.095274648504,3718.1460972645136,16710.9
Hood,moderate,0.3001,0.6604,0.8313,0.0,2914.6453098230095,2988.247541863238,5902.89
Door,moderate,0.1463,0.8897,0.7262,0.0,3249.3223779883706,2169.744283502472,5419.07
Light,severe,0.456,0.8293,0.8571,7669.657564234343,1244.6153392872718,0.0,8914.27
Door,moderate,0.1157,0.8912,0.8935,0.0,3405.2191712885583,2983.6205468898065,6388.84
Windshield,minor,0.0245,0.6897,0.4774,0.0,1552.9157071577915,0.0,1552.92
Hood,severe,0.4622,0.5922,0.8048,14088.796640343307,3556.202576772702,5660.295832624941,23305.3
Windshield,minor,0.035,0.9596,0.5431,0.0,2104.629372419988,0.0,2104.63
Door,minor,0.0769,0.5885,0.9713,0.0,2277.2368814003767,2602.692557348255,4879.93
Trunk,minor,0.0862,0.5251,0.7728,0.0,1959.4309101543329,3254.4596608587267,5213.89
Door,severe,0.6982,0.774,0.9592,14519.161456098795,4793.492021520823,6112.298643816864,25424.95
Headlight,minor,0.0261,0.4952,0.7771,0.0,777.0355526150389,0.0,800.0
Windshield,minor,0.0432,0.8549,0.4105,0.0,1317.8745567754938,0.0,1317.87
Fender,minor,0.01,0.977,0.7223,0.0,1921.7831521696296,2991.9728238324474,4913.76
Headlight,minor,0.0547,0.5117,0.6089,0.0,1325.362443335515,0.0,1325.36
Trunk,minor,0.0821,0.9566,0.9355,0.0,2536.112293876492,2456.8010929303664,4992.91
Hood,minor,0.0488,0.6576,0.7607,0.0,2048.0524603418485,2305.7391714803534,4353.79
Bumper,severe,0.4119,0.6995,0.9093,7083.683690394329,2718.1361948563754,5271.649456658331,15073.47
Trunk,severe,0.3443,0.4849,0.4969,17961.947067230663,4632.222032343017,3096.9231896503193,25691.09
Fender,moderate,0.3482,0.9174,0.6815,5575.239135269766,4409.271647161358,5057.3781243047415,15041.89
Headlight,minor,0.01,0.5988,0.9796,0.0,817.9284993721919,0.0,817.93
Light,moderate,0.237,0.5674,0.6689,6428.05643685678,939.7209579461627,0.0,7367.78
Headlight,minor,0.0701,0.7974,0.405,0.0,770.0747058286378,0.0,800.0
Door,moderate,0.3121,0.6893,0.6367,12142.34832377557,4908.141575662336,3201.6062107837984,20252.1
Headlight,minor,0.0135,0.6591,0.9691,0.0,1065.5567051747473,0.0,1065.56
Fender,minor,0.0487,0.7704,0.5607,3807.4390998174913,3356.95150481117,1556.2181916782542,8720.61
Hood,minor,0.015,0.9519,0.6928,0.0,2582.2189538042253,2647.6334916972787,5229.85
Door,moderate,0.1,0.6833,0.4529,0.0,2920.110972408725,2247.8726907122305,5167.98
Hood,moderate,0.3714,0.6592,0.9529,0.0,2737.946299423783,4754.624133525339,7492.57
Fender,moderate,0.3185,0.5441,0.5463,0.0,3324.1323232872683,4349.445167551431,7673.58
Light,minor,0.052,0.5287,0.6313,0.0,772.4321640247697,0.0,800.0
Headlight,minor,0.01,0.6173,0.4504,0.0,1102.3277841470522,0.0,1102.33
Windshield,moderate,0.2058,0.4835,0.9298,0.0,1769.4126735966963,0.0,1769.41
Hood,moderate,0.2522,0.8443,0.6919,0.0,2501.4747460341764,3057.100187376413,5558.57
Light,minor,0.053,0.4668,0.5499,0.0,1036.220719932767,0.0,1036.22
Trunk,moderate,0.4768,0.5638,0.6065,17201.80155240003,3536.628012001212,4413.32090118405,25151.75
Hood,moderate,0.2867,0.6758,0.5668,0.0,2744.4692222501894,3125.546457998748,5870.02
Door,moderate,0.2084,0.5155,0.4586,0.0,3124.180253702271,2741.79586964042,5865.98
Fender,moderate,0.3099,0.8404,0.4659,0.0,3025.2627774465695,3517.49163051955,6542.75
Light,moderate,0.1846,0.6612,0.4987,0.0,1318.2975642146987,0.0,1318.3
Windshield,severe,0.5169,0.6362,0.8709,9493.647087514382,2899.3168245471084,0.0,12392.96
Hood,minor,0.0497,0.8041,0.9196,0.0,2546.976733739067,1915.0210550593201,4462.0
Bumper,moderate,0.1037,0.6297,0.4852,3855.6410754700573,2108.827239522797,2593.3288434444157,8557.8
Light,moderate,0.3799,0.5576,0.6331,0.0,1577.667245480385,0.0,1577.67
Door,minor,0.01,0.6098,0.9615,0.0,2311.638909252831,2121.1776177649176,4432.82
Headlight,severe,0.7304,0.6677,0.8178,8431.485563827777,1613.2778295225503,0.0,10044.76
Light,moderate,0.1258,0.4544,0.4479,9774.935326541867,1455.9802334846895,0.0,11230.92
Hood,moderate,0.3583,0.4654,0.8001,0.0,3830.1629320594293,3167.165474815125,6997.33
Hood,moderate,0.1639,0.8913,0.5165,0.0,3615.7998394135852,3711.674498057599,7327.47
Hood,moderate,0.2735,0.5003,0.5931,15618.225459968251,2965.350915446812,3340.585830056495,21924.16
Headlight,minor,0.01,0.5426,0.8923,3324.4697874201847,878.9965507838461,0.0,4203.47
Hood,minor,0.0702,0.9337,0.8527,0.0,2975.2481469307013,1803.7490536921896,4779.0
Hood,minor,0.0823,0.8767,0.4113,0.0,1788.5094920631243,1950.2852699398754,3738.79
Light,moderate,0.2591,0.4702,0.7568,0.0,1285.983512050749,0.0,1285.98
Trunk,moderate,0.361,0.8724,0.4365,10012.877113851753,2874.194947240584,3985.119973776039,16872.19
Trunk,minor,0.0589,0.9079,0.8533,0.0,2651.1445938056618,2562.315158385279,5213.46
Headlight,severe,0.3433,0.7479,0.5243,4871.120564918475,1447.3410085092826,0.0,6318.46
Fender,severe,0.6658,0.8402,0.7314,5661.110573444139,4565.427847823871,4697.542138572109,14924.08
Door,moderate,0.3467,0.5891,0.8406,10143.836271519758,3897.092954586559,4247.408108830011,18288.34
Trunk,moderate,0.4102,0.7615,0.5463,0.0,4593.664444291144,4716.779933214144,9310.44
Door,moderate,0.4553,0.5829,0.8,14846.554818440436,4231.050578765149,3620.090109239527,22697.7
Headlight,moderate,0.3465,0.6445,0.4487,5801.2685705059,1427.672604107914,0.0,7228.94
Bumper,severe,0.6222,0.5037,0.9061,8039.4335523613345,2323.0191282077176,6344.02262972958,16706.48
Fender,moderate,0.2276,0.6908,0.8173,8320.655645421499,2686.5962413319585,3524.904359485365,14532.16
Trunk,moderate,0.3439,0.7096,0.7001,0.0,3110.876893077197,4166.75463620262,7277.63
Hood,severe,0.8126,0.9053,0.5324,15940.430236482167,5147.480714142502,6251.417946423981,27339.33
Light,minor,0.0688,0.5963,0.9396,0.0,1443.527415375491,0.0,1443.53
Door,minor,0.0534,0.8656,0.8427,0.0,2729.08608503471,2565.9453490674878,5295.03
Headlight,severe,0.7535,0.8753,0.424,9972.98523160473,2222.642022758426,0.0,12195.63
Trunk,moderate,0.3356,0.9464,0.6194,14937.691925000805,3334.1939068235647,3371.2551486051825,21643.14
Trunk,moderate,0.1975,0.8755,0.5386,0.0,2497.6011431624856,3433.539077845513,5931.14
Trunk,minor,0.0171,0.698,0.7813,0.0,3210.973120219526,2961.62855805461,6172.6
Windshield,severe,0.6474,0.81,0.5463,9893.842061915402,4523.396276949571,0.0,14417.24
Hood,moderate,0.3067,0.9597,0.6967,0.0,3061.0183460392273,3575.0467905454384,6636.07
Trunk,moderate,0.2774,0.6145,0.7805,17121.01878250407,4011.662558075304,3261.8368651981305,24394.52
Headlight,moderate,0.1,0.6453,0.9568,0.0,1655.8479649285969,0.0,1655.85
Windshield,minor,0.01,0.7796,0.7488,0.0,1779.8808042875048,0.0,1779.88
Windshield,minor,0.0646,0.5104,0.7922,0.0,1168.7748328020782,0.0,1168.77
Fender,moderate,0.2384,0.5311,0.6932,0.0,3347.1434070500554,2970.6216367907855,6317.77
Fender,severe,0.7904,0.8697,0.7382,5488.0689717015175,4753.512400328088,8814.81750821981,19056.4
Windshield,moderate,0.3754,0.658,0.569,8379.520987794793,2172.0012974916585,0.0,10551.52
Hood,severe,0.8559,0.9418,0.6634,13847.07743483849,5947.408646584086,5706.899982086572,25501.39
Fender,moderate,0.2877,0.5756,0.6598,3880.1637298955557,3030.9833053401376,2414.844679529888,9325.99
Windshield,moderate,0.1458,0.8585,0.5898,6793.8113946847,1287.8886380248023,0.0,8081.7
Hood,minor,0.0749,0.9574,0.5845,0.0,2289.101085525442,2847.9366458469585,5137.04
Fender,minor,0.0276,0.7368,0.4138,0.0,2013.692790096273,2201.7147412044997,4215.41
Light,severe,0.7963,0.782,0.8612,11662.691565387047,2693.7671009611136,0.0,14356.46
Windshield,moderate,0.2554,0.8748,0.9472,0.0,3410.2837798091164,0.0,3410.28
Hood,minor,0.0298,0.6605,0.5558,0.0,1924.9562808260494,2843.7398053215766,4768.7
Windshield,minor,0.0744,0.646,0.7761,0.0,2133.757161514473,0.0,2133.76
Door,minor,0.0493,0.9294,0.5976,0.0,2787.27399856711,2477.759866687792,5265.03
Headlight,moderate,0.4916,0.9673,0.5801,0.0,1589.6315063936358,0.0,1589.63
Light,minor,0.0707,0.6221,0.6298,0.0,964.8190830983912,0.0,964.82
Door,minor,0.0605,0.5362,0.8955,0.0,2945.9132916486205,2114.757798513119,5060.67
Bumper,minor,0.0536,0.7761,0.657,0.0,1428.0097221916674,2400.6229396979866,3828.63
Headlight,minor,0.0202,0.667,0.9083,0.0,680.1820505554844,0.0,800.0
Hood,minor,0.0739,0.8314,0.4547,16484.86863040637,2340.606673612477,2729.569550673801,21555.04
Trunk,minor,0.0949,0.7467,0.5745,9112.091677283652,2647.7675251945557,2343.8432609097867,14103.7
Fender,minor,0.0415,0.6118,0.92,0.0,1522.310166459748,2039.1405138964146,3561.45
Windshield,moderate,0.1933,0.6629,0.9505,8778.71093254648,2224.610729915541,0.0,11003.32
Windshield,severe,0.7465,0.5894,0.7341,7136.81361989891,5384.366984018457,0.0,12521.18
Hood,minor,0.1117,0.4736,0.9629,14896.546038655235,2043.1856365157203,2121.4687996850375,19061.2
Fender,minor,0.0618,0.8874,0.5768,0.0,1930.99776675192,2351.0364777550703,4282.03
Bumper,minor,0.036,0.9407,0.9274,0.0,2264.2936051908796,2601.7750472245243,4866.07
Windshield,severe,0.7716,0.4913,0.6167,6360.7902224108175,2993.1954950172267,0.0,9353.99
Fender,minor,0.0221,0.5487,0.4578,0.0,2748.2843659636055,2052.2337047194574,4800.52
Trunk,moderate,0.355,0.7763,0.4551,15689.12890219484,2897.5745507124057,4242.397194192259,22829.1
Light,moderate,0.1483,0.6028,0.493,0.0,1189.6126868581296,0.0,1189.61
Headlight,severe,0.5352,0.5847,0.6846,4746.152358597948,1199.9744858175457,0.0,5946.13
Headlight,severe,0.4811,0.953,0.4454,3374.8284978119327,1914.4199242413413,0.0,5289.25
Light,minor,0.0284,0.5615,0.5684,7713.687554177717,952.1635430823916,0.0,8665.85
Hood,moderate,0.1785,0.9515,0.8253,10794.276571904395,2712.1783960224047,1992.802724890627,15499.26
Light,severe,0.7095,0.5819,0.7835,8076.696108209564,2555.678997478888,0.0,10632.38
Door,minor,0.0114,0.4826,0.4298,0.0,2683.301188164474,2021.640798858128,4704.94
Trunk,minor,0.0264,0.5313,0.6443,0.0,2622.2762498041307,1656.5713229338858,4278.85
Hood,minor,0.0647,0.6604,0.5525,0.0,2353.1566200054917,2629.9201284337573,4983.08
Light,severe,0.8218,0.5309,0.8983,6704.306805528354,1694.54680762773,0.0,8398.85
Windshield,minor,0.0531,0.9475,0.8189,0.0,2531.580788278901,0.0,2531.58
Headlight,moderate,0.2266,0.5738,0.9768,0.0,1319.2759359475797,0.0,1319.28
Trunk,minor,0.01,0.4598,0.6539,0.0,2125.919691074809,2160.880988706664,4286.8
Fender,moderate,0.3074,0.7319,0.6966,5908.144954804287,3192.1332938074816,3415.335918738406,12515.61
Hood,minor,0.0185,0.8831,0.7249,0.0,2048.076219973601,2727.1914115453824,4775.27
Fender,severe,0.7793,0.8134,0.7767,3210.9560524515177,4703.52916799039,6981.0161297802015,14895.5
Light,minor,0.01,0.7194,0.4139,0.0,573.6784571520466,0.0,800.0
Bumper,severe,0.3,0.5597,0.9221,4190.214975855344,1886.1412178000214,3384.6586356998546,9461.01
Hood,moderate,0.148,0.6334,0.5001,0.0,3330.221369544435,2773.7329165166525,6103.95
Light,severe,0.6,0.4592,0.8257,4610.686901680714,2042.8949595779761,0.0,6653.58
Headlight,minor,0.0837,0.5233,0.9604,0.0,1147.2230894480422,0.0,1147.22
Trunk,moderate,0.1457,0.8351,0.6958,0.0,3564.7131435752462,2531.9842468910224,6096.7
Bumper,minor,0.0564,0.8146,0.8596,0.0,1323.0828960438132,2491.6185128389016,3814.7
Headlight,moderate,0.116,0.487,0.7712,0.0,1331.002188973238,0.0,1331.0
Windshield,severe,0.787,0.8533,0.9719,11122.562307074886,4921.4668168612825,0.0,16044.03
Door,moderate,0.194,0.5065,0.9255,12148.020931696248,2928.2922439884724,3072.3333793879306,18148.65
Bumper,moderate,0.329,0.4606,0.5467,0.0,2569.6580893224436,3160.6336951762764,5730.29
Windshield,moderate,0.2486,0.5756,0.8502,0.0,2495.173211346667,0.0,2495.17
Trunk,minor,0.0331,0.7328,0.4656,0.0,2776.278015781005,2940.296520761663,5716.57
Light,minor,0.0428,0.7938,0.8185,0.0,550.2912111097597,0.0,800.0
Windshield,moderate,0.2019,0.8005,0.6374,8519.861543697732,2846.026679371109,0.0,11365.89
Headlight,moderate,0.3259,0.8672,0.6371,4061.8249565259844,2143.3758417770237,0.0,6205.2
Fender,moderate,0.2689,0.9656,0.4323,5125.762132307192,3629.9372687987643,3571.1963040202763,12326.9
Headlight,severe,0.3,0.836,0.7734,6821.461537022554,1472.3863598495432,0.0,8293.85
Windshield,minor,0.0436,0.5612,0.7475,0.0,1364.5295693402443,0.0,1364.53
Windshield,moderate,0.3915,0.5651,0.8142,0.0,3772.765857402265,0.0,3772.77
Windshield,severe,0.5378,0.831,0.8232,5765.442015839135,2896.745046926157,0.0,8662.19
Trunk,severe,0.3853,0.9606,0.928,15658.885719286314,3894.046949709757,3988.310078689767,23541.24
Hood,minor,0.0612,0.5149,0.523,12893.865906756497,2836.266448818538,2221.9387972938403,17952.07
Door,severe,0.662,0.8615,0.5806,11837.098741106258,6121.347367066076,5565.846545075553,23524.29
Bumper,minor,0.01,0.9135,0.8345,0.0,1439.5307650973948,1774.2562031998443,3213.79
Bumper,minor,0.018,0.8725,0.6569,0.0,1794.2563446516297,2409.681058038085,4203.94
Door,moderate,0.2288,0.7415,0.6852,0.0,3394.2687528297884,3499.3739645757487,6893.64
Hood,moderate,0.1302,0.6992,0.6261,13792.380505464811,2990.8654659409835,3687.183773426148,20470.43
Light,severe,0.6556,0.7459,0.5884,6692.115225691714,2385.9350677914863,0.0,9078.05
Light,moderate,0.1939,0.5281,0.8107,0.0,1390.9669828836536,0.0,1390.97
Bumper,minor,0.0429,0.9088,0.4186,0.0,1627.609588204452,1874.3979833662738,3502.01
Bumper,minor,0.0732,0.962,0.7504,0.0,2031.0154475790596,2271.6281291953915,4302.64
Door,minor,0.0982,0.7966,0.7899,0.0,4022.403851917254,2474.939213092482,6497.34
Bumper,moderate,0.2569,0.7252,0.9761,0.0,2039.832456125798,3677.541083612805,5717.37
Bumper,minor,0.0585,0.9722,0.8697,0.0,1550.7199585771161,2245.3280276083215,3796.05
Hood,moderate,0.3574,0.5144,0.753,13783.945619300135,2893.9389092893243,5248.340622453424,21926.23
Door,minor,0.01,0.8779,0.7686,0.0,3557.118328841129,2423.873662181253,5980.99
Light,minor,0.052,0.6344,0.817,0.0,665.768434746536,0.0,800.0
Headlight,minor,0.0174,0.5673,0.4936,0.0,816.9868772892261,0.0,816.99
Hood,moderate,0.1,0.7057,0.5978,12122.983736795688,2476.1800418277257,2422.6111360087875,17021.77
Headlight,moderate,0.1938,0.4999,0.4996,4692.9267002641745,986.7344939377773,0.0,5679.66
Fender,moderate,0.358,0.5564,0.4624,6598.290866057588,2944.381991983032,4721.006453031263,14263.68
Headlight,moderate,0.3877,0.4669,0.6722,3172.2830336151765,1047.3173498031504,0.0,4219.6
Headlight,severe,0.5049,0.7031,0.6869,10950.293221205644,1921.196936299615,0.0,12871.49
Trunk,moderate,0.2308,0.7765,0.6751,0.0,2907.0205765836477,4151.204764637778,7058.23
Trunk,moderate,0.2545,0.7021,0.6461,0.0,2916.956156329932,3082.7902059776275,5999.75
Door,minor,0.0464,0.6556,0.6181,0.0,3311.8728432028306,2507.452669093662,5819.33
Trunk,minor,0.0489,0.8441,0.9718,0.0,1989.6926200219143,2460.4288509846647,4450.12
Door,minor,0.0428,0.5587,0.8574,0.0,2361.0854770093792,1759.838291409173,4120.92
Headlight,moderate,0.3317,0.8211,0.6913,0.0,2300.5254694660507,0.0,2300.53
Hood,moderate,0.1,0.8246,0.8584,14692.07472465455,2272.577227219505,3263.0027894672444,20227.65
Windshield,moderate,0.1043,0.6339,0.6431,0.0,1539.3195569948953,0.0,1539.32
Bumper,minor,0.01,0.5348,0.8566,0.0,1493.689887357704,2222.533425986072,3716.22
Windshield,severe,0.5699,0.5477,0.5236,9993.210146167108,4541.577531179159,0.0,14534.79
Bumper,moderate,0.2987,0.6609,0.5799,0.0,2526.9823052187244,4353.734084917432,6880.72
Light,severe,0.7987,0.8742,0.7393,6796.405539287656,1336.9549370448628,0.0,8133.36
Fender,minor,0.0659,0.7781,0.4833,0.0,1888.7136595603772,1616.8036752146209,3505.52
Door,moderate,0.2696,0.8772,0.562,12796.113416133952,3870.269329355403,4050.058755371473,20716.44
Light,severe,0.746,0.9675,0.5631,10294.992479869288,2543.076166860149,0.0,12838.07
Windshield,minor,0.0681,0.8743,0.5472,0.0,1269.25804317155,0.0,1269.26
Trunk,minor,0.0455,0.8274,0.7364,0.0,2241.257095251755,2262.3859321949667,4503.64
Trunk,minor,0.0285,0.9129,0.5317,0.0,3204.7559505781146,2526.178729736126,5730.93
Trunk,moderate,0.3442,0.4883,0.856,0.0,4120.524628212172,3181.9266808673715,7302.45
Fender,moderate,0.2981,0.6335,0.5962,0.0,3379.548000654168,3493.2446741383505,6872.79
Trunk,moderate,0.1816,0.7219,0.8721,18950.800047838475,2796.4296571305276,2644.6248713750056,24391.85
Hood,minor,0.0622,0.7516,0.5427,0.0,1566.0873324775823,2549.2188342065,4115.31
Headlight,moderate,0.3417,0.7933,0.6915,0.0,897.6817738692583,0.0,897.68
Trunk,minor,0.0526,0.5437,0.9017,0.0,2310.542056771845,2191.979709431992,4502.52
Headlight,moderate,0.2877,0.6717,0.7244,5819.450152702461,1578.3755843131833,0.0,7397.83
Door,minor,0.1003,0.6072,0.9159,0.0,3380.901676251178,2778.1145243272613,6159.02
Trunk,moderate,0.2362,0.6325,0.8024,0.0,2776.476794601599,2999.741110905043,5776.22
Light,moderate,0.1544,0.7681,0.5648,4819.97999840857,1041.1115681385265,0.0,5861.09
Headlight,severe,0.5352,0.7177,0.7046,6448.055667394732,1379.1125663426324,0.0,7827.17
Bumper,minor,0.1076,0.8955,0.7959,0.0,1373.3783561637847,2154.1797694554684,3527.56
Light,moderate,0.2698,0.5833,0.8029,0.0,782.5177664230108,0.0,800.0
Windshield,moderate,0.269,0.8723,0.7481,10072.599256858506,2269.8871243971157,0.0,12342.49
Door,moderate,0.1753,0.8417,0.5844,10612.422824534846,2932.3916031385347,2223.9788751912424,15768.79
Hood,moderate,0.3119,0.8635,0.5915,0.0,2453.8274691709903,4822.223164870869,7276.05
Windshield,moderate,0.2856,0.913,0.6507,0.0,2872.1127896927637,0.0,2872.11
Trunk,severe,0.5755,0.8717,0.5948,18138.083197763146,3033.9744277633476,5207.7942674584765,26379.85
Bumper,minor,0.0827,0.9298,0.6375,0.0,1495.794564441417,2918.7285309518747,4414.52
Headlight,moderate,0.1018,0.6504,0.8118,8128.343416769494,894.808579489041,0.0,9023.15
Bumper,minor,0.0492,0.8237,0.8932,0.0,2064.1020946582003,1494.5670467866098,3558.67
Headlight,minor,0.0174,0.6881,0.7786,0.0,660.410797129117,0.0,800.0
Hood,minor,0.025,0.6205,0.4435,0.0,2903.9988156794807,2145.6780514999537,5049.68
Light,minor,0.0485,0.6274,0.5066,0.0,933.1094221442544,0.0,933.11
Hood,minor,0.0817,0.5601,0.7763,0.0,2456.398753663606,2587.1694910129595,5043.57
Light,minor,0.082,0.6605,0.5231,0.0,1657.9787794669385,0.0,1657.98
Hood,minor,0.0127,0.7964,0.8861,0.0,2330.604703568018,2600.987003393347,4931.59
Light,minor,0.1304,0.8176,0.9406,0.0,1091.0091376107412,0.0,1091.01
Headlight,moderate,0.2118,0.4893,0.917,8872.086287935339,1503.1328175094507,0.0,10375.22
Door,moderate,0.2459,0.5956,0.8238,10434.864832551231,3802.036799283814,3526.2399871922066,17763.14
Light,moderate,0.2687,0.58,0.8087,10149.089616403895,1030.5450281729911,0.0,11179.63
Headlight,moderate,0.3369,0.9539,0.7467,5210.212943735325,1805.0941258166345,0.0,7015.31
Bumper,severe,0.4605,0.579,0.8207,8315.90346420992,2217.9684906201214,4793.173864389065,15327.05
Fender,minor,0.0693,0.4619,0.4289,0.0,1588.0889741435092,2313.3993687088664,3901.49
Bumper,severe,0.5144,0.6022,0.9453,7779.693239573141,2683.0355725989184,5297.498925258264,15760.23
Fender,severe,0.4925,0.9783,0.5554,0.0,3324.516476522182,5085.354362694074,8409.87
Trunk,minor,0.0123,0.851,0.7541,0.0,1776.7188858741843,2524.7031318975623,4301.42
Bumper,severe,0.8253,0.7979,0.4107,6319.0674636251715,3777.667573366336,6103.400799539805,16200.14
Hood,severe,0.5858,0.7927,0.5059,10239.879728509002,4221.971258190101,5003.768902832245,19465.62
Light,moderate,0.1624,0.7127,0.8474,8327.117242907134,965.4120064972982,0.0,9292.53
Headlight,minor,0.0754,0.5573,0.9562,0.0,993.1767266240518,0.0,993.18
Trunk,moderate,0.1429,0.6796,0.6186,0.0,2649.8227874083723,3437.9509001480083,6087.77
Trunk,minor,0.01,0.6361,0.8856,0.0,2355.5405682713827,1597.1756527050436,3952.72
Trunk,severe,0.8566,0.5858,0.5477,11954.597567937888,4202.871035678178,6862.028158884038,23019.5
Headlight,moderate,0.3532,0.4793,0.9537,0.0,1093.2920869096338,0.0,1093.29
Fender,severe,0.615,0.7409,0.8621,3685.696977762489,2799.2438541897955,8322.643113169963,14807.58
Bumper,moderate,0.466,0.6045,0.4747,0.0,2725.5303223314713,6478.972048734004,9204.5
Hood,minor,0.0852,0.6022,0.4607,0.0,2081.6505538427245,2900.0619826269863,4981.71
Light,minor,0.0856,0.7184,0.4498,0.0,1268.7885453704578,0.0,1268.79
Bumper,minor,0.0672,0.842,0.5436,0.0,2501.211525020539,3296.694832539694,5797.91
Windshield,moderate,0.134,0.7222,0.8028,11265.335213526458,1888.6812292482507,0.0,13154.02
Door,moderate,0.3278,0.7121,0.4766,9192.35159144458,4470.325296263554,4279.841034056332,17942.52
Headlight,minor,0.0233,0.6682,0.6748,0.0,1297.6485300717748,0.0,1297.65
Trunk,severe,0.5507,0.4932,0.7729,16850.008522049106,3654.81676298985,3833.4504122806893,24338.28
Headlight,moderate,0.2144,0.8923,0.6438,0.0,668.4876244982429,0.0,800.0
Light,minor,0.0709,0.7048,0.4017,0.0,754.2081007021781,0.0,800.0
Windshield,moderate,0.1,0.5679,0.9798,6600.247856048577,1985.3079666518975,0.0,8585.56
Hood,minor,0.01,0.6592,0.8316,17242.51042231708,3066.9628942823415,1822.8208294990188,22132.29
Fender,minor,0.056,0.6571,0.949,0.0,2090.842100031855,2129.622015983986,4220.46
Door,minor,0.0846,0.9302,0.4758,0.0,3048.154296558331,2428.71721900058,5476.87
Fender,severe,0.4449,0.9412,0.8052,6277.7878973277375,4452.982277726665,5176.197118813848,15906.97
Door,severe,0.7169,0.9766,0.4534,10712.102293637143,5823.44518266326,6895.530338262718,23431.08
Fender,moderate,0.2664,0.6609,0.9527,0.0,3905.832101379268,5114.113989181047,9019.95
Fender,minor,0.0337,0.7093,0.5108,0.0,2266.74955669442,2343.7711637871726,4610.52
Door,moderate,0.271,0.8609,0.7332,0.0,4109.595880405698,4471.57764525357,8581.17
Hood,minor,0.01,0.9089,0.4766,0.0,2048.615205316789,2372.2801274140857,4420.9
Fender,minor,0.0382,0.9065,0.8716,0.0,2136.5448683202876,2065.368952531792,4201.91
Windshield,moderate,0.1493,0.8714,0.4077,0.0,2587.4473224551457,0.0,2587.45
Door,minor,0.0282,0.8308,0.6274,0.0,3272.3620358744242,2077.830996439968,5350.19
Trunk,moderate,0.2741,0.9577,0.7413,0.0,3067.987849308731,3643.444347766411,6711.43
Windshield,moderate,0.2147,0.8391,0.4604,0.0,2576.3069937930422,0.0,2576.31
Door,moderate,0.1,0.9458,0.9509,0.0,3452.7724102918864,2090.0419553998613,5542.81
Trunk,moderate,0.4119,0.6874,0.8937,13545.516574506111,4307.933667373662,3257.238217681955,21110.69
Light,severe,0.5764,0.5117,0.5186,5607.3524015240855,1732.6653145954801,0.0,7340.02
Light,minor,0.0677,0.4618,0.7535,0.0,1051.4613018470845,0.0,1051.46
Hood,moderate,0.3129,0.4563,0.6891,14680.35440464384,2580.8703276518963,5534.473669546629,22795.7
Light,moderate,0.1151,0.9501,0.8022,5213.7169422030765,1212.1369436317684,0.0,6425.85
Fender,moderate,0.1078,0.6227,0.5378,3977.163465520954,2397.035628096284,2143.355187672548,8517.55
Trunk,moderate,0.1674,0.5905,0.8844,14233.882614844473,3041.8016503264494,2114.6353865153883,19390.32
Door,moderate,0.262,0.5857,0.4695,0.0,3398.8352611089495,4332.677905761041,7731.51
Hood,minor,0.01,0.6791,0.7874,0.0,2737.769461748922,1430.4622829656053,4168.23
Trunk,severe,0.5139,0.7873,0.6285,13381.464535546029,4864.093910570786,3620.1263364296115,21865.68
Door,moderate,0.1,0.5981,0.534,12466.271080543764,3182.5006701424636,2574.07551814225,18222.85
Windshield,moderate,0.379,0.9646,0.9702,6999.904298737182,3516.1912602838684,0.0,10516.1
Bumper,severe,0.4199,0.6104,0.7551,10483.721611028817,1671.8098110014782,3856.1740193478245,16011.71
Headlight,minor,0.0101,0.8544,0.7853,0.0,1430.920870141423,0.0,1430.92
Headlight,minor,0.0628,0.5891,0.5423,0.0,1267.2577773379478,0.0,1267.26
Hood,severe,0.412,0.5687,0.8948,14102.087634914362,3199.8509250482693,4677.006762775812,21978.95
Windshield,minor,0.0681,0.5548,0.7181,0.0,1963.6119353593883,0.0,1963.61
Fender,moderate,0.1517,0.481,0.4827,0.0,2916.964890559929,3078.578421690181,5995.54
Bumper,moderate,0.1453,0.5729,0.4271,0.0,1891.7692758951732,3625.0547720633363,5516.82
Bumper,moderate,0.1508,0.6301,0.6917,0.0,2649.5629283113612,2992.6928786528447,5642.26
Fender,minor,0.0615,0.912,0.6106,0.0,1984.98274516699,2143.5196463081406,4128.5
Bumper,minor,0.0855,0.46,0.4738,0.0,1414.629385366433,3286.988995354943,4701.62
Door,severe,0.5678,0.8364,0.6434,12755.391099594639,5351.239915245857,4680.704709485419,22787.34
Trunk,minor,0.039,0.918,0.8106,0.0,2047.3419781747136,1600.6334429833994,3647.98
Fender,minor,0.0359,0.4735,0.8742,0.0,2227.733022846667,2406.2055350618534,4633.94
Headlight,severe,0.7866,0.5927,0.6602,11025.806074311258,2185.779500890833,0.0,13211.59
Trunk,minor,0.01,0.758,0.6935,0.0,2222.447930319823,2112.7532144612987,4335.2
Hood,minor,0.0453,0.6042,0.5546,0.0,1925.4472047963307,2573.623093840345,4499.07
Windshield,minor,0.0534,0.8071,0.4045,0.0,1827.8993436506216,0.0,1827.9
Windshield,moderate,0.3538,0.9274,0.4573,11567.459140813271,2567.9107959195912,0.0,14135.37
Light,moderate,0.1928,0.4594,0.8998,7549.313789295967,1182.1932767906599,0.0,8731.51
Windshield,minor,0.0554,0.7473,0.4827,0.0,1605.775547524263,0.0,1605.78
Headlight,minor,0.01,0.8138,0.5232,0.0,956.6475068382794,0.0,956.65
Trunk,moderate,0.2192,0.7548,0.4668,0.0,3009.9572384826993,3519.7022378745746,6529.66
Hood,minor,0.0588,0.8534,0.6799,0.0,1868.8921233271103,2149.8024122249526,4018.69
Windshield,moderate,0.2123,0.9787,0.5879,0.0,1739.1522399511337,0.0,1739.15
Headlight,minor,0.023,0.6277,0.4244,0.0,1237.996767391193,0.0,1238.0
Fender,severe,0.4154,0.7188,0.8663,5317.03344945195,3954.152664967126,5597.347612364156,14868.53
Fender,moderate,0.1,0.4944,0.9227,0.0,3182.7684763215025,3176.026452682724,6358.79
Fender,minor,0.0306,0.4887,0.6681,0.0,2531.7854413765094,1688.3307303414542,4220.12
Hood,moderate,0.129,0.8805,0.7939,0.0,2345.1851731763436,3707.8257971833705,6053.01
Headlight,moderate,0.1828,0.4949,0.427,0.0,894.5741414031764,0.0,894.57
Door,minor,0.0156,0.6019,0.8533,10954.610682736135,2310.9010424046787,1969.8697348994015,15235.38
Door,minor,0.053,0.7203,0.5417,0.0,2798.6764623768768,1934.704555232043,4733.38
Light,minor,0.0685,0.606,0.9062,0.0,968.6823277660858,0.0,968.68
Hood,minor,0.0639,0.9224,0.7688,0.0,1614.2731246281933,2343.2930377450916,3957.57
Door,minor,0.0258,0.8665,0.5864,10071.95416504811,3940.8598638066183,1517.5202734238126,15530.33
Light,minor,0.0179,0.6929,0.5607,0.0,1271.0235145399201,0.0,1271.02
Bumper,minor,0.081,0.652,0.756,0.0,2720.009695341421,2555.5761180510563,5275.59
Light,moderate,0.2519,0.8095,0.566,0.0,793.5994935539355,0.0,800.0
Bumper,minor,0.0897,0.9793,0.6157,0.0,1530.214211298213,3579.254564810324,5109.47
Headlight,minor,0.0792,0.9541,0.4447,0.0,706.9188216270138,0.0,800.0
Light,minor,0.0529,0.6141,0.7578,0.0,1242.9878463691643,0.0,1242.99
Fender,minor,0.0689,0.839,0.5005,0.0,1648.5471158712971,2664.8224879928553,4313.37
Windshield,moderate,0.1734,0.9277,0.4521,0.0,2166.448326000231,0.0,2166.45
Hood,moderate,0.2537,0.5543,0.4092,0.0,2366.257628780431,3328.125470059478,5694.38
Hood,moderate,0.2812,0.615,0.4702,0.0,3208.518673990636,2618.1438080263465,5826.66
Windshield,moderate,0.2745,0.8768,0.5592,6144.868177296857,2699.933298518555,0.0,8844.8
Hood,moderate,0.3775,0.8814,0.4955,0.0,2897.9088538638134,4934.579663490183,7832.49
Light,severe,0.8309,0.7242,0.4432,10473.894075276254,3348.8027132962334,0.0,13822.7
Door,moderate,0.2072,0.4544,0.464,10034.853306978199,3054.0708161080393,2304.7225423824652,15393.65
Light,minor,0.0389,0.5002,0.8246,0.0,1555.2584764069848,0.0,1555.26
Hood,moderate,0.1411,0.6992,0.9058,0.0,3697.790007662622,1871.1577523107214,5568.95
Headlight,minor,0.0285,0.535,0.815,0.0,1358.9812159094743,0.0,1358.98
Door,minor,0.0787,0.7519,0.5285,0.0,2418.2497636489347,2066.8798960118875,4485.13
Hood,moderate,0.2353,0.579,0.9089,0.0,2141.568533840444,3528.0408173037263,5669.61
Headlight,moderate,0.1641,0.762,0.8515,0.0,1369.8400430519328,0.0,1369.84
Fender,minor,0.057,0.964,0.9363,0.0,2542.0670919444387,1770.396552356534,4312.46
Trunk,minor,0.0257,0.6391,0.8595,0.0,2187.1551877452434,2251.0377984541674,4438.19
Trunk,moderate,0.3038,0.8218,0.8155,0.0,4440.473413862104,4382.1442429990975,8822.62
Trunk,minor,0.0755,0.7865,0.8967,0.0,3193.3123111778064,2901.2500132646005,6094.56
Fender,moderate,0.2488,0.6355,0.6576,7164.18438233119,3928.2379925540195,4465.282251253835,15557.7
Bumper,moderate,0.2295,0.9667,0.7951,5996.426046608034,1338.9639336966145,3341.3015907484905,10676.69
Hood,moderate,0.1613,0.5108,0.4278,14340.659056006281,3368.6646281814824,2809.7110116680165,20519.03
Headlight,minor,0.0725,0.6069,0.9051,0.0,978.5110176484236,0.0,978.51
Bumper,minor,0.0584,0.859,0.7004,0.0,2119.984037019189,2445.074835080365,4565.06
Windshield,minor,0.082,0.94,0.8792,0.0,1595.1868490485658,0.0,1595.19
Trunk,minor,0.0248,0.6245,0.451,0.0,1972.7082985239958,1977.627833351983,3950.34
Windshield,moderate,0.2101,0.7405,0.6627,0.0,2347.5665191624703,0.0,2347.57
Headlight,moderate,0.151,0.6627,0.4164,9735.24988347489,1515.295852873969,0.0,11250.55
Hood,moderate,0.459,0.5961,0.5016,10259.797614503002,2672.0709949170555,5003.062594236381,17934.93
Headlight,minor,0.0651,0.4875,0.7138,0.0,1509.0447882589535,0.0,1509.04
Hood,minor,0.0746,0.6879,0.968,0.0,2410.5974083987294,3411.0051683743814,5821.6
Door,severe,0.5201,0.8239,0.7919,10651.226987349963,5036.450096648757,4208.198655064807,19895.88
Windshield,severe,0.6932,0.7163,0.5964,5366.610074730282,3625.170967439606,0.0,8991.78
Bumper,severe,0.743,0.7735,0.8238,5209.003816025204,3109.070534811618,5601.356144492108,13919.43
Bumper,severe,0.4964,0.7202,0.8703,5108.796768670722,2704.0816146014045,5009.144528581988,12822.02
Bumper,minor,0.0514,0.6627,0.7257,0.0,1083.6548627522632,2086.0764476066797,3169.73
Headlight,minor,0.0409,0.9139,0.5098,0.0,686.9890248651724,0.0,800.0
Fender,moderate,0.238,0.4869,0.6555,0.0,3095.436429007036,2395.7631016393934,5491.2
Windshield,moderate,0.2544,0.5439,0.9064,6867.903946981107,1511.3789350225823,0.0,8379.28
Hood,minor,0.0251,0.9632,0.9534,10443.466477992604,2512.5903833154484,2292.800943577889,15248.86
Light,moderate,0.2174,0.8681,0.8408,10324.552329968184,2038.2243099990278,0.0,12362.78
Light,minor,0.0398,0.5597,0.8615,0.0,805.3425542526239,0.0,805.34
Light,minor,0.0596,0.7722,0.4595,0.0,775.4221307487144,0.0,800.0
Door,minor,0.0134,0.8405,0.8003,0.0,3256.513545084353,1914.9415012535062,5171.46
Trunk,moderate,0.4729,0.5316,0.6186,13890.456657267814,3275.343817685669,4151.9891940966045,21317.79
Bumper,severe,0.7117,0.6342,0.7566,5981.7623549894115,1916.9343271906744,5065.505967032938,12964.2
Bumper,moderate,0.1877,0.9219,0.719,0.0,1906.524062576913,2827.0622234334305,4733.59
Fender,moderate,0.3597,0.934,0.8914,6857.823923941592,3392.7529298704985,4166.368073940564,14416.94
Windshield,minor,0.0643,0.4862,0.4073,0.0,2389.0219637001696,0.0,2389.02
Windshield,severe,0.6337,0.5177,0.4029,7349.477587648388,3467.3410649625716,0.0,10816.82
Fender,minor,0.0596,0.7073,0.5946,0.0,1874.3595213100377,2226.8987206681027,4101.26
Bumper,minor,0.0379,0.7781,0.7072,0.0,1250.3578990243022,1819.4385401563802,3069.8
Fender,severe,0.7461,0.5054,0.5215,2997.527861369557,4641.97435819199,6392.452427173094,14031.95
Trunk,moderate,0.1335,0.9748,0.767,10206.525582969382,3425.364751923871,2347.863439395865,15979.75
Headlight,moderate,0.311,0.5132,0.9359,9718.207647079209,1311.5882647578455,0.0,11029.8
Fender,severe,0.666,0.7669,0.8525,6413.770719180735,4506.422249613209,5916.834253173207,16837.03
Light,minor,0.0853,0.9224,0.6848,6805.70143067846,904.5900413784094,0.0,7710.29
Fender,moderate,0.1376,0.4591,0.8757,5158.847794134172,3201.1306711472453,3603.287419931423,11963.27
Headlight,minor,0.0169,0.4544,0.9626,0.0,653.2364858022034,0.0,800.0
Bumper,severe,0.5118,0.4984,0.5034,6796.152886862195,2782.4339334777887,4651.173397470772,14229.76
Door,minor,0.0558,0.6308,0.7839,0.0,3542.374892439569,1790.35668417812,5332.73
Door,minor,0.0249,0.7133,0.6283,7903.926267598438,3390.345630260686,3059.7187453355873,14353.99
Light,moderate,0.2831,0.7726,0.4885,7365.461703371761,1389.372662154067,0.0,8754.83
Trunk,severe,0.8211,0.9103,0.9014,0.0,5212.229947418876,8409.09616103967,13621.33
Light,moderate,0.2058,0.6917,0.5193,0.0,1334.1515599390073,0.0,1334.15
Bumper,severe,0.6541,0.8407,0.4022,9038.657897772597,2325.408234125854,6856.353791175098,18220.42
Light,minor,0.0726,0.488,0.4253,0.0,1182.7373378285506,0.0,1182.74
Windshield,moderate,0.1,0.816,0.717,8356.52599898267,1619.0853067047253,0.0,9975.61
Windshield,moderate,0.297,0.5917,0.7746,8193.637879068037,2769.572828630296,0.0,10963.21
Trunk,minor,0.0465,0.5186,0.6964,13749.200510740779,2025.6002101075023,1936.302920927448,17711.1
Windshield,minor,0.0295,0.6134,0.9086,0.0,1867.1827437473487,0.0,1867.18
Headlight,moderate,0.3897,0.9641,0.9374,0.0,1129.7939481902624,0.0,1129.79
Door,severe,0.6486,0.8239,0.7945,9339.749391689056,4971.726268803396,5273.280656896559,19584.76
Windshield,severe,0.6753,0.6533,0.4091,8489.37860529719,2236.497834382458,0.0,10725.88
Hood,moderate,0.4438,0.628,0.4779,13917.669514125022,3214.7940310802583,3552.958273654575,20685.42
Headlight,severe,0.7381,0.8239,0.9435,7311.223704563005,2568.335163663635,0.0,9879.56
Light,moderate,0.104,0.5336,0.6995,0.0,1745.617291821062,0.0,1745.62
Headlight,severe,0.6489,0.8891,0.9687,5799.045933090762,2147.723978046014,0.0,7946.77
Windshield,moderate,0.3412,0.7575,0.7838,6106.491200061684,2363.7079304166573,0.0,8470.2
Headlight,severe,0.7644,0.4604,0.8255,5447.00292058779,1892.8717744485919,0.0,7339.87
Hood,minor,0.0966,0.9171,0.7399,0.0,2856.0487153198883,2763.6174462186727,5619.67
Fender,minor,0.1019,0.7996,0.7176,0.0,3530.9879317746118,1986.6437155474496,5517.63
Trunk,minor,0.0233,0.5036,0.8651,0.0,2135.326411222139,1568.5771078827872,3703.9
Bumper,minor,0.0559,0.4975,0.7628,0.0,1979.2476238250497,1936.142152993631,3915.39
Fender,minor,0.0312,0.6995,0.6253,0.0,2152.584938184352,2228.4248282576905,4381.01
Fender,minor,0.122,0.8242,0.9721,0.0,1806.2326581518278,2504.8808735106563,4311.11
Trunk,minor,0.0721,0.5569,0.5797,0.0,2970.49825456676,3198.165887519729,6168.66
Light,minor,0.1241,0.5007,0.4956,0.0,881.8229567883938,0.0,881.82
Fender,moderate,0.1978,0.9757,0.6003,0.0,3432.798237135001,3354.2286019789412,6787.03
Headlight,moderate,0.233,0.9492,0.8929,0.0,675.7371235683379,0.0,800.0
Hood,moderate,0.2224,0.6863,0.601,14609.543937094622,3592.1008515409712,3127.123091696817,21328.77
Windshield,severe,0.5912,0.8322,0.4874,9890.611120575764,3441.6295410726398,0.0,13332.24
Trunk,moderate,0.1264,0.789,0.5003,14913.735249265466,2966.5420419552984,3058.376426788369,20938.65
Light,minor,0.0217,0.5241,0.6263,0.0,1044.7666271778373,0.0,1044.77
Hood,minor,0.0725,0.5459,0.8624,0.0,2354.626917679398,3112.592026497938,5467.22
Door,moderate,0.1,0.7283,0.4484,0.0,2941.7714599124597,2583.416086575862,5525.19
Hood,moderate,0.1646,0.7519,0.5775,18698.610304120495,3712.9274025966197,3715.309790489039,26126.85
Door,minor,0.1055,0.453,0.4173,0.0,3865.1857554247026,2451.3151902138557,6316.5
Light,moderate,0.3097,0.6471,0.4164,11605.04735714741,962.2716162305645,0.0,12567.32
Headlight,severe,0.6955,0.837,0.5732,9064.227180245814,2129.6932064229463,0.0,11193.92
Windshield,moderate,0.3347,0.6404,0.8163,0.0,2473.145357906388,0.0,2473.15
Door,moderate,0.1989,0.7827,0.4001,8837.41023532858,3348.6711712423453,2863.532261692487,15049.61
Windshield,moderate,0.3542,0.6051,0.5011,0.0,3153.9130960231887,0.0,3153.91
Windshield,moderate,0.1098,0.6783,0.6745,0.0,1588.9840729805162,0.0,1588.98
Light,minor,0.0488,0.7662,0.5667,0.0,794.1767433456896,0.0,800.0
Fender,minor,0.0553,0.7754,0.5238,0.0,2602.5386220135697,2112.019055364906,4714.56
Light,moderate,0.1,0.5087,0.6044,0.0,1290.2559137153544,0.0,1290.26
Windshield,minor,0.0155,0.7272,0.5391,0.0,1868.5713147325027,0.0,1868.57
Door,moderate,0.4394,0.5693,0.6383,12004.420876452865,3466.104683523013,5701.309876077832,21171.84
Hood,minor,0.0109,0.9655,0.853,0.0,2062.062634413248,2608.322138705394,4670.38
Door,moderate,0.1257,0.9175,0.6153,0.0,3036.830066768344,3115.7278734456877,6152.56
Fender,severe,0.95,0.9603,0.4417,6124.85941713858,5513.956031285704,7730.181419924477,19369.0
Headlight,minor,0.0893,0.5387,0.9675,0.0,1366.320321541976,0.0,1366.32
Hood,moderate,0.3531,0.6002,0.9217,13580.958926184887,2656.2648061636082,4064.8163666807895,20302.04
Fender,severe,0.569,0.7149,0.6248,8189.8384756185405,3543.3602731824794,7614.060916615912,19347.26
Door,moderate,0.2662,0.4563,0.4727,0.0,4695.179061101749,3019.6560410946695,7714.84
Hood,severe,0.6593,0.48,0.4985,17062.344002030866,4836.996186118187,5601.982768282566,27501.32
Windshield,severe,0.7407,0.5503,0.7499,6698.172944230827,2656.166385171418,0.0,9354.34
Light,severe,0.6973,0.6315,0.979,6163.94863975685,2124.124724889814,0.0,8288.07
Trunk,severe,0.4632,0.5184,0.7671,15837.94515134291,3894.510924833412,6533.709316762018,26266.17
Trunk,moderate,0.287,0.9381,0.5995,9630.971614069465,2637.401985896993,3471.5283905453225,15739.9
Light,minor,0.0812,0.5323,0.4196,0.0,845.5707959905772,0.0,845.57
Hood,minor,0.0288,0.9697,0.9601,17327.176101962566,1399.7832812463196,2860.1978003812364,21587.16
Fender,severe,0.4725,0.5807,0.7269,5341.097220406385,3419.014891236306,4009.1672561744854,12769.28
Headlight,severe,0.7055,0.5565,0.5079,0.0,1684.3691279871534,0.0,1684.37
Bumper,moderate,0.2327,0.74,0.7151,5779.956523713407,2039.6702470123994,3758.11615109166,11577.74
Bumper,severe,0.345,0.9416,0.6363,6635.36161071295,3274.03458351423,3437.853117816782,13347.25
Door,minor,0.0395,0.5316,0.8103,0.0,2531.089978116795,2013.0084782262893,4544.1
Bumper,minor,0.0207,0.9071,0.505,0.0,1893.308357373858,2465.886692687812,4359.2
Hood,minor,0.0776,0.8865,0.6078,0.0,2394.836306836036,2668.8309934178437,5063.67
Fender,severe,0.4356,0.9788,0.4952,4676.029043684606,2593.656987667234,4978.437509835589,12248.12
Trunk,severe,0.5773,0.8752,0.9492,16811.199855015708,5275.91001820843,4135.09452297195,26222.2
Bumper,minor,0.0362,0.7375,0.9561,0.0,1680.7050987476175,2152.0302128084763,3832.74
Door,severe,0.6669,0.8993,0.6185,12355.362107467938,4977.19854777236,5865.722637324386,23198.28
Trunk,moderate,0.168,0.4852,0.9528,0.0,2754.9768249586714,4232.121640615812,6987.1
Bumper,minor,0.0523,0.8827,0.5742,0.0,1470.2987997287842,2533.7302660717055,4004.03
Bumper,minor,0.0553,0.735,0.744,0.0,1638.2936160702682,1621.4821043614859,3259.78
Headlight,minor,0.0914,0.8,0.8834,0.0,697.0908508329151,0.0,800.0
Windshield,severe,0.6301,0.4994,0.4266,9728.473111483654,3716.125856725316,0.0,13444.6
Bumper,severe,0.5689,0.6604,0.8765,6439.688058137044,2621.7902710811873,6367.976298305384,15429.45
Bumper,severe,0.6814,0.7444,0.8785,0.0,2399.3893697101653,5150.714722641482,7550.1
Fender,minor,0.01,0.4917,0.6821,0.0,2014.076853969641,1861.1551677901919,3875.23
Door,minor,0.0567,0.9255,0.6545,0.0,3360.226491537219,2510.6038870859707,5870.83
Door,minor,0.01,0.6795,0.775,0.0,3169.752543363647,1496.704139519165,4666.46
Bumper,moderate,0.294,0.8347,0.7911,0.0,1682.106309803543,3255.259503247357,4937.37
Light,moderate,0.2138,0.9252,0.8849,0.0,2073.4680865375676,0.0,2073.47
Headlight,minor,0.0319,0.758,0.956,4835.117911910307,1327.908384146349,0.0,6163.03
Door,minor,0.0592,0.9441,0.7487,0.0,3440.4918421289863,2198.525029284566,5639.02
Hood,moderate,0.2527,0.9572,0.9099,0.0,2122.273313540775,3815.0352241617934,5937.31
Trunk,moderate,0.214,0.6511,0.8861,0.0,3296.3665776675784,2987.9827414418714,6284.35
Fender,minor,0.0982,0.7367,0.9378,0.0,2689.2154068769605,3185.45834216859,5874.67
Door,minor,0.0626,0.6818,0.8246,0.0,2609.039517321672,1614.9853168753975,4224.02
Trunk,moderate,0.166,0.6229,0.9573,13261.55228954404,2668.200011381985,2970.191319963801,18899.94
Headlight,moderate,0.2176,0.5813,0.6229,11972.035051093819,1620.7581143114446,0.0,13592.79
Trunk,minor,0.0532,0.7159,0.9227,0.0,2021.6685839391166,2299.948664370048,4321.62
Windshield,severe,0.6582,0.9128,0.4187,10492.292804608134,3348.089501064535,0.0,13840.38
Trunk,moderate,0.1689,0.7782,0.6656,17950.75499318245,2865.4991928890463,2403.1199591412087,23219.37
Headlight,severe,0.6693,0.6411,0.906,5514.826263099412,1973.5446477579976,0.0,7488.37
Hood,minor,0.0358,0.4791,0.5024,0.0,1617.6575913324168,2342.3394770750833,3960.0
Fender,moderate,0.3894,0.8179,0.8453,0.0,3616.2648957447573,4865.637837371556,8481.9
Light,minor,0.0266,0.9362,0.6665,0.0,647.6940700622889,0.0,800.0
Windshield,moderate,0.2284,0.8586,0.4828,7295.463689826968,2437.200738707266,0.0,9732.66
Fender,minor,0.1065,0.9588,0.5943,0.0,3132.1650570066813,2260.572202081444,5392.74
Fender,minor,0.0337,0.8834,0.6643,0.0,2393.5927959075225,1744.243275144615,4137.84
Fender,minor,0.0913,0.4602,0.4651,0.0,2898.2437181620535,2413.4791032334942,5311.72
Hood,minor,0.0387,0.4776,0.5742,0.0,1873.1135258316453,2016.6307757664463,3889.74
Trunk,minor,0.0523,0.8135,0.6488,0.0,1763.5920688405902,1908.1265543116003,3671.72
Door,moderate,0.273,0.8006,0.7994,9502.194005834832,4162.575747269864,3096.179350156482,16760.95
Headlight,moderate,0.3554,0.7979,0.4952,11823.899265641045,857.1798482087867,0.0,12681.08
Hood,moderate,0.4446,0.5357,0.5198,0.0,3811.546727541473,3479.8910454835677,7291.44
Bumper,moderate,0.3133,0.5185,0.8973,0.0,1961.0349039238745,3081.048153481498,5042.08
Bumper,moderate,0.2333,0.9083,0.6264,0.0,2004.8806532030242,3671.775426818662,5676.66
Windshield,severe,0.5393,0.8096,0.7379,8927.766419719417,3309.797061595662,0.0,12237.56
Headlight,severe,0.5579,0.7671,0.7591,8501.9869827735,1811.0755542229938,0.0,10313.06
Hood,moderate,0.3238,0.6916,0.9529,12606.2816587495,3336.4237117155353,3610.661194859296,19553.37
Door,minor,0.0731,0.6622,0.7702,0.0,2722.49439322641,3056.9346411595907,5779.43
Windshield,minor,0.095,0.5399,0.4055,0.0,1917.207880181726,0.0,1917.21
Headlight,severe,0.6471,0.9317,0.5154,6321.443250854281,994.9321864390698,0.0,7316.38
Bumper,minor,0.0297,0.6228,0.4775,0.0,1443.9019124150577,2420.1103110872555,3864.01
Hood,moderate,0.1131,0.7729,0.428,11958.864235461833,3378.630092512231,2991.698410888338,18329.19
Hood,severe,0.496,0.6883,0.7555,11317.040957927955,3591.9643436326214,5918.49925325449,20827.5
Windshield,moderate,0.239,0.7146,0.7913,0.0,1656.1075121466117,0.0,1656.11
Trunk,moderate,0.1552,0.557,0.4409,10956.514841576416,2638.7887264406863,2934.489632008512,16529.79
Door,minor,0.0528,0.927,0.9371,0.0,2714.001048653548,3118.218137962091,5832.22
Fender,severe,0.379,0.8971,0.6971,4686.487487611818,4848.956368791975,4757.693535350373,14293.14
Windshield,minor,0.0136,0.7005,0.6876,0.0,1574.1446349255984,0.0,1574.14
Light,minor,0.01,0.7147,0.6753,0.0,1480.9449623199737,0.0,1480.94
Headlight,minor,0.072,0.5631,0.9254,10447.317983422368,828.3349988796344,0.0,11275.65
Door,minor,0.0497,0.9749,0.8684,0.0,3095.837604137713,2335.4644402355984,5431.3
Light,moderate,0.1,0.7981,0.8554,4152.4214201167215,889.91304879042,0.0,5042.33
Headlight,moderate,0.2872,0.8369,0.5235,0.0,1246.3885464463694,0.0,1246.39
Fender,moderate,0.3622,0.8605,0.9439,3427.8234027418216,4158.816824554031,3709.1585149636344,11295.8
Fender,severe,0.7126,0.8815,0.8456,5732.638717559888,3164.094462756362,6744.951097432618,15641.68
Hood,minor,0.0248,0.6074,0.8458,0.0,1726.365740451285,2351.6009346665546,4077.97
Headlight,minor,0.0131,0.584,0.7647,0.0,1066.5397043379978,0.0,1066.54
Fender,minor,0.0126,0.4694,0.7461,0.0,3166.5885205480595,1747.1985931228578,4913.79
Bumper,minor,0.0641,0.6156,0.5012,0.0,1747.8675519092753,1555.395228563734,3303.26
Trunk,minor,0.0447,0.5623,0.4342,0.0,2901.784074629647,2520.5232849798786,5422.31
Fender,moderate,0.2648,0.6597,0.7622,2943.223364506196,3252.885002890778,4078.756802266966,10274.87
Trunk,minor,0.0265,0.5163,0.4786,16144.273310836763,3094.767267700622,2295.8866676865637,21534.93
Door,minor,0.0714,0.4883,0.908,0.0,3323.744380018348,2224.756976250559,5548.5
Light,moderate,0.3081,0.4576,0.9243,0.0,1110.5962728585316,0.0,1110.6
Trunk,moderate,0.3222,0.7235,0.6007,0.0,3359.8416203204974,3872.444722228069,7232.29
Trunk,minor,0.0181,0.4705,0.4103,0.0,2218.9180167747463,2290.7459190492596,4509.66
Light,moderate,0.2244,0.7663,0.4712,0.0,1900.1696094281833,0.0,1900.17
Trunk,minor,0.1039,0.8262,0.7377,0.0,2768.2717844266017,2166.624317532638,4934.9
Windshield,moderate,0.2671,0.9404,0.6592,0.0,2945.5583530419967,0.0,2945.56
Trunk,minor,0.0872,0.4627,0.7772,0.0,2528.451705636282,3095.3714176706458,5623.82
Bumper,minor,0.0263,0.9067,0.4874,0.0,1495.7944540641352,2284.75121138908,3780.55
Door,severe,0.8044,0.496,0.4679,7654.014732322899,8189.6057836896,6806.2587441210835,22649.88
Headlight,severe,0.4078,0.756,0.9414,3606.8689692559233,1292.010237203582,0.0,4898.88
Trunk,moderate,0.1016,0.8444,0.8407,0.0,3212.400258445445,1863.5224521479815,5075.92
Door,minor,0.0413,0.587,0.5651,0.0,1984.0290337837614,2173.04448565737,4157.07
Fender,moderate,0.3391,0.638,0.4158,5922.51473818827,3123.626000290977,2560.3470878507596,11606.49
Fender,moderate,0.2976,0.9356,0.6253,6957.168255943926,2490.0013913800603,3358.247042849496,12805.42
Headlight,moderate,0.2619,0.9547,0.6567,0.0,912.63626157517,0.0,912.64
Fender,severe,0.6326,0.4841,0.4578,4609.095720622283,3912.091258165072,4872.576643910254,13393.76
Door,moderate,0.1706,0.7425,0.8833,0.0,2922.2223105399844,2228.207873884625,5150.43
Bumper,minor,0.01,0.6537,0.7901,0.0,1074.6970360254486,2636.0337771850423,3710.73
Bumper,minor,0.0514,0.6882,0.7189,0.0,1166.3673799552835,3124.8714374846845,4291.24
Windshield,severe,0.5458,0.5453,0.6015,0.0,3664.1351078769962,0.0,3664.14
Windshield,minor,0.0326,0.5278,0.9627,0.0,1977.6400933967882,0.0,1977.64
Fender,minor,0.0814,0.6574,0.6437,0.0,2235.2601329494596,2236.330982953838,4471.59
Trunk,minor,0.1352,0.5328,0.5994,0.0,2426.7458871231297,3029.158185761652,5455.9
Hood,minor,0.01,0.5491,0.7144,0.0,2927.8117236861017,1726.9803425664043,4654.79
Bumper,minor,0.0454,0.5207,0.968,0.0,1315.3196479358503,1858.659548338763,3173.98
Headlight,moderate,0.259,0.6976,0.8088,8760.232635240318,1055.56161960278,0.0,9815.79
Light,minor,0.0361,0.7204,0.7021,0.0,1082.280893770991,0.0,1082.28
Trunk,moderate,0.1834,0.851,0.8828,11955.660583235598,2239.6129898785575,2878.3240338588203,17073.6
Door,severe,0.7828,0.4572,0.6025,13727.05981397649,5326.112389253414,8609.321415397728,27662.49
Trunk,minor,0.087,0.6193,0.7401,0.0,3169.377168847717,3360.6007359217374,6529.98
Trunk,minor,0.0489,0.4596,0.4746,0.0,3172.1935514342954,2279.141788163824,5451.34
Fender,moderate,0.2634,0.7495,0.6716,0.0,2663.4636559913342,3225.5843615565855,5889.05
Bumper,moderate,0.1204,0.924,0.7042,7012.571366759553,1808.9233440472435,2413.831171842676,11235.33
Light,minor,0.0269,0.684,0.7005,0.0,1184.3622193173471,0.0,1184.36
Door,severe,0.8452,0.854,0.738,13177.009590656606,5361.714531692248,6898.037556776422,25436.76
Hood,minor,0.0755,0.8521,0.4566,0.0,3221.0212572382393,2851.4310933914717,6072.45
Fender,moderate,0.2553,0.6032,0.8638,0.0,3470.0659755506385,3303.916650821844,6773.98
Fender,minor,0.0106,0.561,0.9504,0.0,2944.7366268870965,2223.47729598479,5168.21
Door,minor,0.0362,0.7353,0.8307,0.0,3523.648605927361,2443.9034608721936,5967.55
Fender,moderate,0.2456,0.4869,0.8987,0.0,3228.9706256329464,4050.0408747755964,7279.01
Headlight,moderate,0.187,0.4728,0.6482,3799.226038631004,1045.3385102937386,0.0,4844.56
Bumper,minor,0.0103,0.5765,0.5314,0.0,1614.5646786574328,1496.320848840215,3110.89
Windshield,moderate,0.4273,0.8791,0.956,8921.734612419412,3321.464168644614,0.0,12243.2
Windshield,moderate,0.27,0.5308,0.4801,0.0,2003.1840594884773,0.0,2003.18
Windshield,moderate,0.3471,0.9262,0.5105,0.0,2431.758568208593,0.0,2431.76
Headlight,minor,0.0456,0.5488,0.6111,0.0,607.9869969723994,0.0,800.0
Headlight,moderate,0.303,0.7276,0.9477,0.0,884.8906240258763,0.0,884.89
Headlight,moderate,0.1,0.8245,0.8411,0.0,1776.9864103279756,0.0,1776.99
Headlight,severe,0.4979,0.5595,0.5974,7319.441010308928,1704.6091869797597,0.0,9024.05
Trunk,severe,0.5584,0.7843,0.6924,13670.534577016379,4275.225602981427,4029.7936497972855,21975.55
Door,minor,0.0559,0.5889,0.6508,0.0,2849.3202182680716,2473.3898435903925,5322.71
Trunk,moderate,0.2543,0.7749,0.7644,0.0,3260.1791869717385,3608.0741045672326,6868.25
Bumper,minor,0.0632,0.4547,0.6,0.0,1633.1359371191897,2070.3753055925717,3703.51
Light,moderate,0.3593,0.6374,0.8173,12820.791890095044,2318.8830792820454,0.0,15139.67
Headlight,minor,0.0874,0.9723,0.8784,0.0,1275.7288468980541,0.0,1275.73
Trunk,moderate,0.2055,0.6469,0.5131,0.0,2855.4034386537464,3026.8605777314538,5882.26
Bumper,moderate,0.1942,0.4689,0.8447,0.0,2709.949976037925,4350.795319046127,7060.75
Door,severe,0.574,0.5628,0.4467,15200.213010110318,5820.32947292958,4985.483564891198,26006.03
Fender,minor,0.0539,0.6384,0.5366,0.0,2361.5047275136517,1631.3274934230085,3992.83
Fender,minor,0.0397,0.8467,0.9233,0.0,2478.573637481619,2134.712833102083,4613.29
Headlight,minor,0.0792,0.8968,0.5046,0.0,593.7891656772907,0.0,800.0
Light,minor,0.0165,0.6799,0.8557,0.0,1161.1783254329268,0.0,1161.18
Windshield,minor,0.0333,0.8309,0.6554,0.0,1974.8356145889857,0.0,1974.84
Bumper,minor,0.01,0.6234,0.5909,0.0,1151.3288427590394,2494.5011243960375,3645.83
Light,minor,0.0861,0.7495,0.9291,0.0,1090.5244978101193,0.0,1090.52
Fender,moderate,0.2406,0.472,0.8185,0.0,2892.987505483089,3660.731522839296,6553.72
Fender,moderate,0.1,0.9184,0.8056,4669.530872202799,2632.5618860662216,2535.436706003566,9837.53
Headlight,minor,0.0832,0.7054,0.4246,0.0,979.2775049857722,0.0,979.28
Door,moderate,0.2405,0.8088,0.7815,0.0,4997.599594866797,4144.235560863163,9141.84
Hood,severe,0.5156,0.594,0.8454,0.0,4379.956343400826,3523.832067660293,7903.79
Trunk,moderate,0.3226,0.4853,0.921,13472.504936144966,3084.0291840353602,4029.5205150975457,20586.05
Windshield,severe,0.95,0.5966,0.7805,7609.773179507913,4701.174596598592,0.0,12310.95
Bumper,minor,0.0671,0.5799,0.8361,0.0,2098.168359971838,1941.3967177473285,4039.57
Windshield,moderate,0.1451,0.7759,0.877,0.0,2758.6717583797445,0.0,2758.67
Headlight,minor,0.0721,0.6848,0.5754,0.0,626.663817593965,0.0,800.0
Door,minor,0.0415,0.6568,0.6892,0.0,3028.9786387784156,1960.7890923108039,4989.77
Hood,minor,0.029,0.4722,0.796,0.0,1997.2437647489696,2383.357425087621,4380.6
Door,minor,0.0563,0.8896,0.5107,0.0,3306.4387182532746,2507.572533066264,5814.01
Headlight,severe,0.6725,0.7597,0.6144,5192.858338496896,1348.524241114923,0.0,6541.38
Light,severe,0.7783,0.4779,0.7193,7192.432593793215,1961.1129312061294,0.0,9153.55
Windshield,moderate,0.2468,0.6472,0.7536,12827.761043172613,2535.59276099293,0.0,15363.35
Trunk,severe,0.6379,0.8087,0.714,15492.173684092259,4448.1995228331525,6125.097064410937,26065.47
Light,severe,0.395,0.9033,0.9339,7461.8518398554315,1186.1137811757462,0.0,8647.97
Light,moderate,0.2602,0.6831,0.8477,11986.528953400164,1060.2132764219418,0.0,13046.74
Light,severe,0.5978,0.719,0.7203,8913.682481988997,1314.2440081020868,0.0,10227.93
Headlight,minor,0.0983,0.893,0.8284,0.0,1461.493322042423,0.0,1461.49
Hood,moderate,0.2654,0.9498,0.9161,0.0,2789.2650178202266,3230.1834790433786,6019.45
Bumper,minor,0.0525,0.8936,0.5682,0.0,1730.2415531118022,2179.67783874584,3909.92
Headlight,minor,0.0461,0.4701,0.7586,0.0,1137.5672904373337,0.0,1137.57
Trunk,moderate,0.2696,0.6849,0.6591,0.0,2747.635058627529,3750.2281505723467,6497.86
Trunk,moderate,0.2491,0.707,0.9165,0.0,3066.5793306361406,4031.3402965069417,7097.92
Bumper,severe,0.3722,0.8529,0.5014,7401.408128407742,3022.1633305197597,3946.0611068203825,14369.63
Trunk,severe,0.7799,0.4856,0.8144,12673.418887770587,4618.101743547306,8287.190346276491,25578.71
Trunk,moderate,0.3848,0.6008,0.7338,14250.964552186582,4241.605265770904,4908.573538892075,23401.14
Trunk,minor,0.0207,0.5827,0.4663,0.0,1666.0885114240207,2429.552956629157,4095.64
Headlight,moderate,0.1732,0.884,0.5162,0.0,1351.1488967085343,0.0,1351.15
Hood,minor,0.0497,0.4892,0.6794,0.0,1918.3811209136647,2008.2326500535758,3926.61
Trunk,minor,0.0712,0.5351,0.4446,0.0,1958.9308988074877,1564.1373191755042,3523.07
Door,moderate,0.1,0.8644,0.5428,0.0,4352.522393246739,2165.984351095278,6518.51
Bumper,minor,0.0606,0.7211,0.5541,0.0,2437.73061202145,2884.8482663385844,5322.58
Light,minor,0.0275,0.7955,0.9293,0.0,1584.563890336836,0.0,1584.56
Hood,severe,0.4783,0.9791,0.4285,14878.294435571772,3518.435075937793,3541.680879491405,21938.41
Light,moderate,0.1,0.5203,0.8707,7418.645708348009,1186.316753867906,0.0,8604.96
Hood,minor,0.01,0.6788,0.5927,0.0,2532.2686145607117,1834.3416799913095,4366.61
Door,severe,0.6713,0.5272,0.5928,13463.968384503873,5909.368212849163,6795.944367511014,26169.28
Light,minor,0.0408,0.8576,0.7873,0.0,1396.4453422076513,0.0,1396.45
Bumper,moderate,0.5,0.5314,0.9003,6617.741915773705,4300.42391457906,4951.232243086399,15869.4
Trunk,moderate,0.1279,0.4858,0.4994,11634.868801312849,2257.549743839822,2143.3434073083768,16035.76
Door,minor,0.075,0.5049,0.7149,0.0,2880.656911882097,2681.151423940438,5561.81
Bumper,minor,0.0659,0.937,0.7533,0.0,1947.2462832328906,2098.3214643328324,4045.57
Door,minor,0.0823,0.6905,0.7656,9261.720655111694,3539.635037630001,2160.3417274477174,14961.7
Hood,minor,0.017,0.6823,0.4098,0.0,2704.0969897980676,1541.9508870514853,4246.05
Door,minor,0.0108,0.7166,0.4448,0.0,2851.230624335189,1950.0312107013594,4801.26
Hood,minor,0.0602,0.8051,0.6725,0.0,1537.6130504700416,2082.235672536897,3619.85
Trunk,moderate,0.1454,0.7089,0.4794,0.0,2343.2943170092126,2845.762077022442,5189.06
Door,minor,0.0546,0.7471,0.9024,0.0,1985.172757600322,2000.8259025342306,3986.0
Door,moderate,0.2426,0.9384,0.6423,0.0,3066.3696744383556,3102.7369370728757,6169.11
Windshield,severe,0.4379,0.5514,0.5585,9203.570906649342,2984.825681245247,0.0,12188.4
Fender,severe,0.7001,0.6639,0.5837,5339.33258491919,5733.972786999739,8143.018706498249,19216.32
Light,severe,0.4615,0.8264,0.8418,12305.326123768937,2308.5156414706776,0.0,14613.84
Fender,minor,0.0551,0.6785,0.9614,0.0,2596.395194397873,2232.5016414146903,4828.9
Windshield,moderate,0.1762,0.4751,0.5137,0.0,1793.4422393007549,0.0,1793.44
Fender,minor,0.092,0.7466,0.4964,0.0,2196.4916994564087,2316.742662330569,4513.23
Hood,moderate,0.242,0.7424,0.9679,0.0,3272.7469527180583,2940.386214620195,6213.13
Light,moderate,0.3468,0.4972,0.4056,0.0,1607.492641064153,0.0,1607.49
Fender,moderate,0.1969,0.9313,0.7106,5727.956162806674,2312.417559672068,3050.547639885505,11090.92
Door,severe,0.7312,0.9649,0.6696,10722.574434762138,5338.118538928542,5422.202683528714,21482.9
Hood,minor,0.0314,0.9362,0.669,0.0,2347.462489194788,2743.374365409349,5090.84
Hood,severe,0.5705,0.6421,0.4881,15794.4772317633,5076.250801790509,6157.939412312134,27028.67
Door,moderate,0.3417,0.7901,0.788,14057.95177064812,3833.4055394875422,5497.503385120805,23388.86
Light,moderate,0.1619,0.9358,0.5353,9444.427550329709,1771.142959492195,0.0,11215.57
Trunk,moderate,0.2033,0.9378,0.6605,0.0,3129.1595975722203,4518.468625288765,7647.63
Fender,minor,0.0314,0.8988,0.5401,0.0,2033.1223036819504,2721.5698714599835,4754.69
Hood,severe,0.8255,0.7965,0.4441,14940.456317800277,4152.327776393182,8245.92598815971,27338.71
Windshield,minor,0.01,0.6032,0.8285,0.0,1213.164238379995,0.0,1213.16
Bumper,minor,0.0274,0.5703,0.721,0.0,1674.600350199257,2812.401413408346,4487.0
Headlight,moderate,0.1233,0.8557,0.4095,8690.600905491705,779.7009452040869,0.0,9470.3
Trunk,moderate,0.1601,0.6594,0.7272,14093.10195356347,2810.342958956103,2974.3177563727954,19877.76
Door,moderate,0.1694,0.7814,0.6975,0.0,3732.098650208713,3311.5330403933663,7043.63
Headlight,severe,0.5858,0.6892,0.4023,3813.6901924728486,1329.00561981775,0.0,5142.7
Bumper,minor,0.0938,0.5654,0.8022,0.0,1999.9622653277283,2846.128162137563,4846.09
Bumper,minor,0.046,0.9259,0.4868,8573.694259492602,2056.6698665639815,2420.307025403244,13050.67
Trunk,minor,0.0551,0.512,0.6894,0.0,2250.448205404867,2361.1378385877333,4611.59
Light,minor,0.0159,0.6143,0.8338,0.0,1096.8091626364833,0.0,1096.81
Bumper,minor,0.0388,0.8693,0.7633,0.0,1035.0100646569147,1993.9823543006994,3028.99
Light,moderate,0.2544,0.6013,0.7567,0.0,1669.1424732605049,0.0,1669.14
Door,severe,0.3589,0.8895,0.42,15275.298109589718,5062.985751002405,4408.389203836098,24746.67
Fender,moderate,0.1208,0.5529,0.6767,4918.544951600895,2887.4929714243367,2816.086619758063,10622.12
Bumper,minor,0.05,0.9646,0.6124,0.0,1816.9285016151869,3048.523609280063,4865.45
Bumper,moderate,0.2499,0.4937,0.8268,0.0,2223.539562322977,3711.2415392003913,5934.78
Hood,minor,0.046,0.6251,0.7122,0.0,1505.305326111336,1678.7580809391081,3184.06
Trunk,moderate,0.4557,0.666,0.4153,0.0,3634.343428240582,5074.765143040474,8709.11
Windshield,moderate,0.2225,0.746,0.8563,9395.026221320148,2469.876209130328,0.0,11864.9
Light,minor,0.0621,0.4802,0.6171,0.0,1047.084848836858,0.0,1047.08
Hood,minor,0.0407,0.9027,0.9395,0.0,1831.2414461818842,2534.624037326368,4365.87
Trunk,severe,0.6221,0.6704,0.574,12480.884422150057,5179.485225042695,5311.413068206406,22971.78
Light,moderate,0.1357,0.659,0.8447,0.0,1223.8583968389207,0.0,1223.86
Headlight,minor,0.0942,0.9311,0.7058,0.0,1743.4780231213115,0.0,1743.48
Light,moderate,0.1529,0.6852,0.7826,10598.318410825339,1650.1160358476757,0.0,12248.43
Trunk,moderate,0.2734,0.5594,0.7195,0.0,4188.902696854942,3931.120126297036,8120.02
Light,severe,0.3,0.7761,0.6467,3040.134929560612,1222.8246530373265,0.0,4262.96
Door,minor,0.058,0.8746,0.5535,0.0,3123.815229520586,2243.2859861249694,5367.1
Trunk,moderate,0.2842,0.9696,0.7121,0.0,3577.2014535175276,4792.319617984161,8369.52
Door,moderate,0.159,0.6955,0.5879,0.0,3712.0773902668834,3779.69973068392,7491.78
Door,minor,0.0491,0.5843,0.7674,0.0,2190.038906300094,2608.6693806676712,4798.71
Door,severe,0.95,0.8789,0.876,10748.713865757905,5829.387552222966,10851.228901147853,27429.33
Door,minor,0.0362,0.8778,0.6092,0.0,2083.2860310619644,2241.0860357808947,4324.37
Trunk,minor,0.0471,0.4671,0.759,0.0,2493.4909613537166,2549.075014961939,5042.57
Door,severe,0.3771,0.4518,0.5167,11226.456630262253,3725.5021807755843,6080.20154401512,21032.16
Door,minor,0.01,0.929,0.5028,0.0,2637.9734812289257,2234.5987670927934,4872.57
Door,minor,0.0108,0.8197,0.4422,0.0,1908.8578455529814,2116.1732782974846,4025.03
Fender,minor,0.0788,0.4914,0.947,0.0,2443.921370388113,1947.2101387130003,4391.13
Windshield,moderate,0.2868,0.5733,0.9108,9928.19754538751,1995.8905828081975,0.0,11924.09
Light,severe,0.95,0.8657,0.9352,6900.300726695259,3068.407967696356,0.0,9968.71
Door,moderate,0.3869,0.8098,0.755,12405.844803868104,5208.7337532465735,4321.710837079966,21936.29
Door,moderate,0.4434,0.932,0.8854,9234.651831320301,3453.6044728680126,4348.5188650558875,17036.78
Bumper,moderate,0.3486,0.6877,0.781,0.0,3407.076177579304,5134.910369534688,8541.99
Windshield,moderate,0.2384,0.7933,0.9318,8202.177802186117,1951.9554037238167,0.0,10154.13
Trunk,moderate,0.2519,0.6308,0.5485,15687.794002161645,3147.1587562011673,3708.626047913696,22543.58
Headlight,moderate,0.3197,0.644,0.9106,0.0,1594.748677655867,0.0,1594.75
Door,minor,0.0868,0.5424,0.5806,0.0,3619.6876634211926,2279.7468968758258,5899.43
Trunk,minor,0.096,0.9457,0.4376,0.0,2988.1234733773663,2617.5993176545667,5605.72
Door,minor,0.0923,0.5464,0.4984,0.0,3646.3065595447374,3261.28208945939,6907.59
Hood,minor,0.0117,0.949,0.9173,0.0,2991.4035808063554,2134.3760131051145,5125.78
Hood,minor,0.1193,0.7449,0.6865,0.0,1822.06127739629,2106.664963412478,3928.73
Fender,minor,0.0251,0.7121,0.449,0.0,2010.8035751682748,2046.6847287860746,4057.49
Fender,moderate,0.1891,0.6721,0.7958,7028.598045424977,3794.0077805600654,2854.0958421782166,13676.7
Trunk,minor,0.0502,0.5584,0.7988,0.0,2066.3535604799686,2296.3146936350895,4362.67
Door,minor,0.0362,0.516,0.7075,0.0,3156.7891605920618,2409.8167500489317,5566.61
Trunk,minor,0.0204,0.945,0.4836,0.0,1757.2685330288239,1556.5193847917528,3313.79
Bumper,minor,0.0485,0.7782,0.7594,5467.58275419552,1828.1645516459341,1764.5670669447159,9060.31
Windshield,severe,0.6879,0.6246,0.6135,7416.600162011012,2595.6606840875634,0.0,10012.26
Trunk,minor,0.0151,0.8434,0.7991,0.0,2856.1295538175864,2126.1627373416854,4982.29
Windshield,moderate,0.2479,0.8592,0.95,7059.918913780168,2325.515407254791,0.0,9385.43
Headlight,minor,0.0233,0.9368,0.8156,0.0,894.0487183308766,0.0,894.05
Fender,moderate,0.1842,0.9185,0.403,6321.979859378783,2489.127220470497,3452.7031334067324,12263.81
Trunk,minor,0.0726,0.5773,0.9548,0.0,2176.907539251006,2424.073937632035,4600.98
Windshield,moderate,0.2325,0.6585,0.9596,11935.863757178242,2043.0111031064257,0.0,13978.87
Light,severe,0.6411,0.8344,0.7077,12026.062827095755,2042.8578836461852,0.0,14068.92
Headlight,minor,0.0254,0.6276,0.627,0.0,832.5926706632094,0.0,832.59
Windshield,moderate,0.1048,0.664,0.7313,0.0,1112.431233764043,0.0,1112.43
Light,severe,0.5277,0.5614,0.9019,10024.917373914834,2054.1049670570283,0.0,12079.02
Trunk,severe,0.696,0.5336,0.8271,0.0,3499.1711239280185,4843.828190627048,8343.0
Headlight,moderate,0.3035,0.7286,0.7623,0.0,1633.6115280040933,0.0,1633.61
Bumper,minor,0.083,0.9455,0.5489,0.0,2488.701822817705,2541.577939686966,5030.28
Hood,minor,0.0357,0.5904,0.4443,0.0,3285.8420772107675,2289.1883424753278,5575.03
Door,severe,0.4664,0.7746,0.9516,13221.268746705116,5546.560039925026,4651.794318647899,23419.62
Headlight,moderate,0.2174,0.657,0.6737,0.0,1687.5758716689656,0.0,1687.58
Trunk,moderate,0.1517,0.8339,0.8064,0.0,3329.122221994811,3119.663624325682,6448.79
Fender,minor,0.0553,0.6075,0.5358,0.0,3254.384484720314,2602.499233501926,5856.88
Hood,severe,0.7111,0.9662,0.6619,13319.682351451944,5348.580721046091,4901.22815128196,23569.49
Door,moderate,0.1516,0.9239,0.9595,0.0,3899.431498192897,2057.3157941756576,5956.75
Trunk,minor,0.0538,0.6586,0.4326,0.0,2169.538684886788,2426.074933221887,4595.61
Windshield,minor,0.0135,0.6733,0.8839,0.0,1717.0905095323628,0.0,1717.09
Fender,minor,0.0897,0.8259,0.8989,0.0,2491.1605135775762,2251.3890051378335,4742.55
Hood,moderate,0.2142,0.6155,0.9275,16109.280495644902,2998.865085063431,3437.6707469258745,22545.82
Headlight,severe,0.5594,0.5288,0.6022,12564.212648047192,2070.583486816544,0.0,14634.8
Door,moderate,0.2412,0.6034,0.7998,0.0,3700.281936099687,5051.153710923063,8751.44
Bumper,moderate,0.1,0.9544,0.8052,0.0,1116.8497144482199,2738.8658020684306,3855.72
Trunk,minor,0.0585,0.4943,0.8771,0.0,1585.971970126808,3337.9028917351748,4923.87
Fender,severe,0.3584,0.9043,0.4348,4581.154254567406,3242.4272990904246,5424.185196551657,13247.77
Bumper,minor,0.0815,0.6295,0.6388,0.0,1846.8217555489032,2212.6564062587836,4059.48
Fender,moderate,0.3902,0.799,0.7499,4451.767671357685,3341.139801944397,5249.111975136532,13042.02
Fender,moderate,0.1494,0.9417,0.7648,0.0,2798.9922722816677,2911.0521118029383,5710.04
Light,moderate,0.2547,0.8188,0.7401,0.0,1588.8457073650775,0.0,1588.85
Trunk,moderate,0.1654,0.8809,0.89,0.0,1957.0736225864027,1994.0930541354803,3951.17
Windshield,severe,0.5625,0.5362,0.9119,9498.22783964203,2131.042103620956,0.0,11629.27
Headlight,minor,0.0377,0.4692,0.5413,0.0,1099.4335439647084,0.0,1099.43
Light,moderate,0.2266,0.6024,0.97,0.0,1567.6398324620318,0.0,1567.64
Windshield,minor,0.0473,0.7876,0.8329,0.0,1758.8996317218343,0.0,1758.9
Hood,minor,0.01,0.6652,0.5826,0.0,1679.6193844416784,1800.3170327269695,3479.94
Fender,moderate,0.332,0.9583,0.6988,2821.472169284883,3745.8613061127,2605.1785475694082,9172.51
Hood,severe,0.3675,0.6502,0.9058,15884.348857289384,4363.848543752608,3799.136824148921,24047.33
Trunk,moderate,0.1873,0.532,0.6794,14470.150615878565,2655.574029622461,2631.999692052467,19757.72
Windshield,minor,0.0198,0.58,0.6052,0.0,1762.2120028377535,0.0,1762.21
Fender,minor,0.0443,0.6934,0.9649,0.0,2396.9614107593998,1881.6962845674889,4278.66
Hood,moderate,0.4028,0.763,0.488,12778.717432485844,3008.6936250575086,4740.439582894503,20527.85
Headlight,moderate,0.1632,0.774,0.8226,0.0,1499.9219983573719,0.0,1499.92
Bumper,moderate,0.2499,0.8983,0.6358,0.0,2362.761262979938,3101.264374252063,5464.03
Windshield,moderate,0.3151,0.8232,0.796,0.0,2271.788921093451,0.0,2271.79
Headlight,minor,0.05,0.5369,0.6007,0.0,690.2099986451346,0.0,800.0
Door,severe,0.4827,0.5803,0.7908,8947.93360069498,5650.561503005033,4245.968779345251,18844.46
Hood,moderate,0.1,0.6622,0.448,16928.75821557973,3384.328001813563,2975.485209110292,23288.57
Fender,minor,0.0893,0.6474,0.8581,0.0,1913.8870070435266,2357.807077799215,4271.69
Door,minor,0.0297,0.7577,0.9531,0.0,2814.78104204575,2131.611768494239,4946.39
Hood,minor,0.0638,0.6764,0.5386,0.0,3122.368338168246,2243.064499582962,5365.43
Hood,moderate,0.263,0.5876,0.7374,14339.385904093164,3132.3850746479857,3217.6352684218746,20689.41
Trunk,moderate,0.3262,0.6827,0.7945,11524.866326850351,3828.458649305208,4865.640065055455,20218.97
Door,severe,0.7733,0.6748,0.5405,11978.36990824061,4589.5163946348885,7867.555032370649,24435.44
Trunk,moderate,0.3004,0.5347,0.6222,0.0,3961.805354621547,2472.4654580569727,6434.27
Bumper,moderate,0.2717,0.4508,0.6617,6023.609374261397,1780.910564036191,3072.9676087694074,10877.49
Bumper,severe,0.6603,0.8446,0.4613,7379.666397873109,3816.721068524805,6211.243844742253,17407.63
Fender,minor,0.0269,0.5013,0.6705,0.0,2370.217301343501,1696.6250308134358,4066.84
Door,minor,0.0655,0.478,0.5046,10874.123642458013,2802.271249862056,2925.957203381028,16602.35
Door,moderate,0.2232,0.5496,0.6733,8896.340027173277,3450.1908454755458,2828.033120557462,15174.56
Trunk,minor,0.0462,0.6217,0.4286,0.0,1700.8256623207876,2059.5947413299136,3760.42
Hood,minor,0.0285,0.6054,0.6611,0.0,2548.5655940868833,2041.0477646928352,4589.61
Fender,moderate,0.3323,0.6347,0.8771,0.0,3532.933602452702,3340.8909068078333,6873.82
Bumper,severe,0.5865,0.9487,0.7304,7085.6182497647715,3468.645178209472,5476.25234357894,16030.52
Trunk,severe,0.4097,0.5272,0.904,13289.737150837847,2970.5128898889343,3698.449962333318,19958.7
Light,moderate,0.4843,0.8662,0.6974,10372.80825264669,1747.325492565538,0.0,12120.13
Trunk,moderate,0.2949,0.4945,0.9133,0.0,2843.5021099641967,3752.409984041032,6595.91
Bumper,minor,0.0873,0.6308,0.5134,0.0,1749.246493358534,2342.841119199552,4092.09
Light,moderate,0.2563,0.5288,0.7345,0.0,701.0410131261145,0.0,800.0
Light,moderate,0.1695,0.7939,0.5879,0.0,999.732718012954,0.0,999.73
Bumper,severe,0.8135,0.8541,0.8266,5194.307783707051,3009.801625846517,7001.404477499939,15205.51
Windshield,severe,0.8135,0.5716,0.5064,7366.592530165984,4078.7603543690193,0.0,11445.35
Windshield,moderate,0.2389,0.9318,0.5266,0.0,2529.274441590765,0.0,2529.27
Door,moderate,0.2714,0.53,0.8211,9874.73964403013,3811.7117844403465,4291.660632162913,17978.11
Headlight,minor,0.0579,0.7295,0.5396,0.0,949.569559621391,0.0,949.57
Bumper,moderate,0.1291,0.6687,0.9589,0.0,2204.698858987364,2894.0788695384244,5098.78
Bumper,minor,0.0339,0.7749,0.9094,0.0,1793.2940946519448,2076.387592592116,3869.68
Hood,moderate,0.1989,0.6144,0.6939,0.0,2743.1898675800076,2362.254972036774,5105.44
Bumper,moderate,0.2721,0.8333,0.441,0.0,2844.980600826999,5288.3918006218255,8133.37
Door,moderate,0.3012,0.6673,0.4579,0.0,3854.628815387211,4188.84455662098,8043.47
Hood,minor,0.0698,0.7415,0.743,0.0,1559.2762467416837,2127.5033289678663,3686.78
Hood,severe,0.6688,0.9287,0.4411,14204.168410392947,3849.6124612075423,4144.582821339463,22198.36
Headlight,moderate,0.2838,0.9254,0.4099,0.0,1485.755622994368,0.0,1485.76
Trunk,moderate,0.2215,0.9165,0.9687,0.0,2720.5711001485815,2936.7838426637754,5657.35
Fender,minor,0.0861,0.9276,0.4092,0.0,2381.126470323885,2303.310471907213,4684.44
Door,moderate,0.215,0.5948,0.5645,0.0,4474.382328749109,4104.711413054964,8579.09
Headlight,moderate,0.1415,0.8232,0.7839,4571.5422457390205,1446.8979748859651,0.0,6018.44
Headlight,moderate,0.3552,0.6989,0.9089,6908.658347781512,1433.9900604697325,0.0,8342.65
Windshield,severe,0.6542,0.7088,0.6614,10968.40535538063,2961.3769584731035,0.0,13929.78
Headlight,moderate,0.2983,0.8148,0.9678,0.0,1359.572727349816,0.0,1359.57
Door,minor,0.0136,0.6902,0.5434,0.0,2120.282772190007,1500.6504944160592,3620.93
Door,moderate,0.1518,0.8846,0.7484,0.0,4406.695840714535,2491.063459927279,6897.76
Windshield,minor,0.0602,0.6997,0.4944,0.0,2348.269864700345,0.0,2348.27
Headlight,moderate,0.2495,0.8213,0.53,0.0,1168.0998292194972,0.0,1168.1
Hood,moderate,0.1669,0.7941,0.5417,0.0,3720.084899987311,2855.6557604023224,6575.74
Headlight,minor,0.0747,0.6254,0.5006,0.0,907.635770092624,0.0,907.64
Windshield,severe,0.538,0.6501,0.5839,0.0,2448.33554585292,0.0,2448.34
Trunk,severe,0.4324,0.7273,0.8762,12889.231955565523,3086.7176985212154,4522.258146928536,20498.21
Fender,moderate,0.1863,0.6193,0.4541,0.0,2721.130571398796,2991.568590974183,5712.7
Trunk,severe,0.8375,0.5453,0.7169,11756.516071635637,5095.725158815886,5901.358855198275,22753.6
Headlight,moderate,0.1362,0.968,0.7409,9793.666319045458,978.7086666225262,0.0,10772.37
Fender,minor,0.0671,0.793,0.4933,0.0,1832.9021015480744,1747.0531471242587,3579.96
Light,minor,0.0292,0.491,0.53,8279.419498071224,703.7680351499035,0.0,8983.19
Bumper,moderate,0.253,0.886,0.8853,0.0,1572.962199971313,2158.629832967056,3731.59
Windshield,minor,0.0444,0.7907,0.4598,0.0,2006.1858658989402,0.0,2006.19
Windshield,moderate,0.3668,0.6036,0.7085,9469.283531175834,3012.243060187491,0.0,12481.53
Bumper,severe,0.7845,0.6368,0.4446,5745.141881982028,3640.7501347041675,5423.542598177854,14809.43
Hood,moderate,0.2248,0.5974,0.401,14568.084340500502,2464.2317676178277,2969.4776452814517,20001.79
Door,minor,0.0289,0.622,0.6379,0.0,3309.0454521743086,1852.364575953848,5161.41
Headlight,severe,0.5091,0.4766,0.8814,4428.701111705231,2143.1008942080907,0.0,6571.8
Light,severe,0.5764,0.6468,0.4854,9133.271789120437,2084.0369568631504,0.0,11217.31
Light,moderate,0.1559,0.5457,0.4404,0.0,993.7979765921327,0.0,993.8
Windshield,moderate,0.1,0.9651,0.8828,0.0,2562.1338681623024,0.0,2562.13
Headlight,moderate,0.3011,0.6477,0.6781,6772.240896044065,1722.5361830808997,0.0,8494.78
Door,moderate,0.2426,0.4505,0.5144,0.0,3213.1548590684156,3542.0366058854784,6755.19
Trunk,minor,0.047,0.9196,0.5213,0.0,1817.750287410034,2349.6023945701368,4167.35
Fender,moderate,0.2284,0.8479,0.4834,3468.773009136547,3276.3372768639647,3846.03465053233,10591.14
Hood,minor,0.0255,0.8958,0.4988,16173.919279153699,1989.60743127427,1643.263856707092,19806.79
Windshield,minor,0.0735,0.7742,0.8227,0.0,1924.9885750108847,0.0,1924.99
Headlight,minor,0.0606,0.6621,0.8293,0.0,730.400903845786,0.0,800.0
Light,minor,0.0321,0.6761,0.5942,0.0,1464.7045507574562,0.0,1464.7
Fender,moderate,0.1904,0.7981,0.8661,0.0,2801.8091866356785,3894.067713814989,6695.88
Door,minor,0.0308,0.6421,0.5437,0.0,3187.689311846094,2196.922657327692,5384.61
Light,minor,0.0794,0.6943,0.6514,0.0,857.1580640593533,0.0,857.16
Headlight,moderate,0.3344,0.7474,0.7533,0.0,2109.4106147264747,0.0,2109.41
Hood,minor,0.0427,0.4774,0.8452,0.0,2349.436257626773,2305.2564690619565,4654.69
Fender,minor,0.0562,0.8344,0.6892,0.0,2505.2025572282855,2671.0330456477027,5176.24
Hood,minor,0.0262,0.7055,0.6043,16096.009904914443,2177.3450345779697,2609.9830091989165,20883.34
Trunk,moderate,0.2944,0.5896,0.5159,0.0,4560.7117147248,2571.348311658385,7132.06
Headlight,moderate,0.4018,0.7114,0.7723,9072.156278980166,1715.4190248195573,0.0,10787.58
Headlight,moderate,0.3421,0.5707,0.8671,0.0,1064.0543409022478,0.0,1064.05
Bumper,minor,0.0471,0.8383,0.5442,0.0,1095.0238439147554,1431.8998818555458,2526.92
Fender,minor,0.1007,0.5784,0.8183,6227.9941520902075,2221.4070005372487,3576.0145744556116,12025.42
Light,minor,0.0178,0.6265,0.7382,0.0,1350.4479811639671,0.0,1350.45
Fender,severe,0.6431,0.8231,0.837,5179.807201192378,4636.411301573899,6564.140154764768,16380.36
Door,moderate,0.2367,0.6555,0.7222,9216.110809576261,4346.066067027795,3108.518720497613,16670.7
Hood,severe,0.95,0.9672,0.6153,14285.496595425098,4730.761958394372,7523.837611242631,26540.1
Headlight,moderate,0.2916,0.5848,0.8676,10524.90751383022,1718.7467879932185,0.0,12243.65
Trunk,moderate,0.1769,0.5718,0.4622,0.0,3281.415825991623,2883.8184567755516,6165.23
Trunk,moderate,0.1,0.554,0.9743,10647.162019939222,2610.340389752534,2928.1786807744456,16185.68
Light,minor,0.01,0.773,0.6447,0.0,1060.6432288526091,0.0,1060.64
Light,minor,0.0408,0.7628,0.5928,0.0,649.3713442376595,0.0,800.0
Light,moderate,0.1849,0.6907,0.7052,0.0,790.9889301010916,0.0,800.0
Bumper,minor,0.0275,0.7865,0.7012,0.0,1299.2090953230424,2105.957544073305,3405.17
Windshield,minor,0.0438,0.7179,0.8027,0.0,1354.0277530821186,0.0,1354.03
Trunk,minor,0.01,0.6585,0.8058,0.0,1754.9261050166053,1710.6182647000942,3465.54
Fender,moderate,0.3252,0.7196,0.773,0.0,3906.297430874927,5064.381681807919,8970.68
Door,minor,0.0924,0.769,0.4759,0.0,3097.930422232202,2814.143316105086,5912.07
Light,severe,0.7982,0.6682,0.4625,10098.433459285297,2694.093554666445,0.0,12792.53
Light,minor,0.0413,0.8234,0.8985,0.0,1325.247218651238,0.0,1325.25
Light,minor,0.0491,0.8639,0.9378,0.0,1310.0769916058223,0.0,1310.08
Hood,minor,0.0214,0.5746,0.8891,0.0,2154.084590861326,2437.1354095766783,4591.22
Trunk,moderate,0.2778,0.8713,0.533,11789.004614525253,3543.82098902737,3429.3647145047426,18762.19
Bumper,moderate,0.3621,0.5799,0.8279,0.0,1704.0993150025195,5127.102007796497,6831.2
Bumper,moderate,0.2013,0.829,0.6143,0.0,1650.7010762808934,2829.413217984285,4480.11
Light,minor,0.0656,0.5898,0.8063,0.0,1275.3982156027694,0.0,1275.4
Hood,moderate,0.1166,0.6915,0.6655,0.0,2858.8064203170306,2845.875389375078,5704.68
Hood,minor,0.0604,0.4563,0.4356,0.0,1827.5321626698264,2234.6392778498503,4062.17
Door,minor,0.01,0.937,0.447,0.0,3430.557310249434,1437.4554523174854,4868.01
Fender,minor,0.042,0.7378,0.8701,0.0,3072.4868480537193,1994.4623455025437,5066.95
Windshield,minor,0.0588,0.5988,0.6941,0.0,2115.8786374493257,0.0,2115.88
Door,minor,0.0745,0.4817,0.4103,0.0,2881.622960502612,2088.115135794096,4969.74
Light,minor,0.0405,0.9136,0.8552,0.0,731.9461715778234,0.0,800.0
Bumper,minor,0.0681,0.9745,0.5411,0.0,1683.5601115449422,2224.80154526295,3908.36
Door,moderate,0.2361,0.6128,0.5083,9921.416531334256,3641.9817436257554,3620.4951456140507,17183.89
Headlight,minor,0.0557,0.4899,0.8382,0.0,726.8779422513109,0.0,800.0
Bumper,moderate,0.1,0.4622,0.7877,0.0,1691.5436084353382,2298.727082502894,3990.27
Light,minor,0.0783,0.6096,0.6805,0.0,1409.6215010213502,0.0,1409.62
Door,moderate,0.3454,0.7655,0.499,0.0,4065.34613960713,4096.35768827822,8161.7
Door,moderate,0.2301,0.7576,0.5968,11197.305646368723,4345.484058974164,2641.3646037651283,18184.15
Bumper,minor,0.0603,0.7847,0.5406,0.0,1115.551929588724,1731.7406442933939,2847.29
Windshield,moderate,0.2145,0.9363,0.548,0.0,1767.3497944279343,0.0,1767.35
Fender,severe,0.662,0.6007,0.555,4294.085689387622,3342.9469022247035,7945.307297493379,15582.34
Hood,severe,0.3422,0.7423,0.5589,12966.684238058051,3600.8069831364405,4996.700157678947,21564.19
Bumper,moderate,0.1566,0.7,0.6486,4790.558795279326,1611.685290852521,2544.598756410428,8946.84
Light,minor,0.01,0.9053,0.4044,0.0,1061.71416427984,0.0,1061.71
Door,moderate,0.279,0.4977,0.978,11522.890706404276,4636.265212605659,4065.935557452198,20225.09
Light,minor,0.0233,0.8179,0.9145,0.0,1133.6741323155406,0.0,1133.67
Windshield,minor,0.0498,0.5981,0.8243,0.0,1458.903919404467,0.0,1458.9
Door,minor,0.0382,0.5365,0.5935,0.0,3754.3107859978227,2163.425856313415,5917.74
Trunk,moderate,0.2464,0.5287,0.7942,0.0,3286.7535281062505,4008.434708631564,7295.19
Light,minor,0.0744,0.6285,0.6307,0.0,1059.357772923413,0.0,1059.36
Bumper,moderate,0.2775,0.5064,0.5224,0.0,1900.565280280505,3251.321301291273,5151.89
Bumper,moderate,0.3348,0.7933,0.4355,4218.233546400328,2844.9693051658064,4213.580342261528,11276.78
Bumper,severe,0.6051,0.6971,0.9594,7586.903601287937,3677.7887805407,4876.046598696618,16140.74
Windshield,minor,0.0222,0.9753,0.4782,0.0,2409.959574088907,0.0,2409.96
Fender,moderate,0.3064,0.9472,0.4444,0.0,3305.8794990259803,4253.385369492705,7559.26
Headlight,minor,0.0236,0.5087,0.5769,7072.268575931834,1145.672974388987,0.0,8217.94
Door,moderate,0.1787,0.8738,0.6679,13240.651922471316,3092.4117256150516,2545.030783066197,18878.09
Trunk,moderate,0.2481,0.6448,0.8089,10429.10660651379,2174.3777022041145,3300.4310251297643,15903.92
Fender,moderate,0.1376,0.6633,0.6737,0.0,3333.430699100824,3277.3278251414927,6610.76
Bumper,severe,0.6254,0.4628,0.5471,4964.425960062993,2986.9838615386843,5820.889396265713,13772.3
Windshield,moderate,0.244,0.8291,0.9551,0.0,1448.9490996953898,0.0,1448.95
Door,moderate,0.4285,0.7059,0.8986,0.0,4243.96020883261,3551.3039184822396,7795.26
Trunk,moderate,0.33,0.8072,0.8926,0.0,3228.942723743666,4412.725608219922,7641.67
Headlight,severe,0.4923,0.8127,0.4798,9941.803905896797,2071.2052699012943,0.0,12013.01
Hood,severe,0.95,0.9276,0.8819,16913.88802481518,5934.959291344113,9186.18689904784,32035.03
Headlight,moderate,0.3038,0.5999,0.6893,5370.561507306937,1809.0060087328973,0.0,7179.57
Bumper,severe,0.6435,0.7542,0.4741,6532.54320795774,2533.3716464741624,6059.351951945369,15125.27
Windshield,severe,0.5938,0.7342,0.9209,6697.121143124771,2963.5288650215884,0.0,9660.65
Fender,moderate,0.2804,0.7255,0.5438,4572.186621275886,2499.68857262716,2501.316745658281,9573.19
Hood,severe,0.7443,0.7242,0.513,9567.15468816004,5779.4450162813,6660.1395726913415,22006.74
Windshield,moderate,0.2133,0.6445,0.8343,0.0,2082.8216678991166,0.0,2082.82
Fender,minor,0.0417,0.6191,0.4797,0.0,2370.598639603011,2587.489474308165,4958.09
Light,moderate,0.1822,0.8284,0.4076,0.0,851.3739389988621,0.0,851.37
Fender,moderate,0.4027,0.6502,0.7421,0.0,4552.099562457455,5609.358516217667,10161.46
Hood,moderate,0.2029,0.65,0.7829,0.0,2647.305827886192,3488.161529690831,6135.47
Light,moderate,0.2619,0.5175,0.6693,0.0,946.3380845322528,0.0,946.34
Fender,minor,0.0493,0.688,0.9166,0.0,2685.296875370705,2781.937098970211,5467.23
Hood,moderate,0.1262,0.8042,0.8637,16105.091830249852,2158.9736633471384,2353.774143680076,20617.84
Trunk,moderate,0.3856,0.8908,0.8945,15510.252683327233,2552.761869569555,3685.881412994331,21748.9
Trunk,minor,0.0178,0.8157,0.5531,0.0,2324.0249306079263,1959.4038989034589,4283.43
Windshield,minor,0.0928,0.461,0.4562,0.0,1554.3842595491255,0.0,1554.38
Bumper,severe,0.4785,0.8124,0.9002,5439.9119165318725,3092.6792168282104,5448.960926171722,13981.55
Fender,minor,0.0861,0.7407,0.8569,0.0,1972.25125667842,2665.143447933699,4637.39
Trunk,minor,0.0407,0.5795,0.8291,0.0,2042.9855199154324,1885.8199367769942,3928.81
Fender,severe,0.5511,0.8892,0.4763,3474.2260288613093,3249.981652673957,7439.515635015943,14163.72
Bumper,moderate,0.2127,0.7423,0.8709,0.0,1264.5736272920656,3736.947095554398,5001.52
Hood,minor,0.0239,0.6023,0.6108,0.0,2678.1361120023967,2129.737865939281,4807.87
Bumper,minor,0.0441,0.6296,0.5485,0.0,1798.0308080886746,2861.7190191303484,4659.75
Windshield,minor,0.0222,0.8098,0.8519,0.0,1528.8021843800118,0.0,1528.8
Hood,moderate,0.1934,0.8222,0.8705,0.0,2969.616290375856,2961.1930071672637,5930.81
Bumper,moderate,0.4011,0.5919,0.9156,0.0,3648.1706628762895,4551.171613407998,8199.34
Windshield,minor,0.1075,0.8055,0.6874,0.0,1395.296049964244,0.0,1395.3
Bumper,minor,0.0377,0.7933,0.8119,0.0,2106.7759758407597,2301.272253072039,4408.05
Fender,minor,0.01,0.5027,0.7823,0.0,2006.239240992504,2092.811762655866,4099.05
Fender,minor,0.0422,0.957,0.5299,0.0,1934.1866947717854,2181.798319547275,4115.99
Trunk,minor,0.0833,0.7489,0.7765,0.0,2200.0375176505477,2373.8679055918724,4573.91
Windshield,severe,0.4309,0.9092,0.9275,10165.514924839512,3219.7608075426806,0.0,13385.28
Light,minor,0.0356,0.9293,0.9275,0.0,1002.0500386087888,0.0,1002.05
Windshield,minor,0.0336,0.8558,0.8291,0.0,1795.0821437541472,0.0,1795.08
Headlight,minor,0.0478,0.9352,0.5879,0.0,1353.7107268620264,0.0,1353.71
Headlight,minor,0.0245,0.8018,0.4362,0.0,977.5916815332404,0.0,977.59
Light,minor,0.0527,0.9614,0.5537,0.0,1153.363263998762,0.0,1153.36
Trunk,severe,0.6302,0.6797,0.9251,10907.157518101072,4557.958560977515,4909.210355229852,20374.33
Headlight,severe,0.8045,0.4646,0.87,7443.1085621447755,2786.439685951663,0.0,10229.55
Windshield,minor,0.01,0.7929,0.6998,0.0,2108.5706641732177,0.0,2108.57
Headlight,minor,0.0999,0.9056,0.5245,0.0,902.6723795494372,0.0,902.67
Bumper,moderate,0.1493,0.9305,0.8767,0.0,1870.4880450425208,3436.861079897616,5307.35
Door,severe,0.4283,0.7986,0.8727,13447.53623977625,5855.335273297463,5040.526940042769,24343.4
Bumper,moderate,0.2291,0.7209,0.493,0.0,1682.667696420181,3580.1726291168225,5262.84
Trunk,severe,0.4552,0.475,0.4787,11330.965570131077,4455.4834747975565,5567.56300755116,21354.01
Fender,severe,0.4288,0.8113,0.9419,6078.568474320291,3037.785199494257,4410.354751839423,13526.71
Windshield,moderate,0.3356,0.921,0.7043,0.0,2915.685899353039,0.0,2915.69
Trunk,minor,0.0733,0.5217,0.5826,0.0,2183.011313420918,2642.803092872342,4825.81
Windshield,severe,0.7427,0.6973,0.9769,8118.287986764298,2430.2217776118973,0.0,10548.51
Headlight,minor,0.01,0.8205,0.562,0.0,1072.7227553318314,0.0,1072.72
Windshield,minor,0.1002,0.7613,0.7306,0.0,1764.1360492533636,0.0,1764.14
Door,minor,0.0707,0.6499,0.5276,0.0,3368.082250346576,2974.5898741588912,6342.67
Headlight,moderate,0.2479,0.6428,0.4582,0.0,1465.8135198210402,0.0,1465.81
Door,minor,0.0317,0.8884,0.8831,0.0,2778.9513375826828,2228.9066789849753,5007.86
Trunk,minor,0.0449,0.8984,0.5197,0.0,1597.6241218756,2387.0505067601907,3984.67
Windshield,severe,0.5052,0.9594,0.5111,11054.219439474451,3263.7574132625637,0.0,14317.98
Light,moderate,0.1,0.6112,0.7832,0.0,1582.773439689724,0.0,1582.77
Light,minor,0.0799,0.5435,0.8186,0.0,1668.4142622632257,0.0,1668.41
Door,minor,0.0782,0.6303,0.4012,0.0,2804.825540649023,2399.7926096298797,5204.62
Headlight,minor,0.0236,0.4739,0.6236,0.0,1397.455525846148,0.0,1397.46
Headlight,minor,0.0452,0.6287,0.8406,0.0,720.2895017708288,0.0,800.0
Trunk,moderate,0.1981,0.566,0.6921,0.0,1750.2649034288165,2387.532865192614,4137.8
Headlight,severe,0.4596,0.6986,0.8379,6169.123020846297,2508.751500248954,0.0,8677.87
Hood,moderate,0.459,0.8514,0.4294,0.0,4215.412420653259,3101.0967027225115,7316.51
Bumper,severe,0.4729,0.4666,0.5829,7716.914312398921,3452.4445201702883,4309.7127851935575,15479.07
Door,severe,0.6361,0.847,0.7316,13232.16386722341,5216.411379750123,7128.459057945652,25577.03
Light,minor,0.0444,0.4653,0.4718,0.0,1223.5278380662894,0.0,1223.53
Light,moderate,0.3759,0.8403,0.9613,11630.536497331488,2373.1685318461437,0.0,14003.71
Fender,moderate,0.1895,0.8371,0.6148,5838.695496951209,2523.613166583394,2607.061413872099,10969.37
Door,severe,0.4854,0.5168,0.53,14695.644806789622,3571.321568681879,3490.9645653033294,21757.93
Fender,minor,0.0502,0.4852,0.7012,0.0,2424.3086669144404,2042.3479310275507,4466.66
Hood,moderate,0.3008,0.5823,0.9461,15473.44914387234,3125.3439587429903,5397.5984234024345,23996.39
Trunk,minor,0.0348,0.8078,0.541,14587.172129049679,2166.2587920512424,2896.2804283734044,19649.71
Hood,minor,0.0164,0.7571,0.434,0.0,2711.3015147074743,1732.6986581984281,4444.0
Light,moderate,0.3152,0.5507,0.8481,0.0,987.3362295802524,0.0,987.34
Door,severe,0.3409,0.7838,0.5927,8008.363849499983,3987.6614510756453,3502.752362751818,15498.78
Fender,moderate,0.1948,0.6468,0.7885,4661.968197197202,2730.1175954002306,2565.399112331274,9957.48
Fender,moderate,0.1775,0.6826,0.876,5839.176060860503,2565.4135307532633,2458.1653695194495,10862.75
Hood,severe,0.5365,0.6811,0.4502,11368.054292246678,4558.623001132963,4813.624631966549,20740.3
Door,moderate,0.1,0.4652,0.7578,12404.259064755377,2837.010774194519,2270.4052655355363,17511.68
Windshield,minor,0.01,0.9317,0.9293,0.0,2414.964574153162,0.0,2414.96
Light,minor,0.0639,0.8304,0.737,0.0,820.1443928102052,0.0,820.14
Headlight,minor,0.01,0.4762,0.9113,0.0,999.8660934715888,0.0,999.87
Windshield,moderate,0.2335,0.5623,0.7111,8918.062189296152,1431.180273728404,0.0,10349.24
Hood,severe,0.5727,0.5989,0.7033,13179.166486005875,3565.84519129519,5098.261910947675,21843.27
Trunk,minor,0.0534,0.5015,0.626,0.0,2189.0216384619325,2661.7417092588444,4850.76
Fender,minor,0.0731,0.4949,0.898,0.0,2925.5628573438785,2560.108319357924,5485.67
Fender,moderate,0.2909,0.6504,0.4449,0.0,2847.737136926816,3348.910349154223,6196.65
Windshield,severe,0.6236,0.5528,0.972,7277.781783867912,2088.341028663769,0.0,9366.12
Door,minor,0.0309,0.6269,0.5901,0.0,2354.941013514593,3110.61943894167,5465.56
Headlight,minor,0.0273,0.893,0.7525,0.0,1116.2700269551985,0.0,1116.27
Bumper,minor,0.09,0.9501,0.6805,0.0,1318.928812932124,2487.7050094890883,3806.63
Hood,moderate,0.1603,0.7977,0.699,10493.688381181253,1766.0547593998706,3793.8737485661964,16053.62
Hood,moderate,0.3355,0.9467,0.4626,11260.554285228038,3126.2789682317575,3905.4499651226056,18292.28
Windshield,moderate,0.15,0.8237,0.8908,0.0,1901.4448042234521,0.0,1901.44
Hood,moderate,0.2963,0.7723,0.4627,16644.57441971816,2357.9473736293967,3463.5528725969684,22466.07
Trunk,moderate,0.2131,0.5442,0.9772,0.0,2602.4739161971243,3615.7542398552914,6218.23
Headlight,minor,0.0944,0.5454,0.7228,0.0,880.2142249883334,0.0,880.21
Light,minor,0.0669,0.6555,0.6692,0.0,1082.3618556690353,0.0,1082.36
Door,minor,0.0651,0.477,0.929,0.0,3320.6023662960447,1963.8883147641259,5284.49
Light,moderate,0.2667,0.7709,0.8129,3365.577008532038,1941.4469250468546,0.0,5307.02
Trunk,moderate,0.3017,0.5736,0.7725,11657.7238571304,3453.039857832498,2865.4327914443315,17976.2
Light,moderate,0.1793,0.87,0.8055,5709.17639994241,1276.4893416138373,0.0,6985.67
Headlight,moderate,0.1489,0.8893,0.5576,6613.61798176435,1220.711127301737,0.0,7834.33
Light,moderate,0.392,0.7477,0.8244,0.0,1791.136964996189,0.0,1791.14
Headlight,minor,0.0683,0.5402,0.4129,0.0,780.3400746749061,0.0,800.0
Headlight,minor,0.0607,0.8308,0.4707,0.0,1095.8509881414723,0.0,1095.85
Trunk,moderate,0.2926,0.5593,0.9753,13658.998688232985,2709.2921703047423,3845.569172236968,20213.86
Fender,severe,0.4864,0.9531,0.4188,4185.512238666908,5068.506964580598,5930.739372498252,15184.76
Headlight,moderate,0.3208,0.4593,0.7115,0.0,2074.2672252038083,0.0,2074.27
Headlight,severe,0.6209,0.5242,0.8154,9949.011413462526,1356.0735687568772,0.0,11305.08
Fender,minor,0.0616,0.5419,0.4844,0.0,1906.8815864616647,2308.272567499337,4215.15
Hood,minor,0.0132,0.8925,0.6431,0.0,1735.3527092367494,2294.552179695623,4029.9
Light,severe,0.5163,0.7869,0.8137,3723.0912900957874,1635.4761744286664,0.0,5358.57
Bumper,moderate,0.184,0.7862,0.8977,0.0,1788.6866013141882,2585.7368251080775,4374.42
Bumper,severe,0.7086,0.5351,0.9196,8717.348825392695,4625.039713720904,5088.008455444681,18430.4
Light,minor,0.1001,0.5439,0.4323,0.0,1337.4901184136882,0.0,1337.49
Trunk,moderate,0.2051,0.7394,0.4438,0.0,2586.6072357538583,2243.7649580680886,4830.37
Windshield,minor,0.0778,0.5209,0.6505,0.0,1758.4616790196517,0.0,1758.46
Light,severe,0.4237,0.7592,0.7929,10518.498687822585,1725.0296073977108,0.0,12243.53
Trunk,moderate,0.3057,0.7583,0.9086,11508.744487433407,3205.768438735675,4239.47706200976,18953.99
Hood,minor,0.03,0.8436,0.5919,0.0,1660.8223729858144,2021.6665107819447,3682.49
Trunk,minor,0.01,0.4525,0.8345,0.0,1887.9204950996902,2682.3576180980094,4570.28
Trunk,severe,0.6356,0.7735,0.9776,15172.534938067385,4590.976935186283,4820.180349419764,24583.69
Hood,minor,0.0573,0.7037,0.503,0.0,1855.2255550145371,2479.6449419120568,4334.87
Trunk,minor,0.0297,0.7334,0.6451,0.0,2385.9342717193317,1602.6748314532133,3988.61
Door,severe,0.95,0.697,0.6663,9469.536323327726,8386.180908718945,8258.9936723882,26114.71
Bumper,minor,0.0238,0.8264,0.9132,0.0,1620.2250740949694,1976.0581713656516,3596.28
Trunk,severe,0.9319,0.8782,0.7904,12413.829068783121,4531.592985170868,8240.425633909505,25185.85
Door,minor,0.0517,0.6283,0.8483,0.0,2219.034494313307,1473.2824241492217,3692.32
Door,moderate,0.368,0.6469,0.4187,0.0,4085.2416662205533,4614.1250507517425,8699.37
Headlight,minor,0.0503,0.6299,0.4717,0.0,723.8918316976841,0.0,800.0
Fender,severe,0.556,0.9337,0.7303,6306.506178431085,3210.4237777073704,5891.998051931532,15408.93
Fender,minor,0.0397,0.7847,0.6235,0.0,1937.2791440860522,2350.6025200774347,4287.88
Fender,severe,0.3,0.4533,0.7659,4512.425890763733,2330.244261343699,3049.705405265013,9892.38
Windshield,minor,0.0378,0.6416,0.828,0.0,2126.550589671139,0.0,2126.55
Trunk,moderate,0.4104,0.8291,0.456,0.0,3306.399875617055,3632.8832916740594,6939.28
Bumper,moderate,0.2613,0.5537,0.7541,4894.233305875666,2586.9890798673346,4432.913042745844,11914.14
Fender,minor,0.1008,0.7998,0.9675,0.0,2437.9602397588374,2735.551243896937,5173.51
Hood,minor,0.0334,0.6452,0.8201,0.0,1771.4647875845217,2145.1966825276922,3916.66
Fender,severe,0.5506,0.4768,0.8979,4243.1740330134435,3919.6555695105394,4833.5845464023905,12996.41
Trunk,moderate,0.2903,0.7532,0.8371,0.0,2838.840315666317,4856.903262584036,7695.74
Hood,minor,0.0543,0.6982,0.8522,0.0,2395.0513828785047,2127.224189878106,4522.28
Hood,moderate,0.3426,0.7671,0.4307,0.0,2948.9087397001554,5227.398378122574,8176.31
Windshield,moderate,0.2383,0.6922,0.8644,7905.040064018998,2478.649132068542,0.0,10383.69
Light,severe,0.6392,0.6703,0.4581,5816.712654429822,1458.405053664212,0.0,7275.12
Door,moderate,0.1,0.9148,0.6156,9566.289709277855,3476.743778738123,2593.250704388134,15636.28
Light,severe,0.4481,0.8163,0.5407,10075.75119649481,1713.1518005655325,0.0,11788.9
Hood,minor,0.0232,0.7628,0.5396,0.0,2123.30518308371,2812.9182320522505,4936.22
Light,minor,0.0933,0.5576,0.6484,0.0,1310.0881638883907,0.0,1310.09
Light,minor,0.0187,0.9317,0.4171,0.0,1265.984515294403,0.0,1265.98
Hood,moderate,0.179,0.8308,0.5182,0.0,1782.837678802531,2319.328873523605,4102.17
Hood,minor,0.0128,0.5464,0.7487,0.0,2057.483171381802,2153.2802083906213,4210.76
Headlight,minor,0.0756,0.6629,0.4613,0.0,580.0867502921745,0.0,800.0
Headlight,moderate,0.4639,0.6243,0.9594,0.0,1596.1525636098006,0.0,1596.15
Door,minor,0.0499,0.6582,0.6898,0.0,2950.837504247512,2205.1005480943318,5155.94
Headlight,moderate,0.1015,0.5097,0.4465,7034.471114685861,603.2334458526716,0.0,7637.7
Trunk,severe,0.6843,0.5624,0.7025,17988.637208728727,4411.163726797781,4583.500730445637,26983.3
Door,minor,0.01,0.5856,0.4326,0.0,2103.92817618574,1987.2102510184836,4091.14
Headlight,severe,0.4698,0.7248,0.5883,3233.013895170242,2225.009198230104,0.0,5458.02
Fender,moderate,0.4727,0.8609,0.4972,6635.643762235606,3676.9005911531967,4875.583851724092,15188.13
Hood,moderate,0.1059,0.9516,0.4416,13972.407027901814,3368.815267159549,2776.709491663871,20117.93
Light,moderate,0.2832,0.8189,0.6536,11556.974210492092,1165.2927917923812,0.0,12722.27
Windshield,moderate,0.1,0.6602,0.9443,11065.825512365072,2440.3138339930133,0.0,13506.14
Bumper,moderate,0.4088,0.8746,0.9469,0.0,3103.2981187558726,4203.579047399712,7306.88
Light,minor,0.0167,0.7513,0.8493,0.0,835.898602474988,0.0,835.9
Hood,minor,0.063,0.4947,0.5178,0.0,2310.22154224026,2208.183874378754,4518.41
Light,moderate,0.1122,0.5608,0.9768,11077.26250238777,1833.758903721073,0.0,12911.02
Windshield,moderate,0.1842,0.5451,0.5224,11643.039532981733,2100.6589185042017,0.0,13743.7
Trunk,minor,0.0604,0.5416,0.7502,0.0,2074.028102313312,3156.7418310849566,5230.77
Headlight,severe,0.4322,0.9235,0.5079,3631.208008804602,2042.94116396292,0.0,5674.15
Trunk,moderate,0.1587,0.4965,0.6506,0.0,1992.9398011524568,1956.3526167262432,3949.29
Headlight,minor,0.035,0.595,0.4536,0.0,549.8675260264893,0.0,800.0
Hood,minor,0.0356,0.4835,0.7441,0.0,2198.6238302097204,2244.320153004072,4442.94
Hood,severe,0.7814,0.8126,0.4608,10880.165114454518,6421.2074024656695,6285.325807984709,23586.7
Light,minor,0.0389,0.7344,0.5621,0.0,1399.3095586741115,0.0,1399.31
Hood,minor,0.0349,0.7211,0.8862,0.0,2119.413732577694,2406.1376809890553,4525.55
Door,moderate,0.2872,0.8413,0.5585,0.0,3663.457748716677,3733.047595367823,7396.51
Windshield,severe,0.389,0.4872,0.5558,10021.404588347328,2362.311916536361,0.0,12383.72
Bumper,severe,0.4498,0.5754,0.9503,9818.064406378515,2372.3011490026092,4822.705439029749,17013.07
Bumper,severe,0.6611,0.8448,0.886,4057.3956199688178,2077.5865201813067,8865.138434229539,15000.12
Headlight,moderate,0.2138,0.5721,0.6404,0.0,1922.294481349309,0.0,1922.29
Door,minor,0.0557,0.9078,0.5975,0.0,2593.1604732773644,3378.572650790881,5971.73
Trunk,minor,0.0542,0.8338,0.6237,0.0,2277.864490543556,1579.1756255539462,3857.04
Door,moderate,0.1559,0.7184,0.8926,0.0,3355.8060039547618,2191.711744584337,5547.52
Bumper,minor,0.0711,0.6755,0.8316,0.0,2572.6374278957983,1927.150082289587,4499.79
Windshield,severe,0.502,0.828,0.7314,6023.1665800327355,2377.5358749370293,0.0,8400.7
Hood,moderate,0.3092,0.5376,0.6405,0.0,3550.7559229634817,4211.9340096626,7762.69
Windshield,moderate,0.3231,0.4583,0.568,0.0,1916.1438374334684,0.0,1916.14
Fender,moderate,0.1,0.6734,0.7464,0.0,2966.605191084858,2558.830712016312,5525.44
Bumper,severe,0.5883,0.6091,0.4687,8191.152630864593,4408.96030055552,7490.3657382391675,20090.48
Light,moderate,0.4781,0.6394,0.8036,0.0,1174.8005026569883,0.0,1174.8
Headlight,severe,0.7713,0.6268,0.6829,9109.666315179102,2509.604058416029,0.0,11619.27
Bumper,minor,0.01,0.7112,0.7991,0.0,2222.447762770256,1631.5449565479123,3853.99
Hood,minor,0.013,0.907,0.409,0.0,2290.9422155128254,2154.681417798772,4445.62
Hood,moderate,0.3086,0.8649,0.6127,0.0,3414.320888853669,4354.847334848574,7769.17
Hood,moderate,0.169,0.7593,0.4211,16280.94816722507,2563.084266794856,3011.7814582100054,21855.81
Trunk,minor,0.01,0.5742,0.5124,0.0,2879.8602084856066,2481.5075250375376,5361.37
Trunk,minor,0.0665,0.8579,0.5403,0.0,2313.7164076445665,2364.384142210594,4678.1
Door,severe,0.7136,0.8056,0.7469,11529.258431910479,5176.077138450251,5756.695601141654,22462.03
Headlight,moderate,0.2233,0.7588,0.7567,0.0,1388.9779711687129,0.0,1388.98
Windshield,minor,0.0327,0.5709,0.4406,0.0,2033.3985909261232,0.0,2033.4
Door,minor,0.01,0.7807,0.9379,0.0,2938.171215965794,2143.4549533484433,5081.63
Hood,minor,0.0321,0.5738,0.8686,0.0,2357.4403363250344,2332.412379366921,4689.85
Trunk,severe,0.4475,0.7705,0.8064,18044.289710253033,3936.1271162527164,3914.346002464347,25894.76
Light,moderate,0.1787,0.696,0.5903,0.0,768.292801748445,0.0,800.0
Hood,moderate,0.1515,0.7006,0.5614,0.0,3376.311827046992,2440.4823771424794,5816.79
Fender,moderate,0.2977,0.8586,0.8721,3895.96085141615,3639.940213092918,5138.265295278674,12674.17
Trunk,minor,0.0706,0.9738,0.8728,0.0,1775.685698605351,2163.253998086615,3938.94
Hood,moderate,0.137,0.5838,0.5618,0.0,2577.7630356132145,2671.9504211702515,5249.71
Hood,minor,0.0744,0.82,0.671,0.0,2207.3398550695715,2591.8572107301184,4799.2
Windshield,minor,0.041,0.7951,0.844,0.0,1653.2934632994738,0.0,1653.29
Windshield,moderate,0.2071,0.8338,0.4436,0.0,2370.9536537910026,0.0,2370.95
Fender,minor,0.0861,0.769,0.9394,0.0,2370.5306420082916,2037.6077395792,4408.14
Fender,severe,0.6363,0.9468,0.5606,4176.700393944885,3578.9078905056135,8091.444557173195,15847.05
Light,minor,0.0224,0.6789,0.7229,0.0,900.7439552111623,0.0,900.74
Headlight,moderate,0.245,0.5448,0.7769,10474.247182238309,1049.5292395356346,0.0,11523.78
Door,severe,0.4923,0.5123,0.6418,11151.128495871868,3151.1809457220847,4277.518257669518,18579.83
Hood,moderate,0.4113,0.7996,0.5915,17827.578626280283,3433.2192248857527,3581.9020769436406,24842.7
Bumper,moderate,0.2412,0.9223,0.5864,0.0,2718.9290123109336,3472.524623048675,6191.45
Hood,moderate,0.2794,0.7961,0.5932,0.0,4209.954824676839,3027.6651825879653,7237.62
Door,moderate,0.4025,0.5919,0.5637,0.0,4105.729592027269,3223.632208096037,7329.36
Door,moderate,0.1805,0.9371,0.9013,15136.226467199862,3159.5383154717974,2187.79489729392,20483.56
Windshield,minor,0.025,0.6405,0.4368,0.0,1401.5482966002087,0.0,1401.55
Hood,moderate,0.4103,0.8969,0.5657,17909.348578332054,4600.772632333307,4002.3665122913676,26512.49
Door,minor,0.0766,0.6296,0.8359,0.0,3977.7050304036557,2262.0477352850235,6239.75
Hood,severe,0.6959,0.4715,0.9647,15893.87000411345,5181.702961875653,6239.634834111245,27315.21
Trunk,moderate,0.3155,0.977,0.7782,0.0,2409.855526591105,3622.6692848797807,6032.52
Trunk,moderate,0.2332,0.8952,0.4866,0.0,3757.5494073788336,2872.796205139462,6630.35
Headlight,severe,0.6267,0.6726,0.5195,0.0,1921.992606227315,0.0,1921.99
Fender,minor,0.0254,0.4508,0.7361,0.0,2759.5991816290125,1822.157425507656,4581.76
Fender,moderate,0.1,0.667,0.8482,7505.085522877284,2502.379046266037,2746.217555033061,12753.68
Door,moderate,0.1631,0.5226,0.7257,12001.854686318968,2881.2572877135267,3709.1345903580177,18592.25
Trunk,minor,0.0922,0.8307,0.878,15605.297894356476,3269.602994045851,2690.1883493596183,21565.09
Windshield,moderate,0.2803,0.8433,0.5117,0.0,2737.0990718923576,0.0,2737.1
Door,moderate,0.1,0.9644,0.8937,0.0,2750.2797692239496,2936.893792714118,5687.17
Bumper,moderate,0.2726,0.9461,0.8886,4578.745404596077,2172.0854518653377,3241.7554935308367,9992.59
Trunk,minor,0.0665,0.9186,0.7503,0.0,2964.2508460733147,2322.437461813812,5286.69
Hood,moderate,0.3236,0.59,0.5757,15711.656778451412,2884.833683330251,3508.0963318964873,22104.59
Hood,severe,0.5678,0.4836,0.5732,11707.991366863998,3307.552443342798,4761.652762644342,19777.2
Light,moderate,0.1,0.5412,0.83,0.0,1113.3292296642908,0.0,1113.33
Bumper,minor,0.0702,0.9164,0.6668,0.0,1754.6818759535784,2496.7835253529533,4251.47
Trunk,moderate,0.1454,0.5789,0.7323,0.0,2005.2735751911036,2278.672646381665,4283.95
Bumper,moderate,0.2967,0.7392,0.5927,0.0,2243.0150715231484,4298.953805558248,6541.97
Hood,moderate,0.3296,0.6808,0.9603,10305.50225590725,3164.0973124772227,3894.4864109601617,17364.09
Headlight,moderate,0.2626,0.5013,0.8314,0.0,1067.2162141573826,0.0,1067.22
Headlight,moderate,0.2405,0.7703,0.6593,0.0,862.9591914571062,0.0,862.96
Light,minor,0.0501,0.688,0.5942,0.0,1418.758756531851,0.0,1418.76
Hood,minor,0.01,0.9277,0.7227,0.0,2643.339472757768,2621.3783418911644,5264.72
Light,minor,0.056,0.8436,0.6934,0.0,1280.8216830271792,0.0,1280.82
Hood,minor,0.0385,0.514,0.9744,0.0,2694.646514832419,1967.496301248787,4662.14
Headlight,severe,0.5819,0.8966,0.9759,4329.4614999922405,1061.158680220674,0.0,5390.62
Bumper,minor,0.0568,0.4603,0.6932,0.0,1709.1739588436662,2234.927331364711,3944.1
Door,minor,0.0205,0.8647,0.9417,0.0,2921.5183992744496,2444.7135756903413,5366.23
Bumper,severe,0.678,0.6355,0.8578,4449.260066901313,3780.2126872542476,6977.017877039474,15206.49
Door,moderate,0.4458,0.6099,0.6713,0.0,4671.906961747377,3798.392121582572,8470.3
Trunk,minor,0.0718,0.4691,0.753,0.0,3174.620229406654,1839.0959273419362,5013.72
Door,moderate,0.1926,0.915,0.5721,11403.799978729583,3421.3224294835736,2371.8554056797193,17196.98
Light,moderate,0.1572,0.6783,0.9383,0.0,1990.165002319185,0.0,1990.17
Hood,minor,0.1023,0.9252,0.9056,0.0,2608.0606062548363,2522.704502765301,5130.77
Door,moderate,0.1769,0.8155,0.646,0.0,3836.0195047131306,3153.06811006603,6989.09
Trunk,moderate,0.1568,0.9186,0.6325,0.0,3783.06590501529,1989.5132927128157,5772.58
Hood,minor,0.0526,0.6054,0.8576,0.0,1950.8848356384249,2417.636596227606,4368.52
Light,moderate,0.2298,0.8405,0.4097,0.0,1034.2549265702758,0.0,1034.25
Headlight,moderate,0.1,0.7935,0.407,0.0,983.1614890496498,0.0,983.16
Hood,severe,0.6629,0.8302,0.411,10572.616316242003,3511.47823208334,5617.006947929404,19701.1
Light,severe,0.6221,0.7099,0.8848,7680.619161745887,2016.8073756531614,0.0,9697.43
Fender,severe,0.6029,0.6269,0.8957,6385.719685102631,4984.305673981868,6429.931682209614,17799.96
Hood,severe,0.7255,0.9148,0.418,0.0,3868.7381810690827,6065.93491351838,9934.67
Windshield,severe,0.5672,0.9377,0.8672,7276.07311034712,2027.3548518202165,0.0,9303.43
Hood,minor,0.0863,0.646,0.4716,0.0,2635.8804288956153,2726.1152344365123,5362.0
Fender,severe,0.4652,0.5515,0.7199,5250.592114403218,4018.5404752072113,4515.438597111651,13784.57
Windshield,minor,0.0817,0.7041,0.6793,0.0,1881.2513992938138,0.0,1881.25
Windshield,moderate,0.1,0.8985,0.8746,11662.826984681376,1508.2932664521131,0.0,13171.12
Door,minor,0.0768,0.9759,0.6787,0.0,3626.8338799346043,1916.2942886481333,5543.13
Trunk,moderate,0.1352,0.8492,0.9549,0.0,3651.722214744388,3179.6185204022922,6831.34
Light,minor,0.0938,0.5892,0.4492,0.0,923.4855780411732,0.0,923.49
Windshield,minor,0.0943,0.6174,0.7547,0.0,1866.4390021480237,0.0,1866.44
Windshield,minor,0.0844,0.8725,0.9448,0.0,2572.9948685606096,0.0,2572.99
Trunk,severe,0.7021,0.5531,0.516,10508.036895498268,6007.817939909785,7866.610304125144,24382.47
Hood,minor,0.0719,0.6927,0.7633,0.0,2740.035760559945,2688.229701376023,5428.27
Hood,minor,0.0735,0.7906,0.4427,0.0,2364.621123319436,2002.756339097368,4367.38
Bumper,moderate,0.1927,0.481,0.682,0.0,1597.8470646011076,3351.1261895803973,4948.97
Door,minor,0.0247,0.7933,0.807,0.0,2516.1851531257844,2566.9074095928586,5083.09
Windshield,severe,0.79,0.7195,0.661,10494.667461410754,2496.3873448310005,0.0,12991.05
Trunk,moderate,0.2095,0.5686,0.7104,0.0,3422.2387609548437,4241.371567388512,7663.61
Fender,minor,0.034,0.5259,0.6852,0.0,2051.0132157631256,1977.77206451145,4028.79
Bumper,severe,0.5058,0.4761,0.8082,9031.015491978367,3642.2026094812963,4457.070302839925,17130.29
Windshield,severe,0.7589,0.9706,0.9,11179.810771370787,2878.30942363072,0.0,14058.12
Trunk,minor,0.0808,0.8515,0.8191,0.0,2227.754702871904,3294.853689413955,5522.61
Door,moderate,0.2028,0.9133,0.4566,0.0,3006.665039230982,2736.6317114983785,5743.3
Fender,moderate,0.2179,0.93,0.9056,0.0,3305.2163837390367,3179.5928322241625,6484.81
Light,moderate,0.3253,0.6154,0.5541,8596.641570648855,1646.396150115167,0.0,10243.04
Trunk,moderate,0.1901,0.6614,0.8844,0.0,1935.4505147692025,3170.5146789000883,5105.97
Headlight,moderate,0.361,0.9185,0.596,0.0,988.1562017652923,0.0,988.16
Door,minor,0.0467,0.969,0.4721,0.0,2240.2373954832287,2129.603126447409,4369.84
Windshield,moderate,0.395,0.8212,0.8076,0.0,2600.6025920490906,0.0,2600.6
Trunk,moderate,0.3814,0.5604,0.5602,0.0,2739.394714992834,3879.183373496957,6618.58
Trunk,minor,0.0888,0.6287,0.496,0.0,1867.6762577596267,2790.6362836447584,4658.31
Bumper,minor,0.0649,0.717,0.8724,0.0,1563.080370360011,2205.734305929645,3768.81
Trunk,moderate,0.2619,0.8564,0.5191,17283.838658398323,4001.954286896479,3967.6821202590763,25253.48
Light,minor,0.0401,0.7314,0.9619,0.0,967.7414633993224,0.0,967.74
Headlight,minor,0.0149,0.5999,0.578,0.0,495.36691306743376,0.0,800.0
Trunk,minor,0.0641,0.979,0.8863,0.0,2655.6092094157707,2432.297100805776,5087.91
Headlight,severe,0.429,0.5596,0.9634,7873.21748303936,1524.24666696297,0.0,9397.46
Trunk,minor,0.026,0.8075,0.5708,0.0,2277.886313096806,2197.1891418231,4475.08
Bumper,minor,0.0818,0.9108,0.4635,0.0,1636.387546563859,2306.0216897357964,3942.41
Light,minor,0.0427,0.7257,0.5259,0.0,742.556645382655,0.0,800.0
Fender,moderate,0.3368,0.9526,0.7995,6650.019259271895,3566.3730050123477,3490.0846700534275,13706.48
Windshield,severe,0.6073,0.8384,0.8271,10945.347451452997,3780.5881539974375,0.0,14725.94
Hood,moderate,0.1516,0.5294,0.9518,15692.992828127253,1843.745780350983,2218.607577442693,19755.35
Windshield,minor,0.0398,0.6404,0.5888,0.0,2223.464765675423,0.0,2223.46
Trunk,moderate,0.185,0.9602,0.5342,0.0,2713.968741573585,3607.3861666851044,6321.35
Trunk,minor,0.0994,0.8116,0.4187,0.0,2532.628673603939,3276.9394596299626,5809.57
Door,minor,0.027,0.5429,0.8927,0.0,3766.5776671547846,1941.1052868719548,5707.68
Fender,moderate,0.2513,0.7186,0.5846,0.0,2812.9477276806106,3846.667114338085,6659.61
Light,minor,0.0119,0.899,0.5425,0.0,1209.5278924362813,0.0,1209.53
Trunk,moderate,0.2793,0.5887,0.9364,16745.989878340257,3896.449280385351,4406.74313940249,25049.18
Windshield,moderate,0.1676,0.5255,0.8639,0.0,1511.234630908602,0.0,1511.23
Door,minor,0.0309,0.5553,0.4816,0.0,2598.854558387113,2031.1080418151091,4629.96
Hood,moderate,0.2923,0.9142,0.6959,15425.667862970316,3389.9636941423278,3588.0766618971243,22403.71
Windshield,severe,0.516,0.8349,0.6835,10988.847603933036,3396.1369109673997,0.0,14384.98
Hood,severe,0.6506,0.8581,0.9633,12080.8638712491,4139.275904941215,7620.171729729531,23840.31
Fender,minor,0.062,0.6749,0.4666,0.0,3108.506730223827,1941.3333820293124,5049.84
Door,minor,0.0419,0.9491,0.6302,0.0,2262.012193494554,2433.7039260649885,4695.72
Windshield,moderate,0.1819,0.5475,0.7263,0.0,1603.6911377072677,0.0,1603.69
Hood,moderate,0.2172,0.7563,0.7806,0.0,2833.8417317652356,4044.8049356624365,6878.65
Door,severe,0.6653,0.49,0.4284,0.0,6988.027927121037,8029.198578570629,15017.23
Fender,severe,0.5036,0.4564,0.92,5854.693236411699,4200.294151891262,3346.3052122086133,13401.29
Fender,minor,0.0932,0.5494,0.8806,0.0,2184.143684455006,3163.1677094487245,5347.31
Door,minor,0.085,0.5447,0.7614,0.0,3384.329392999268,3157.4148951773045,6541.74
Light,minor,0.0644,0.9715,0.8914,0.0,725.9233092529893,0.0,800.0
Door,moderate,0.1245,0.5589,0.5855,0.0,3890.626445518261,2746.8048799372045,6637.43
Headlight,moderate,0.4596,0.9494,0.7924,5539.119540666933,1309.999373699668,0.0,6849.12
Light,severe,0.8748,0.5914,0.7108,8906.15907968558,2538.558979518982,0.0,11444.72
Windshield,moderate,0.2812,0.5739,0.9583,0.0,1484.1608182545854,0.0,1484.16
Headlight,moderate,0.2001,0.4598,0.4787,0.0,1694.805573324336,0.0,1694.81
Trunk,severe,0.7553,0.9084,0.8516,13941.312230680775,4925.487894868216,7254.024494703979,26120.82
Headlight,minor,0.0422,0.4547,0.8181,0.0,873.8903311780028,0.0,873.89
Windshield,minor,0.01,0.825,0.4264,0.0,1956.75631955997,0.0,1956.76
Light,moderate,0.3487,0.6612,0.4152,5364.815765330103,1873.2257790315068,0.0,7238.04
Windshield,minor,0.01,0.5047,0.5512,0.0,2162.901925441558,0.0,2162.9
Trunk,severe,0.3207,0.9268,0.8532,10843.458840901329,2558.8351620395015,4841.288682895538,18243.58
Bumper,minor,0.0786,0.6391,0.9716,0.0,2362.403042537606,2805.0701151941907,5167.47
Door,minor,0.042,0.6734,0.5325,0.0,3334.95375019996,1996.0872348150876,5331.04
Bumper,moderate,0.2576,0.5145,0.5541,0.0,2270.8616254863928,4177.471492503241,6448.33
Bumper,moderate,0.3423,0.788,0.8803,0.0,2278.852119163881,4415.2372466879715,6694.09
Fender,minor,0.1025,0.7722,0.7299,0.0,1789.5893807704679,1835.1233526598357,3624.71
Light,moderate,0.2171,0.5741,0.9737,8612.346024108603,1636.5233515948428,0.0,10248.87
Hood,moderate,0.2484,0.8173,0.6356,13830.716692638478,3033.9443033644134,3868.46144661093,20733.12
Hood,severe,0.5028,0.9453,0.6827,14392.983664195628,4030.241347998354,5174.389095402791,23597.61
Windshield,minor,0.0323,0.834,0.6984,0.0,1719.735794531576,0.0,1719.74
Windshield,minor,0.0654,0.6434,0.637,0.0,2248.851023402548,0.0,2248.85
Door,moderate,0.1143,0.8689,0.9582,0.0,2250.665272173693,2836.551407234597,5087.22
Hood,moderate,0.5,0.7235,0.7447,11713.989608437889,4752.336488789111,3917.259137159911,20383.59
Trunk,moderate,0.219,0.5642,0.8989,0.0,1880.9200076550799,2704.6370952486886,4585.56
Headlight,moderate,0.1948,0.6569,0.427,0.0,1291.016328775059,0.0,1291.02
Bumper,moderate,0.1814,0.4899,0.8171,0.0,2264.9260945413707,2509.2061152358583,4774.13
Door,moderate,0.2057,0.7762,0.6271,0.0,3743.9869023952533,2960.544415172194,6704.53
Light,severe,0.4402,0.7788,0.7855,6650.931920488172,1896.1236259521802,0.0,8547.06
Trunk,minor,0.1034,0.74,0.7825,0.0,2415.7096335459028,2414.417605170727,4830.13
Hood,minor,0.024,0.8122,0.5408,0.0,3132.608081764678,2445.205023761515,5577.81
Headlight,minor,0.0437,0.8974,0.9377,0.0,934.2886847397003,0.0,934.29
Trunk,moderate,0.2248,0.8223,0.7845,0.0,3406.652834024668,3937.264961547231,7343.92
Trunk,moderate,0.1568,0.927,0.4505,0.0,2824.217357659655,2799.025018896944,5623.24
Bumper,moderate,0.1693,0.9698,0.8092,0.0,2328.693690016489,4064.4504581503306,6393.14
Windshield,moderate,0.3808,0.8537,0.7334,11586.946599279965,2356.9049562553637,0.0,13943.85
Headlight,minor,0.082,0.4793,0.7432,0.0,1315.0958250320969,0.0,1315.1
Windshield,moderate,0.2608,0.7552,0.9667,0.0,2369.1985339459065,0.0,2369.2
Trunk,moderate,0.2512,0.8748,0.5355,0.0,2911.746103155302,2421.5956200678615,5333.34
Light,minor,0.0682,0.6965,0.6126,0.0,1340.1281534353302,0.0,1340.13
Trunk,moderate,0.1643,0.6111,0.899,0.0,3666.7284237670997,3038.9736111980897,6705.7
Headlight,severe,0.561,0.6742,0.4605,4116.245067834117,1875.4791871358962,0.0,5991.72
Hood,minor,0.0539,0.8683,0.6464,0.0,2879.4929757858918,2236.6518762881815,5116.14
Bumper,minor,0.0795,0.6936,0.4893,0.0,2268.558958869913,2050.243363300036,4318.8
Light,minor,0.0433,0.943,0.6566,0.0,1099.937567074885,0.0,1099.94
Trunk,moderate,0.1379,0.7463,0.4934,0.0,2660.3326012071257,2246.2475356721343,4906.58
Windshield,severe,0.5979,0.6354,0.5785,7655.684745204602,3648.1003774442556,0.0,11303.79
Fender,moderate,0.3465,0.7448,0.5602,0.0,3384.2003501031363,3543.4014687272343,6927.6
Hood,moderate,0.3499,0.7534,0.6823,0.0,2672.3028114034037,5575.751687679727,8248.05
Door,severe,0.4323,0.7263,0.8678,10523.492106764084,4875.551563188981,4198.0706901800195,19597.11
Door,minor,0.0628,0.54,0.9398,0.0,2603.305899255746,2507.1046990680566,5110.41
Headlight,minor,0.0644,0.6809,0.5032,0.0,1615.4420198613866,0.0,1615.44
Trunk,minor,0.0736,0.6042,0.4379,0.0,2517.59386119506,2071.259107681038,4588.85
Windshield,minor,0.0979,0.8474,0.5757,0.0,1813.0511791717263,0.0,1813.05
Windshield,minor,0.0535,0.835,0.9493,0.0,2531.840881137835,0.0,2531.84
Windshield,minor,0.0233,0.5722,0.6949,0.0,1114.0509647422168,0.0,1114.05
Trunk,minor,0.01,0.8704,0.5022,0.0,2127.249113015069,2562.312832408933,4689.56
Fender,moderate,0.2807,0.6746,0.5846,7761.1858561543595,3623.2659179317316,3447.338672595807,14831.79
Trunk,moderate,0.4028,0.7613,0.4935,9568.13873772103,4455.466027031803,4743.150674140141,18766.76
Door,moderate,0.1937,0.8294,0.6109,0.0,4419.650225134475,3333.402641302018,7753.05
Windshield,moderate,0.318,0.9208,0.6798,12123.16196966023,2638.911424396415,0.0,14762.07
Trunk,moderate,0.2447,0.8144,0.8276,0.0,2565.2661995443486,3060.087365474955,5625.35
Door,moderate,0.3865,0.8377,0.6212,0.0,5527.186969481286,3829.7223905306973,9356.91
Door,minor,0.0369,0.453,0.6411,0.0,3803.968534927901,2016.5631574017707,5820.53
Windshield,moderate,0.3756,0.7873,0.7338,0.0,2220.585946959617,0.0,2220.59
Light,minor,0.0917,0.7157,0.5564,0.0,1088.0279930528188,0.0,1088.03
Trunk,severe,0.4948,0.5882,0.4133,16950.515698675754,4485.1496053004985,4954.62501002497,26390.29
Bumper,severe,0.5498,0.6518,0.6614,8797.853879847811,2297.828721510513,5280.276474116594,16375.96
Fender,minor,0.0403,0.7709,0.4546,0.0,3020.899116432111,2494.1040594435453,5515.0
Headlight,minor,0.0449,0.8433,0.8718,0.0,767.1357480008903,0.0,800.0
Bumper,severe,0.6509,0.5787,0.9445,6259.282426632614,2238.911367088865,7757.080436969041,16255.27
Bumper,minor,0.0321,0.5277,0.518,0.0,1135.2653408436365,1639.5152865191583,2774.78
Door,minor,0.0683,0.4913,0.7054,0.0,2958.331186252895,2147.851910325704,5106.18
Headlight,moderate,0.343,0.507,0.6512,0.0,1520.1000188726264,0.0,1520.1
Door,severe,0.602,0.6126,0.7084,8830.451581898,4423.419606780549,4350.953674615385,17604.82
Trunk,minor,0.0127,0.8224,0.7559,0.0,1852.8006715634774,2631.7590678942324,4484.56
Bumper,moderate,0.1329,0.6008,0.6436,0.0,1846.4620516556665,3378.782315328092,5225.24
Fender,severe,0.4057,0.7929,0.4091,3494.9990082329527,2404.6438101380036,3305.368606197143,9205.01
Windshield,minor,0.01,0.8536,0.9024,0.0,1532.0977996625854,0.0,1532.1
Bumper,severe,0.5913,0.8107,0.9759,8820.199310945185,2791.6148273863023,4703.496032327298,16315.31
Fender,severe,0.7794,0.675,0.8121,6688.500604653486,6586.211951358693,7980.148073965204,21254.86
Hood,moderate,0.1569,0.9487,0.5249,0.0,2612.548973276176,3027.119660323439,5639.67
Bumper,minor,0.0422,0.916,0.6016,0.0,1810.2541160809578,2774.572657912235,4584.83
Trunk,minor,0.0111,0.551,0.4597,0.0,2272.0846879268697,1396.7705092885005,3668.86
Light,moderate,0.2869,0.6266,0.8063,8468.390700844884,2076.6703474083374,0.0,10545.06
Windshield,moderate,0.2179,0.5985,0.8624,0.0,2029.8602959824746,0.0,2029.86
Hood,minor,0.1177,0.4609,0.7655,0.0,3267.7741717325616,2973.9235639008434,6241.7
Hood,minor,0.0697,0.777,0.568,0.0,2238.1388455289252,2914.6784613678337,5152.82
Windshield,minor,0.0484,0.6278,0.8053,0.0,1821.496009779836,0.0,1821.5
Headlight,severe,0.4255,0.5086,0.461,5836.939882277086,1603.7363455177501,0.0,7440.68
Windshield,moderate,0.3225,0.9295,0.8748,0.0,1624.116217069777,0.0,1624.12
Fender,minor,0.0436,0.4587,0.4478,0.0,1760.7737787710191,2037.1437687957975,3797.92
Bumper,moderate,0.1004,0.531,0.7865,0.0,1132.2010423738786,3000.2144662462074,4132.42
Hood,moderate,0.2133,0.4703,0.5028,15704.281916959504,2014.8829204135732,3119.439070300317,20838.6
Trunk,severe,0.5881,0.6911,0.7202,11909.200969087453,3639.785166745798,5261.445990536792,20810.43
Windshield,moderate,0.1,0.9564,0.9112,0.0,2243.780319781808,0.0,2243.78
Light,severe,0.6254,0.9717,0.6985,3428.811209091879,1376.2157388483079,0.0,4805.03
Hood,minor,0.0881,0.8408,0.6882,0.0,2412.059978550291,3142.3627398147737,5554.42
Windshield,moderate,0.2788,0.9132,0.4901,0.0,2218.208427197149,0.0,2218.21
Windshield,severe,0.4875,0.8603,0.467,9922.49302577017,4075.7325479583046,0.0,13998.23
Headlight,moderate,0.3732,0.4901,0.8148,0.0,2401.0853657621246,0.0,2401.09
Door,minor,0.1039,0.8242,0.7305,0.0,3014.642685919904,2256.183946600852,5270.83
Light,minor,0.0965,0.7615,0.7353,0.0,831.6100676499135,0.0,831.61
Hood,minor,0.0298,0.4973,0.7353,0.0,2775.0654184781874,2466.921738489439,5241.99
Fender,moderate,0.3525,0.7009,0.6432,2763.9272212133524,4245.466899597754,4667.268105197125,11676.66
Windshield,minor,0.0642,0.7191,0.7733,0.0,1232.7224063439837,0.0,1232.72
Bumper,severe,0.5555,0.7348,0.404,8403.416731412579,3986.510615267464,7596.959426041439,19986.89
Trunk,minor,0.0622,0.8217,0.9405,0.0,2033.8283047667799,2195.189615147139,4229.02
Door,moderate,0.261,0.9559,0.7977,8359.938774110547,3136.35196736201,3068.2136005533957,14564.5
Bumper,minor,0.0692,0.5008,0.4532,0.0,1516.0522972550878,2565.342155065763,4081.39
Hood,severe,0.4546,0.8722,0.6604,15491.575896434793,4093.3000269427494,4448.932393417636,24033.81
Headlight,minor,0.0549,0.749,0.4097,0.0,1115.135892921713,0.0,1115.14
Windshield,moderate,0.3138,0.5807,0.8289,0.0,3577.1239467463097,0.0,3577.12
Hood,moderate,0.1928,0.7112,0.5379,15577.8136398505,1967.5329596417407,2739.0463811521645,20284.39
Fender,severe,0.5538,0.466,0.5685,4222.898034047972,4841.552431122413,4896.599824611517,13961.05
Fender,severe,0.95,0.9739,0.7677,4259.357180987897,3831.5347143751496,6885.494835570251,14976.39
Light,severe,0.7141,0.7953,0.4547,7191.4948102731405,2380.1500756256705,0.0,9571.64
Bumper,minor,0.1252,0.5111,0.6815,0.0,1771.8559292650991,3243.679892682008,5015.54
Fender,moderate,0.215,0.8125,0.5711,0.0,3459.372483009254,2647.2486198954557,6106.62
Light,moderate,0.1252,0.9048,0.5757,9807.107464921794,1344.3687598630472,0.0,11151.48
Hood,moderate,0.2758,0.8335,0.8811,0.0,3841.939603492588,4393.115911495931,8235.06
Headlight,moderate,0.3476,0.6718,0.6312,10560.132488721758,1228.9589409919179,0.0,11789.09
Door,severe,0.95,0.7878,0.6131,13103.558088731861,5846.362145920151,6762.622453013084,25712.54
Bumper,minor,0.0363,0.9275,0.5444,0.0,2045.2277813653702,2278.5250373592066,4323.75
Door,minor,0.075,0.474,0.4618,0.0,2941.9427937491055,3362.519570276933,6304.46
Light,minor,0.0336,0.6036,0.6311,0.0,1269.6871300194641,0.0,1269.69
Bumper,minor,0.0692,0.5055,0.8619,0.0,2439.417185365102,2351.827488152686,4791.24
Light,moderate,0.1867,0.5638,0.9306,12247.991991848261,670.6807822275181,0.0,12918.67
Fender,moderate,0.2722,0.6072,0.9374,5634.213273822473,2854.4295171445287,2711.417668254532,11200.06
Fender,moderate,0.1,0.4544,0.4753,6197.191239333746,2345.825068703732,3560.284922240129,12103.3
Door,minor,0.0534,0.4533,0.4824,0.0,3069.212381926504,2796.72794495325,5865.94
Hood,moderate,0.3251,0.4524,0.5719,12093.681455664395,3363.152126853391,4058.2419332150157,19515.08
Bumper,severe,0.7281,0.5779,0.7396,5821.896625889396,3987.727614887087,7032.695299329026,16842.32
Trunk,minor,0.0929,0.9117,0.4169,0.0,2188.9248329663783,2626.1044360949286,4815.03
Windshield,minor,0.0479,0.6573,0.6319,0.0,2371.980920013247,0.0,2371.98
Bumper,moderate,0.2842,0.4998,0.5636,0.0,1459.4281090680022,3946.10870365262,5405.54
Headlight,minor,0.077,0.4601,0.6694,0.0,1509.901703812996,0.0,1509.9
Headlight,minor,0.0369,0.9145,0.7135,0.0,1002.0021050654365,0.0,1002.0
Door,minor,0.0424,0.5649,0.9016,0.0,3082.065490070204,2126.150870490486,5208.22
Headlight,moderate,0.1453,0.5826,0.4028,0.0,1105.7080747415625,0.0,1105.71
Fender,minor,0.0697,0.5839,0.4778,0.0,2562.485624339198,2923.0980354056014,5485.58
Windshield,severe,0.4177,0.7046,0.4692,10356.040253150817,2865.325267071918,0.0,13221.37
Fender,moderate,0.1682,0.6773,0.8077,5298.826251033105,3342.0678936398717,3212.2762739534987,11853.17
Windshield,severe,0.7026,0.5234,0.9484,9646.740502930848,2440.415900347262,0.0,12087.16
Trunk,moderate,0.2474,0.8113,0.5765,0.0,3827.2285833798965,3672.4498299133993,7499.68
Trunk,moderate,0.1,0.7042,0.675,0.0,3528.3786794629705,2768.176024322403,6296.55
Fender,moderate,0.2034,0.7738,0.4471,4118.551331690561,2339.792428828179,3337.187455315858,9795.53
Fender,minor,0.0576,0.5195,0.5324,0.0,1517.5966253819292,2859.908046477203,4377.5
Headlight,moderate,0.1359,0.4999,0.5278,0.0,1224.547113963961,0.0,1224.55
Windshield,moderate,0.4292,0.9595,0.9035,9111.705671658703,3381.71045427608,0.0,12493.42
Door,moderate,0.1957,0.9296,0.5037,0.0,4070.8738201285037,3386.021932409409,7456.9
Windshield,severe,0.5454,0.5325,0.4865,9195.504976399847,2380.594335755027,0.0,11576.1
Bumper,minor,0.0365,0.7428,0.9064,0.0,1813.882102168276,1577.1234631344305,3391.01
Hood,moderate,0.2262,0.5686,0.7707,0.0,3140.8379977075997,2988.9448821026413,6129.78
Headlight,severe,0.6563,0.6718,0.9008,11042.1454758484,2408.2170293016493,0.0,13450.36
Headlight,moderate,0.2774,0.5696,0.7989,0.0,826.0478760816409,0.0,826.05
Hood,moderate,0.4027,0.83,0.4579,0.0,3088.630344743779,3587.629170561477,6676.26
Bumper,moderate,0.1598,0.5984,0.7148,0.0,1377.63110649798,3596.5609705578017,4974.19
Hood,minor,0.0532,0.8422,0.6959,0.0,2426.20594196999,2393.7589021250587,4819.96
Hood,moderate,0.153,0.8607,0.7764,0.0,2804.896024927432,3087.6206757795544,5892.52
Bumper,minor,0.0462,0.6019,0.4553,0.0,1902.944754861625,2070.8791983842666,3973.82
Light,moderate,0.1376,0.7563,0.5544,8340.536244723686,1388.6165811269905,0.0,9729.15
Windshield,minor,0.0323,0.5322,0.7133,8695.981629224741,1277.8429150301145,0.0,9973.82
Bumper,severe,0.5914,0.9623,0.8133,6134.557423425077,2890.8274163623796,7862.855069773939,16888.24
Bumper,minor,0.0423,0.6629,0.6397,0.0,2250.275843883901,2395.9292248135757,4646.21
Light,severe,0.3,0.7986,0.9642,3271.8487518180305,1652.2140892044004,0.0,4924.06
Light,severe,0.3492,0.7476,0.6411,8927.923572583448,1714.0975576356416,0.0,10642.02
Bumper,minor,0.01,0.7985,0.9781,0.0,1492.2010801109052,2051.326688816016,3543.53
Door,minor,0.0452,0.9646,0.8797,0.0,2069.308520841338,2198.762603935507,4268.07
Bumper,minor,0.0249,0.591,0.6517,0.0,1683.488256387286,1692.949856545622,3376.44
Fender,moderate,0.2256,0.4722,0.5184,6840.673008598217,3827.9019199086024,2633.1752972128897,13301.75
Trunk,minor,0.1092,0.6197,0.9203,0.0,2988.6329010135173,3059.0072982345077,6047.64
Fender,minor,0.0609,0.9421,0.5661,0.0,2837.5229497144505,1878.9432458082713,4716.47
Hood,moderate,0.3505,0.9794,0.5739,0.0,3394.430937669337,3048.062343974929,6442.49
Windshield,moderate,0.342,0.5586,0.9651,0.0,2383.9086055692046,0.0,2383.91
Windshield,moderate,0.1742,0.6624,0.5923,0.0,2024.8937399959473,0.0,2024.89
Headlight,moderate,0.2485,0.5008,0.6761,0.0,1444.577531618138,0.0,1444.58
Bumper,severe,0.6562,0.9705,0.6537,6030.252169177253,4001.7750874433723,5282.284442294319,15314.31
Headlight,severe,0.5734,0.8991,0.5751,7572.067497477226,1864.6728398146467,0.0,9436.74
Trunk,minor,0.0849,0.6455,0.8682,0.0,1781.0093154199687,2138.2797636970645,3919.29
Door,minor,0.0703,0.7543,0.968,0.0,2669.1358810628412,2392.6107534526514,5061.75
Fender,moderate,0.2027,0.6459,0.5492,7961.1636211804125,2649.193279010866,2725.765288394672,13336.12
Light,moderate,0.3161,0.6302,0.4376,0.0,1317.515207639637,0.0,1317.52
Light,severe,0.3266,0.8554,0.6629,5411.906716730568,871.0684838441387,0.0,6282.98
Door,severe,0.6615,0.6949,0.9309,13400.974650009332,5609.031141610204,3829.25041497972,22839.26
Bumper,minor,0.0612,0.741,0.7409,0.0,1674.048158733482,2509.8811724546117,4183.93
Light,moderate,0.2243,0.9539,0.6126,0.0,917.2630208080516,0.0,917.26
Door,severe,0.7626,0.8443,0.5861,12463.538656119037,7755.371019348497,4622.315400993061,24841.23
Trunk,minor,0.0557,0.8698,0.7063,0.0,2142.684641255926,2586.2527746060264,4728.94
Hood,severe,0.7199,0.5923,0.6176,11629.935380977307,4600.777268902324,9000.686314161108,25231.4
Headlight,severe,0.5816,0.9683,0.9761,7355.00232536684,1203.224192082813,0.0,8558.23
Windshield,minor,0.0745,0.7139,0.5963,0.0,1866.2505967482934,0.0,1866.25
Trunk,severe,0.7181,0.6095,0.9458,15025.661209427704,4587.886750536519,8070.859108793113,27684.41
Windshield,moderate,0.2756,0.9655,0.8131,0.0,1725.3495670217505,0.0,1725.35
Trunk,moderate,0.259,0.5458,0.5493,0.0,2209.6471802848187,3389.2815511583344,5598.93
Door,minor,0.0251,0.6931,0.7189,0.0,3692.3958160140796,1754.3239925483783,5446.72
Headlight,moderate,0.2185,0.5972,0.5757,0.0,1180.8071349389465,0.0,1180.81
Headlight,severe,0.707,0.5661,0.4465,8082.228781308077,2573.2655543538567,0.0,10655.49
Trunk,minor,0.0436,0.977,0.5366,0.0,1896.3885958107564,1598.4610165542804,3494.85
Light,moderate,0.2379,0.8176,0.7229,4644.597449184421,816.2089834045381,0.0,5460.81
Light,moderate,0.2779,0.8326,0.5358,6731.641664652812,1623.5774831970834,0.0,8355.22
Bumper,moderate,0.3412,0.7093,0.9562,0.0,1701.9538240449579,3459.456532256271,5161.41
Windshield,moderate,0.3189,0.7652,0.5929,0.0,1961.9282946157516,0.0,1961.93
Bumper,severe,0.5482,0.8539,0.575,6918.066846632509,3317.134526866727,6464.482492696209,16699.68
Bumper,moderate,0.1459,0.8885,0.8492,0.0,2592.111313987631,2788.746200059802,5380.86
Hood,minor,0.019,0.5694,0.799,0.0,2106.767966029564,2133.9315548158916,4240.7
Trunk,moderate,0.1015,0.6117,0.8706,0.0,2754.671926151399,2792.7408764417237,5547.41
Windshield,moderate,0.2115,0.7565,0.5428,6525.890200727073,1424.7810413488737,0.0,7950.67
Headlight,minor,0.0445,0.5215,0.6451,0.0,683.7031196366463,0.0,800.0
Trunk,minor,0.1055,0.5546,0.7494,0.0,2009.5922778384872,1913.8693538027885,3923.46
Bumper,moderate,0.2085,0.5163,0.748,0.0,3113.4418232341786,2531.625082640091,5645.07
Door,moderate,0.3697,0.8163,0.7912,16097.164762723934,5463.147060953081,4417.4792600730325,25977.79
Door,minor,0.0559,0.845,0.9634,0.0,2566.8015526746676,2436.8749416442365,5003.68
Door,minor,0.1744,0.8289,0.8419,0.0,3827.6513523791555,3227.2678214162765,7054.92
Windshield,severe,0.4765,0.7538,0.6375,6396.816087734368,1821.194268956738,0.0,8218.01
Light,minor,0.0442,0.5327,0.4045,9835.81835955379,1361.0743230093094,0.0,11196.89
Headlight,severe,0.54,0.5486,0.7803,7279.717334387227,1519.83897968918,0.0,8799.56
Bumper,moderate,0.3113,0.6045,0.8866,0.0,2278.6835034893547,4511.717554174509,6790.4
Fender,moderate,0.2415,0.8975,0.4422,6047.209977602781,3179.721497365866,4169.764142571168,13396.7
Door,moderate,0.1959,0.7014,0.4346,0.0,3913.7285676954584,3069.3258606538243,6983.05
Windshield,severe,0.5892,0.4795,0.9327,7928.736574239258,2518.3193295920405,0.0,10447.06
Trunk,severe,0.5389,0.6191,0.53,14217.256315912957,3536.1816356456047,5874.464393336221,23627.9
Fender,moderate,0.3376,0.7332,0.9533,4256.203494190077,3259.3292080574347,3665.928958465243,11181.46
Windshield,moderate,0.1499,0.9569,0.8091,6904.715526817413,2036.4742238203655,0.0,8941.19
Light,severe,0.5576,0.5533,0.6971,6053.421913994785,2406.763514796068,0.0,8460.19
Light,severe,0.8734,0.6516,0.5663,7311.40274968581,2039.914247045873,0.0,9351.32
Trunk,moderate,0.1766,0.6299,0.9468,0.0,3387.428924486187,2076.0565089526067,5463.49
Trunk,minor,0.029,0.7809,0.4382,0.0,1931.7921240498051,2250.1102366568207,4181.9
Bumper,minor,0.0965,0.8302,0.516,5862.840104079003,2742.8245330786644,1920.3197225128715,10525.98
Trunk,moderate,0.1633,0.6332,0.6154,18831.85160266156,2968.321607511367,3256.098916045402,25056.27
Headlight,minor,0.0607,0.8469,0.5444,0.0,1156.9509803180247,0.0,1156.95
Light,moderate,0.1606,0.8643,0.7143,10562.223359594806,887.549935914548,0.0,11449.77
Windshield,minor,0.0238,0.6354,0.96,0.0,1387.547169678132,0.0,1387.55
Headlight,minor,0.0194,0.6988,0.8943,10740.985828668623,1389.536800859633,0.0,12130.52
Windshield,minor,0.0439,0.7602,0.5409,0.0,1029.6907439841311,0.0,1029.69
Light,moderate,0.1929,0.5766,0.9121,7533.850486203216,1751.4794756657743,0.0,9285.33
Windshield,moderate,0.205,0.7251,0.6241,11510.173918702953,2596.7817456363473,0.0,14106.96
Fender,severe,0.4776,0.5445,0.4451,5386.311262494405,3205.9123018999157,6711.850455320321,15304.07
Door,minor,0.0275,0.4984,0.9582,0.0,3285.6453715301627,2177.167619274248,5462.81
Fender,minor,0.0902,0.877,0.956,0.0,3360.172086193559,3197.7798070410863,6557.95
Light,moderate,0.3484,0.9209,0.7325,8259.454586156573,1378.2531139105743,0.0,9637.71
Headlight,severe,0.3981,0.7464,0.9146,4591.545481879881,2225.3322881797258,0.0,6816.88
Light,minor,0.0437,0.9597,0.8433,4504.978203541983,896.7283413439584,0.0,5401.71
Light,severe,0.6146,0.6285,0.6023,9360.916820174833,1345.392874743446,0.0,10706.31
Bumper,moderate,0.1653,0.7969,0.4491,0.0,2145.518464758421,3789.705237567282,5935.22
Hood,moderate,0.1976,0.7375,0.6337,0.0,2929.270638860048,2719.678133213082,5648.95
Door,moderate,0.2482,0.5835,0.6132,11930.322928690994,3189.256443039055,2918.4897805120318,18038.07
Bumper,minor,0.0119,0.8608,0.913,4240.369563966776,2024.0697481309255,1770.3672404732865,8034.81
Windshield,moderate,0.1,0.7836,0.9072,0.0,2508.4588332032145,0.0,2508.46
Trunk,minor,0.01,0.5898,0.8811,0.0,2392.854025516733,2446.320427224781,4839.17
Headlight,minor,0.0677,0.6678,0.858,0.0,949.0951792320267,0.0,949.1
Trunk,minor,0.0474,0.9689,0.434,0.0,3047.181620621852,1652.460444395861,4699.64
Windshield,moderate,0.2293,0.6915,0.9502,0.0,2795.466775076313,0.0,2795.47
Windshield,moderate,0.3227,0.7369,0.9038,0.0,1785.8150187194412,0.0,1785.82
Fender,moderate,0.2286,0.4713,0.44,0.0,2913.267207609602,4151.638732452312,7064.91
Door,minor,0.0174,0.8336,0.9341,0.0,2771.1585910789904,2771.2979014061043,5542.46
Headlight,moderate,0.3412,0.7906,0.9443,11268.079977592748,1571.1798928259743,0.0,12839.26
Bumper,minor,0.0554,0.5068,0.4803,5301.800514713147,1998.8524881124383,2861.5824889719283,10162.24
Trunk,severe,0.7496,0.6086,0.8677,17247.944227050222,5253.465659399807,8876.3860793293,31377.8
Light,moderate,0.2729,0.6346,0.8413,3892.6187946024897,1078.633105488223,0.0,4971.25
Trunk,minor,0.0315,0.5341,0.7085,0.0,2681.457019358527,1835.9488633882288,4517.41
Bumper,severe,0.6989,0.4988,0.6114,9243.223195260456,3326.5175474841994,7112.444984753855,19682.19
Fender,minor,0.0588,0.7443,0.4172,0.0,2376.40170748864,2108.979734848219,4485.38
Hood,moderate,0.3529,0.8221,0.522,16345.618053934693,3982.8504458979405,5646.188485592528,25974.66
Windshield,moderate,0.2219,0.8336,0.8722,12030.437733773992,2638.090111242631,0.0,14668.53
Door,moderate,0.3946,0.7589,0.8883,16152.834742875637,5530.2954536778225,3306.6858420716285,24989.82
Headlight,minor,0.0564,0.7871,0.8017,4087.422362741085,907.799765100015,0.0,4995.22
Door,minor,0.0746,0.7703,0.9602,0.0,2611.1988718481844,2892.7945470199707,5503.99
Light,minor,0.0173,0.8951,0.9461,0.0,883.7667037080869,0.0,883.77
Hood,minor,0.0645,0.7665,0.8983,0.0,2336.5805656818898,2302.561670055637,4639.14
Light,moderate,0.2637,0.5409,0.8434,0.0,1110.3994709542635,0.0,1110.4
Bumper,moderate,0.3927,0.8131,0.5552,0.0,3154.513535007566,5230.789589290049,8385.3
Fender,moderate,0.3277,0.7608,0.9068,5389.352595106341,2867.836963240654,3328.888659832796,11586.08
Hood,severe,0.6447,0.801,0.8595,12109.938350598697,4185.8744693778335,6002.660443738954,22298.47
Light,severe,0.6691,0.658,0.9201,10658.476946943721,1035.2143287818733,0.0,11693.69
Door,moderate,0.2676,0.6162,0.8868,0.0,4843.331866813537,4062.501189002372,8905.83
Light,moderate,0.2522,0.7245,0.9098,0.0,900.6746349209747,0.0,900.67
Light,minor,0.0448,0.8916,0.7179,0.0,900.2536248296841,0.0,900.25
Windshield,minor,0.0207,0.9342,0.4896,0.0,1129.1593793533732,0.0,1129.16
Door,moderate,0.3132,0.4784,0.7369,0.0,3456.3858545248554,2928.212797034816,6384.6
Light,moderate,0.2841,0.7653,0.6094,0.0,766.6074427631478,0.0,800.0
Windshield,moderate,0.2369,0.919,0.513,0.0,1780.7757625977756,0.0,1780.78
Bumper,severe,0.6239,0.6854,0.6528,5021.475025787622,2454.913910061341,7059.431930563396,14535.82
Hood,moderate,0.3907,0.6997,0.9591,0.0,3198.628496796411,4027.598793196984,7226.23
Bumper,moderate,0.2227,0.6164,0.6624,0.0,2652.393068125373,3439.8688428898568,6092.26
Hood,moderate,0.4117,0.8896,0.5892,17929.523500989286,3628.3629186265703,5579.597293393704,27137.48
Fender,moderate,0.3548,0.8338,0.7663,0.0,3676.60136327979,4875.3044720140415,8551.91
Light,moderate,0.5,0.4634,0.6658,4692.920170527569,2604.269625577255,0.0,7297.19
Headlight,minor,0.0826,0.901,0.9564,0.0,1591.2240050592281,0.0,1591.22
Headlight,moderate,0.2101,0.6885,0.5406,0.0,1811.6834925361618,0.0,1811.68
Trunk,minor,0.0473,0.8543,0.7723,0.0,2775.208594316627,2042.3039649045531,4817.51
Hood,severe,0.4805,0.6133,0.7154,16664.744907131117,3420.0760549337338,3755.192301243247,23840.01
Trunk,minor,0.0857,0.9697,0.5734,0.0,3162.2954413034067,1990.4411406005354,5152.74
Trunk,minor,0.0704,0.8583,0.7305,0.0,1804.3386031143418,3235.894601976406,5040.23
Bumper,minor,0.0834,0.5833,0.5245,0.0,1694.7466687512215,2459.441561642362,4154.19
Fender,moderate,0.1,0.8389,0.8307,0.0,2371.4942362402608,2327.334052094013,4698.83
Headlight,moderate,0.2221,0.4797,0.7431,0.0,1178.654750504519,0.0,1178.65
Headlight,moderate,0.2696,0.8873,0.9337,3842.7855569496082,1474.5895578926727,0.0,5317.38
Light,moderate,0.3458,0.7369,0.9048,6890.944043164956,729.4417344435402,0.0,7620.39
Windshield,minor,0.0344,0.6865,0.6922,0.0,1246.0109366822335,0.0,1246.01
Bumper,minor,0.0568,0.9278,0.7009,0.0,1118.9623189578908,2050.5202125093365,3169.48
Trunk,severe,0.6391,0.4773,0.6024,15345.432914147676,2984.3198310911357,7993.1074697578415,26322.86
Fender,minor,0.0315,0.6469,0.9691,0.0,2465.752480565086,1432.1609592515285,3897.91
Bumper,minor,0.0402,0.8856,0.6542,0.0,1541.8382665182392,1536.1706786587388,3078.01
Bumper,moderate,0.2106,0.7516,0.7242,0.0,1412.2804491500933,3283.62944549384,4695.91
Fender,moderate,0.2254,0.9151,0.4365,5622.233429332215,3071.89000375673,3208.0946937425038,11902.22
Headlight,minor,0.0517,0.916,0.8294,0.0,1266.1012076144548,0.0,1266.1
Headlight,minor,0.0172,0.7887,0.4588,0.0,905.5971782908198,0.0,905.6
Bumper,moderate,0.1527,0.9117,0.4986,0.0,2110.0945147179227,2810.1746006257417,4920.27
Headlight,severe,0.7712,0.6481,0.6552,4920.764309955009,2587.0011345303587,0.0,7507.77
Headlight,severe,0.6853,0.7714,0.8185,5916.226851368964,2304.652232414985,0.0,8220.88
Door,moderate,0.3913,0.9051,0.7249,0.0,3268.4299720151294,2846.313666313167,6114.74
Fender,severe,0.6628,0.8014,0.6914,3320.477379348292,4660.232777836451,5474.2590291956385,13454.97
Trunk,moderate,0.1683,0.5091,0.6507,0.0,2746.773647829368,3263.563366096747,6010.34
Hood,moderate,0.3021,0.962,0.6916,0.0,3230.604951174324,3162.0786512185246,6392.68
Bumper,moderate,0.4065,0.9315,0.7441,4625.19670000632,2429.869684723176,3415.6011762922494,10470.67
Door,severe,0.5079,0.686,0.9281,8434.578825008452,3910.2750577782394,5268.331001948293,17613.18
Hood,moderate,0.1529,0.9549,0.6618,0.0,2604.0223479393353,2181.7206055417937,4785.74
Headlight,severe,0.4138,0.6625,0.5954,7209.768417607029,752.0638947824796,0.0,7961.83
Hood,minor,0.0254,0.6781,0.5625,0.0,3123.8757050330564,1735.6054496786194,4859.48
Bumper,moderate,0.3449,0.9036,0.6993,0.0,2491.492046958675,4207.358817217769,6698.85
Trunk,minor,0.0562,0.5662,0.5982,12894.147825123915,2261.1835445988468,2510.517289727553,17665.85
Hood,moderate,0.2717,0.7481,0.9162,0.0,3828.8512560460863,3658.7988082165953,7487.65
Windshield,severe,0.6279,0.8769,0.9488,9385.273663384496,2555.0311291765966,0.0,11940.3
Hood,moderate,0.2837,0.7017,0.6013,0.0,2625.0903641754117,4705.483786588881,7330.57
Windshield,severe,0.4633,0.545,0.6859,6139.472395653459,2596.1830084624476,0.0,8735.66
Door,severe,0.5633,0.8038,0.4655,10819.236908809784,5461.594010278372,4404.121732588352,20684.95
Light,minor,0.0422,0.8987,0.9538,0.0,741.142381272278,0.0,800.0
Door,minor,0.0757,0.8343,0.5534,12795.263382865778,3145.1163190791103,3371.341354326248,19311.72
Door,moderate,0.1331,0.4681,0.9173,16105.867051491512,3360.167855520522,2930.439292063723,22396.47
Windshield,minor,0.0765,0.6984,0.8197,8607.951888606252,2235.576990808711,0.0,10843.53
Fender,minor,0.0479,0.5158,0.6856,0.0,2472.1262775289256,2112.1658008097875,4584.29
Bumper,minor,0.1035,0.8726,0.6869,0.0,1687.6129515677176,2242.556669534757,3930.17
Bumper,moderate,0.2054,0.647,0.6819,0.0,1782.2789012125058,2949.50272345684,4731.78
Headlight,minor,0.02,0.9511,0.5784,0.0,989.3793064788099,0.0,989.38
Hood,minor,0.0207,0.8591,0.8847,0.0,1883.381637605373,1903.088184514152,3786.47
Hood,moderate,0.1,0.539,0.6381,0.0,2236.153210996631,2921.3306812576043,5157.48
Light,moderate,0.2327,0.7804,0.4955,4061.647705153113,1044.4962872280432,0.0,5106.14
Hood,moderate,0.2593,0.7574,0.8098,0.0,2940.7589183501873,3262.4020493757926,6203.16
Bumper,minor,0.0677,0.9213,0.7716,0.0,2033.928922001416,2364.228699600407,4398.16
Light,moderate,0.1543,0.4532,0.5251,7536.0040132445465,1129.3579990098942,0.0,8665.36
Light,moderate,0.1046,0.8089,0.8358,3016.0038388821326,1850.2925014478683,0.0,4866.3
Fender,minor,0.0527,0.5343,0.7571,0.0,2066.633375010639,3047.830099419634,5114.46
Windshield,moderate,0.1687,0.8692,0.5023,0.0,1882.9146419175793,0.0,1882.91
Windshield,minor,0.0353,0.7497,0.8093,0.0,1402.2263745763705,0.0,1402.23
Bumper,moderate,0.4638,0.5876,0.7693,0.0,2614.3961669213627,6236.936556123088,8851.33
Bumper,minor,0.0669,0.6118,0.7938,0.0,1381.0924927322149,2331.3833477236544,3712.48
Light,minor,0.0247,0.8278,0.6592,0.0,1012.2133502641814,0.0,1012.21
Windshield,minor,0.051,0.7917,0.8962,0.0,1886.1335612008854,0.0,1886.13
Door,severe,0.776,0.4737,0.6265,13805.568174789281,5860.911950620585,8755.756720657397,28422.24
Light,minor,0.0258,0.9023,0.5134,0.0,1218.8033715657907,0.0,1218.8
Fender,moderate,0.1635,0.8148,0.9633,0.0,2986.8771033727176,3569.3595220083594,6556.24
Light,moderate,0.2682,0.7965,0.4193,0.0,995.3074834082851,0.0,995.31
Trunk,minor,0.033,0.9745,0.7881,0.0,2304.519918620754,2399.056682823111,4703.58
Windshield,minor,0.0672,0.779,0.6333,0.0,1183.1081423982482,0.0,1183.11
Fender,minor,0.0991,0.6363,0.4661,0.0,3536.41092631684,1978.733574944768,5515.14
Light,minor,0.0715,0.9764,0.8387,0.0,1088.0033821183051,0.0,1088.0
Headlight,severe,0.4364,0.932,0.6853,3318.88595312199,1997.1154153581874,0.0,5316.0
Fender,moderate,0.2056,0.5284,0.7048,0.0,2535.452937445692,3716.9395057630977,6252.39
Windshield,minor,0.0141,0.6831,0.7918,0.0,1580.1228111002624,0.0,1580.12
Fender,moderate,0.3581,0.5182,0.9105,7572.8539463515735,3672.2722570318333,3988.3287687087663,15233.45
Light,moderate,0.1078,0.8737,0.4363,5663.815402562009,688.8652337339807,0.0,6352.68
Trunk,minor,0.0605,0.5483,0.9557,16841.444417641505,2508.169447829991,1915.3010950497764,21264.91
Door,moderate,0.1893,0.9193,0.5543,10831.77738200206,3061.3178013603406,2252.1669767271837,16145.26
Windshield,minor,0.01,0.8105,0.7695,0.0,1320.0809158674838,0.0,1320.08
Trunk,moderate,0.1,0.9139,0.6348,9597.303877056258,2446.8928331362767,2200.008499646071,14244.21
Hood,minor,0.0118,0.8417,0.7563,0.0,1764.569321623456,2210.875752112489,3975.45
Door,severe,0.6486,0.8831,0.4518,13676.420395912839,5747.68117738554,6832.045823486787,26256.15
Headlight,minor,0.0409,0.8853,0.4689,0.0,933.9744184628537,0.0,933.97
Fender,moderate,0.3392,0.4649,0.4884,4619.00717778488,3741.1313999355393,3676.427892947872,12036.57
Windshield,minor,0.01,0.8354,0.8487,0.0,1624.1805368432308,0.0,1624.18
Headlight,minor,0.0477,0.5722,0.4568,0.0,1404.3172765520544,0.0,1404.32
Hood,minor,0.0644,0.5528,0.696,0.0,3085.833125757241,2536.2881502615683,5622.12
Windshield,minor,0.0501,0.9229,0.6546,0.0,1460.9349786650016,0.0,1460.93
Trunk,moderate,0.317,0.6903,0.8553,0.0,4519.097075749716,3221.880333258529,7740.98
Door,moderate,0.1,0.6872,0.6795,8254.129348014962,3068.5328652746107,2469.131048452245,13791.79
Windshield,moderate,0.274,0.8137,0.6826,8391.776426334067,1849.8149406801294,0.0,10241.59
Trunk,moderate,0.167,0.4528,0.4881,0.0,3375.5178037226037,2709.9095150425956,6085.43
Door,moderate,0.1468,0.5962,0.5121,8354.082113145807,3777.5216182573636,3397.719056639246,15529.32
Door,severe,0.6813,0.9388,0.5351,13230.876017641138,4777.631027788697,5719.221121619247,23727.73
Door,minor,0.0507,0.5592,0.6414,0.0,2426.72303495116,2216.4651063841543,4643.19
Light,moderate,0.3193,0.5461,0.535,5168.74303020965,709.1436879997136,0.0,5877.89
Headlight,moderate,0.2067,0.7957,0.4872,0.0,1217.6832656295294,0.0,1217.68
Headlight,moderate,0.3104,0.5822,0.401,8655.584965056729,1844.4082308888985,0.0,10499.99
Light,severe,0.681,0.8073,0.6147,10417.645363997915,1620.8700152039378,0.0,12038.52
Door,minor,0.0774,0.8167,0.5192,0.0,2832.9503907403737,3150.475171319403,5983.43
Trunk,severe,0.345,0.6474,0.8034,16085.89876739313,3832.094059206476,3321.0763419296,23239.07
Bumper,moderate,0.3571,0.9259,0.9018,5309.0915841368305,2360.9420540619108,5959.8088558594245,13629.84
Windshield,minor,0.0571,0.8768,0.6886,0.0,1756.616888229384,0.0,1756.62
Light,minor,0.0319,0.7016,0.8326,0.0,1346.99086613501,0.0,1346.99
Fender,minor,0.0119,0.5924,0.6868,0.0,2727.2154454113916,1740.0058215929685,4467.22
Windshield,minor,0.03,0.5531,0.763,0.0,2002.7545017505333,0.0,2002.75
Trunk,minor,0.0803,0.8975,0.7102,0.0,3013.9385715187987,2244.880085919981,5258.82
Hood,severe,0.689,0.881,0.4805,11031.383692903859,3727.3248682024932,8181.985910091338,22940.69
Hood,minor,0.0609,0.5796,0.4884,0.0,2723.36271135349,1507.7310889300818,4231.09
Door,minor,0.1155,0.9491,0.9799,13904.564715154149,4086.799808299272,1727.2542153067138,19718.62
Light,moderate,0.4144,0.6159,0.4722,0.0,1381.0493700824281,0.0,1381.05
Headlight,minor,0.0409,0.5056,0.5673,0.0,624.714498016422,0.0,800.0
Windshield,minor,0.0887,0.8863,0.8516,0.0,1074.4634656388932,0.0,1074.46
Light,moderate,0.3003,0.7407,0.5533,8593.415349794048,1445.645786079957,0.0,10039.06
Light,moderate,0.1972,0.6478,0.6457,0.0,684.8869189534965,0.0,800.0
Windshield,minor,0.0619,0.6097,0.8822,0.0,2776.1872039493605,0.0,2776.19
Door,minor,0.0386,0.8398,0.924,0.0,3796.297007061735,3029.0830455845285,6825.38
Door,minor,0.1069,0.7842,0.5415,0.0,3348.364913660079,2690.9632235098297,6039.33
Headlight,severe,0.3943,0.8428,0.6193,7326.117790626465,1098.7189397749846,0.0,8424.84
Door,severe,0.6247,0.4739,0.5391,7852.009987354116,5342.111746564285,6484.651976079621,19678.77
Trunk,minor,0.0741,0.4853,0.8893,0.0,2466.614857159165,2624.764481951904,5091.38
Light,minor,0.0583,0.6844,0.9493,0.0,1022.1642505031838,0.0,1022.16
Fender,moderate,0.2086,0.6664,0.8878,5216.80472693098,2636.1399320647997,2032.3159402006092,9885.26
Bumper,minor,0.0602,0.8114,0.759,0.0,2552.9913558361072,2831.7191826436256,5384.71
Trunk,minor,0.0486,0.9144,0.7057,0.0,2666.520855219588,2240.684551002944,4907.21
Windshield,minor,0.0654,0.9691,0.4369,0.0,1338.7944133503668,0.0,1338.79
Bumper,minor,0.0679,0.6788,0.7321,0.0,1893.7122447622526,1703.691932161876,3597.4
Bumper,severe,0.6913,0.4801,0.7124,5333.9452655390905,3534.792598893991,5593.465161000261,14462.2
Trunk,severe,0.737,0.968,0.6201,16362.625396515275,4645.111466965083,6655.242600113055,27662.98
Windshield,minor,0.0743,0.6291,0.4577,0.0,2189.310079512957,0.0,2189.31
Trunk,severe,0.5343,0.8088,0.6957,11019.899195515289,4221.727452029651,5889.457859459818,21131.08
Bumper,moderate,0.1539,0.816,0.839,0.0,2334.372962473562,2772.3763036535893,5106.75
Bumper,moderate,0.271,0.5161,0.6602,0.0,1813.0901007621835,3343.2181603914637,5156.31
Door,moderate,0.1852,0.4616,0.5932,13054.839597607324,4545.529160605039,3366.957618214373,20967.33
Bumper,minor,0.0383,0.6769,0.5384,0.0,2078.63858708492,1925.8376416817584,4004.48
Bumper,moderate,0.2729,0.794,0.759,5503.10277007615,1693.7840125163307,3303.27108851223,10500.16
Light,minor,0.0536,0.6395,0.8003,0.0,1509.453157353756,0.0,1509.45
Windshield,severe,0.6238,0.9607,0.7973,5196.499789055669,3444.3018696901927,0.0,8640.8
Fender,minor,0.0741,0.8377,0.5581,0.0,2856.845332987197,2111.539477793132,4968.38
Windshield,moderate,0.2874,0.6059,0.486,0.0,2626.421794509579,0.0,2626.42
Windshield,moderate,0.306,0.687,0.7677,0.0,2188.9306235648764,0.0,2188.93
Fender,minor,0.0266,0.4898,0.8287,0.0,2345.78768255093,1828.352049614588,4174.14
Trunk,minor,0.0536,0.6074,0.456,0.0,2876.1363331545385,2390.8472581276255,5266.98
Trunk,minor,0.0726,0.4699,0.7731,0.0,3166.5915951876946,1975.9253679637184,5142.52
Light,minor,0.01,0.5092,0.6382,0.0,1185.0747636293945,0.0,1185.07
Door,minor,0.0321,0.7015,0.7656,0.0,2818.0788120657776,2071.580617561123,4889.66
Trunk,moderate,0.2472,0.5976,0.5577,0.0,3798.6779008280573,3268.7786962545133,7067.46
Fender,severe,0.5317,0.708,0.492,5774.471300178412,5009.620666905541,5863.670756952718,16647.76
Light,severe,0.6561,0.7567,0.5392,7841.917258084037,1661.864918203154,0.0,9503.78
Bumper,minor,0.0379,0.4602,0.5315,0.0,1761.6075505975364,2007.0297418097102,3768.64
Light,minor,0.01,0.8018,0.4686,0.0,716.5706193187071,0.0,800.0
Door,moderate,0.2283,0.6104,0.8101,0.0,3738.2601359745395,4151.901025423015,7890.16
Door,minor,0.0678,0.7258,0.6374,0.0,2516.3966193008937,2257.705447923566,4774.1
Windshield,minor,0.023,0.698,0.8664,0.0,1474.0838751799981,0.0,1474.08
Headlight,minor,0.0428,0.4775,0.7443,0.0,888.1083487735362,0.0,888.11
Headlight,moderate,0.3059,0.8328,0.8782,8564.626562056867,1411.618676443679,0.0,9976.25
Door,minor,0.0779,0.4921,0.589,0.0,3241.6536211045914,2415.8745690957744,5657.53
Fender,moderate,0.3014,0.4959,0.8482,5628.643076596742,3505.818720815592,3262.170444014257,12396.63
Door,minor,0.0247,0.6743,0.8291,0.0,4038.27546621298,1962.8853091157498,6001.16
Bumper,minor,0.12,0.5279,0.4616,0.0,2318.305947078763,2094.6879141026375,4412.99
Headlight,moderate,0.3499,0.9798,0.4195,0.0,1335.8202866169393,0.0,1335.82
Windshield,severe,0.3,0.4996,0.6473,7396.839203843593,1796.4327032053236,0.0,9193.27
Light,minor,0.0632,0.5921,0.4165,0.0,874.2193865414753,0.0,874.22
Trunk,minor,0.0123,0.7984,0.4675,0.0,2615.646668240574,1934.922206192722,4550.57
Bumper,minor,0.0674,0.7814,0.4509,0.0,1218.2292568096532,3194.6452529480653,4412.87
Bumper,moderate,0.458,0.6251,0.5684,7776.323360543427,2207.6720340603188,5105.756305259948,15089.75
Fender,severe,0.6139,0.7131,0.8255,4579.890800943283,5358.905826525255,7473.26995720792,17412.07
Fender,minor,0.0141,0.9512,0.8903,0.0,1817.5561823238618,1545.8959539258033,3363.45
Bumper,minor,0.0345,0.9491,0.6252,0.0,1659.8398043502154,2338.831995361132,3998.67
Headlight,minor,0.0131,0.8216,0.7717,0.0,1256.0778695246208,0.0,1256.08
Door,minor,0.0963,0.6002,0.4158,0.0,4093.2338829425585,3220.3322057792866,7313.57
Bumper,minor,0.0391,0.6071,0.4193,0.0,2272.7271620417764,2133.653684119587,4406.38
Headlight,moderate,0.257,0.6195,0.8332,0.0,1068.4315722386025,0.0,1068.43
Fender,moderate,0.3572,0.4718,0.5464,0.0,3661.160906315389,4113.207981927738,7774.37
Door,minor,0.0567,0.5519,0.6451,0.0,2768.130953279921,2809.45926222483,5577.59
Bumper,moderate,0.2038,0.4694,0.9205,0.0,1995.0810629794105,2482.7774109031407,4477.86
Headlight,severe,0.7364,0.5326,0.5563,11128.829984695833,1883.7328474422156,0.0,13012.56
Windshield,minor,0.105,0.8044,0.8375,0.0,2073.885541124822,0.0,2073.89
Headlight,minor,0.0819,0.9466,0.6665,0.0,950.1260462970502,0.0,950.13
Light,moderate,0.3662,0.5026,0.5137,0.0,793.3627581054574,0.0,800.0
Hood,moderate,0.1107,0.5656,0.8833,14734.54056432355,2926.3896454249093,2344.8199392153856,20005.75
Headlight,minor,0.0449,0.4815,0.9373,0.0,605.7065650479342,0.0,800.0
Bumper,severe,0.3,0.7698,0.9571,0.0,1612.483672217954,3530.9371699664675,5143.42
Fender,severe,0.6705,0.8434,0.9103,4954.302793795327,5905.218497814232,5125.42512372107,15984.95
Door,moderate,0.2949,0.7983,0.643,0.0,3037.7446383098318,4879.409170270557,7917.15
Door,severe,0.8802,0.7039,0.6432,14068.015423431294,6470.29021092626,4710.51172152155,25248.82
Windshield,minor,0.0248,0.976,0.6243,0.0,2048.566027502252,0.0,2048.57
Light,moderate,0.1,0.7719,0.8329,7239.383736622889,776.9950962234172,0.0,8016.38
Headlight,minor,0.01,0.6145,0.5848,0.0,723.1950245771556,0.0,800.0
Headlight,moderate,0.3671,0.8957,0.7583,0.0,1536.9102244633007,0.0,1536.91
Windshield,moderate,0.2637,0.7247,0.6628,0.0,2016.067429371578,0.0,2016.07
Hood,moderate,0.3284,0.9403,0.4136,11317.99362111803,2794.539903348705,3188.5273698526344,17301.06
Fender,moderate,0.2622,0.6052,0.4534,5635.094314313541,3369.8449443147865,4261.6413425218825,13266.58
Headlight,severe,0.7808,0.9645,0.4145,9255.535504549181,1433.784938818438,0.0,10689.32
Trunk,severe,0.95,0.6256,0.7871,12410.788896676013,4355.080728191671,6822.833681366875,23588.7
Headlight,minor,0.0677,0.5952,0.8917,0.0,1368.1461884565879,0.0,1368.15
Fender,minor,0.0644,0.8226,0.7775,0.0,1889.56157544565,2382.034682126612,4271.6
Trunk,moderate,0.1117,0.7772,0.4,14661.78271089792,2466.1714020736554,2507.0502650479834,19635.0
Windshield,severe,0.7612,0.8729,0.4216,8492.099449529447,2201.76003029767,0.0,10693.86
Windshield,moderate,0.3656,0.5717,0.4823,8063.36146402937,2430.99896600688,0.0,10494.36
Fender,minor,0.0442,0.7845,0.8519,0.0,2357.877984474942,2588.6657974601626,4946.54
Windshield,moderate,0.2787,0.5261,0.4683,0.0,2498.947489289386,0.0,2498.95
Hood,moderate,0.32,0.6229,0.7853,12955.51920866645,3922.9727408882145,3543.9846370395267,20422.48
Door,moderate,0.4238,0.7672,0.7998,8664.502875667364,5592.8854079026305,3342.349066866837,17599.74
Bumper,severe,0.6568,0.5745,0.759,7809.209598858552,3776.7628999112712,5321.581415597946,16907.55
Fender,severe,0.578,0.6876,0.9028,4917.059713483357,4953.061448206931,6844.142734670414,16714.26
Headlight,minor,0.0831,0.6257,0.7395,0.0,754.8147305625394,0.0,800.0
Fender,minor,0.0466,0.882,0.633,0.0,3071.1459619022517,2139.4689453528695,5210.61
Fender,severe,0.4072,0.5903,0.8097,4038.9662867419797,3036.080162042402,3894.1673449838677,10969.21
Trunk,minor,0.0935,0.8494,0.6596,0.0,2175.941085049846,2577.341738649581,4753.28
Fender,minor,0.0227,0.5066,0.4001,0.0,1564.6107906728364,1855.10136134149,3419.71
Fender,severe,0.3156,0.8766,0.709,6160.264947854863,3538.2095251313112,2566.2429612294836,12264.72
Trunk,minor,0.0449,0.5605,0.7431,0.0,2629.9802011436,2130.170134110551,4760.15
Light,severe,0.7375,0.7224,0.9625,7530.586235955299,2804.96507171833,0.0,10335.55
Bumper,severe,0.7342,0.8382,0.6195,4307.3605321960895,3219.376172130165,8648.061864427189,16174.8
Windshield,moderate,0.302,0.6228,0.5964,0.0,2476.6739889372197,0.0,2476.67
Fender,severe,0.6166,0.941,0.6227,7328.547014504562,4598.43938919738,5007.035884634152,16934.02
Trunk,moderate,0.3234,0.6662,0.6803,0.0,4266.096895449651,5300.410395273187,9566.51
Trunk,severe,0.362,0.6846,0.5253,17400.868982839707,2240.376871586752,3923.628683511148,23564.87
Headlight,minor,0.0685,0.4689,0.5622,0.0,943.8772105452434,0.0,943.88
Trunk,minor,0.0817,0.6952,0.6358,0.0,2427.3978291404624,1881.9450941929758,4309.34
Bumper,minor,0.01,0.8447,0.4115,0.0,2384.4381530242035,2535.110138235095,4919.55
Headlight,moderate,0.2724,0.6816,0.7473,0.0,992.7277828329994,0.0,992.73
Trunk,minor,0.0339,0.8308,0.8302,0.0,2439.923930959633,2001.591581871783,4441.52
Hood,severe,0.5654,0.482,0.5595,10550.5568589326,4647.1544614369295,5166.737761835457,20364.45
Headlight,severe,0.7441,0.4593,0.5841,4123.051083625382,2148.3809987796167,0.0,6271.43
Hood,severe,0.625,0.627,0.845,17993.460411732685,4942.687767846835,5968.80522522109,28904.95
Fender,minor,0.0581,0.5043,0.5446,0.0,2417.055965743319,2495.9078619377206,4912.96
Light,moderate,0.3005,0.691,0.6641,0.0,1059.2790297754411,0.0,1059.28
Door,moderate,0.1714,0.5907,0.796,8675.365640278127,2824.9771743124156,2027.8004991120874,13528.14
Light,minor,0.0506,0.9696,0.8488,0.0,971.1249146636446,0.0,971.12
Hood,moderate,0.1992,0.4531,0.6654,10799.041438238453,2503.933100505392,3485.149554258668,16788.12
Bumper,minor,0.01,0.9262,0.5735,0.0,2004.868686752423,1795.216184685226,3800.08
Fender,severe,0.394,0.4826,0.8068,6365.347473503705,2936.9553299251766,3398.7723605270453,12701.08
Fender,minor,0.0634,0.462,0.6692,0.0,2118.1121321911223,2061.0014227016886,4179.11
Light,moderate,0.2788,0.8622,0.8946,0.0,1429.805672001341,0.0,1429.81
Hood,minor,0.0496,0.521,0.5873,0.0,2872.155984102875,1453.4998171117832,4325.66
Light,moderate,0.2943,0.6633,0.6559,0.0,790.8619898195332,0.0,800.0
Bumper,moderate,0.3203,0.9309,0.5047,0.0,2461.8803576244286,2677.74747189765,5139.63
Light,moderate,0.1,0.5078,0.9118,3742.8968219471385,905.3057220362836,0.0,4648.2
Headlight,minor,0.0438,0.4829,0.5835,0.0,1342.907641550891,0.0,1342.91
Light,severe,0.57,0.4853,0.413,0.0,1423.2783254899605,0.0,1423.28
Fender,severe,0.823,0.8241,0.806,6028.316846719912,5206.384141353201,9313.456332363552,20548.16
Bumper,severe,0.3043,0.6939,0.5566,6586.098618272223,2943.9754512623304,3902.2483447627487,13432.32
Windshield,minor,0.038,0.8018,0.581,0.0,1389.9008326228843,0.0,1389.9
Hood,minor,0.0443,0.7925,0.426,0.0,3003.8764511280665,2482.4637151018055,5486.34
Trunk,minor,0.0231,0.7771,0.8185,0.0,2332.722721837386,2109.269548853574,4441.99
Door,severe,0.5768,0.8468,0.8205,11451.774664996672,4848.812697124989,5264.416650052625,21565.0
Bumper,moderate,0.2198,0.949,0.7591,5322.848712970217,1666.7445062107695,2784.348007710054,9773.94
Windshield,moderate,0.3324,0.4963,0.4671,0.0,2139.1683050038964,0.0,2139.17
Trunk,moderate,0.3282,0.6783,0.9062,17798.611897731847,2491.013250767987,3892.6831217249455,24182.31
Bumper,minor,0.0795,0.9086,0.7746,0.0,2694.2734922043815,2692.7664978425732,5387.04
Light,moderate,0.2636,0.7535,0.4247,0.0,991.7282995650385,0.0,991.73
Trunk,minor,0.0852,0.7647,0.4671,0.0,2918.30588989956,2427.52392946271,5345.83
Door,moderate,0.3521,0.5225,0.793,11594.117538574928,4069.21020710143,4946.68468206632,20610.01
Fender,minor,0.0316,0.8408,0.5613,0.0,2242.84557905559,2355.1685616520635,4598.01
Windshield,minor,0.0783,0.5396,0.8575,0.0,1719.6330264298517,0.0,1719.63
Light,severe,0.5953,0.771,0.489,9289.913884907344,2258.7353856827863,0.0,11548.65
Windshield,severe,0.4768,0.6696,0.5121,0.0,3229.006314774044,0.0,3229.01
Light,minor,0.0335,0.5803,0.4902,6925.012223000843,581.1916719377277,0.0,7506.2
Windshield,moderate,0.3111,0.6682,0.6018,0.0,2299.8238992870192,0.0,2299.82
Fender,minor,0.0375,0.5207,0.6592,5313.57396663013,2562.9993009728382,2579.9777703448112,10456.55
Headlight,minor,0.0226,0.9237,0.4557,0.0,552.7792087530954,0.0,800.0
Windshield,minor,0.01,0.7088,0.6539,0.0,2213.976725022808,0.0,2213.98
Windshield,minor,0.0776,0.9461,0.6033,0.0,1435.3152868426328,0.0,1435.32
Light,moderate,0.1965,0.6193,0.956,0.0,1750.2784542280451,0.0,1750.28
Windshield,minor,0.0679,0.7294,0.6536,0.0,2271.130957275622,0.0,2271.13
Light,moderate,0.1462,0.6626,0.9452,3249.536487880422,751.4475515671265,0.0,4000.98
Windshield,minor,0.0974,0.6188,0.7088,0.0,2548.0448606472123,0.0,2548.04
Trunk,minor,0.0298,0.8019,0.9236,0.0,2541.3990494647555,2506.514688706513,5047.91
Door,moderate,0.1081,0.5692,0.4112,0.0,3140.0350833667603,2983.8498470404784,6123.88
Door,moderate,0.2377,0.9256,0.8592,9177.350798209829,4708.988998174777,4088.3956462289575,17974.74
Door,minor,0.1007,0.489,0.5667,0.0,2734.654318044275,2458.9336793353777,5193.59
Hood,moderate,0.3515,0.6828,0.5595,0.0,3018.86723357972,4601.287632520112,7620.15
Trunk,severe,0.5042,0.6553,0.4303,12451.4618224656,3067.3517032327213,5120.750202768033,20639.56
Headlight,minor,0.0499,0.9734,0.7951,0.0,1226.2991312991494,0.0,1226.3
Headlight,moderate,0.1,0.5604,0.5167,3813.598944377176,779.5996832982382,0.0,4593.2
Door,moderate,0.3615,0.6033,0.6005,12782.5848528295,4254.375858010236,3464.2896379400513,20501.25
Light,severe,0.4293,0.8336,0.8749,3217.3442201474822,1730.9559898313676,0.0,4948.3
Windshield,minor,0.0392,0.8012,0.4861,0.0,1557.2821595451348,0.0,1557.28
Fender,minor,0.0536,0.7927,0.7683,0.0,2042.9636393629617,2072.8617468143907,4115.83
Fender,severe,0.6848,0.6659,0.84,5408.24123506376,5044.56356831329,5812.85761760652,16265.66
Fender,minor,0.0781,0.8851,0.4945,0.0,1633.223590840498,2075.561534225997,3708.79
Bumper,severe,0.6326,0.6854,0.9069,8608.149888879812,2681.6387970446303,7019.5446924330345,18309.33
Headlight,severe,0.6691,0.5557,0.4065,8237.853587561229,1492.9531505341756,0.0,9730.81
Door,minor,0.01,0.964,0.6021,0.0,2902.580703996994,2595.2954874616835,5497.88
Trunk,moderate,0.1148,0.885,0.7342,0.0,2862.5845918970945,2329.17031520659,5191.75
Door,moderate,0.366,0.8541,0.4344,0.0,4456.096955299026,3588.387021638063,8044.48
Fender,severe,0.7593,0.8214,0.4507,3735.9610878685457,5446.297971134722,8628.96161596375,17811.22
Headlight,minor,0.0477,0.5312,0.8703,0.0,953.5877732173122,0.0,953.59
Trunk,severe,0.5531,0.8749,0.7573,12146.643595239584,4805.116885351618,5037.741954336396,21989.5
Door,moderate,0.3,0.7274,0.4668,0.0,3529.238684872742,3547.3563013542275,7076.59
Light,moderate,0.2784,0.8161,0.4124,10630.113563826022,1589.0706879348352,0.0,12219.18
Trunk,minor,0.0553,0.708,0.6345,0.0,2437.875487581053,1657.0255667319611,4094.9
Windshield,minor,0.074,0.4638,0.5898,0.0,2149.8049400456052,0.0,2149.8
Trunk,minor,0.0386,0.651,0.974,0.0,2238.2475236039695,1693.349092711458,3931.6
Windshield,moderate,0.2075,0.4867,0.5658,9025.279172018207,2567.417215783241,0.0,11592.7
Windshield,minor,0.0913,0.8838,0.9762,0.0,1526.6406710632652,0.0,1526.64
Hood,severe,0.4023,0.6141,0.7204,14863.478202867565,2545.62314152464,4453.338195417381,21862.44
Windshield,severe,0.83,0.7582,0.8603,7179.308806361443,3408.5620781339057,0.0,10587.87
Fender,moderate,0.2915,0.6995,0.5086,0.0,3551.9539415760605,3219.185258510286,6771.14
Light,minor,0.0886,0.7262,0.8104,0.0,923.5484196344653,0.0,923.55
Fender,minor,0.0634,0.7269,0.7,7538.791105957522,2179.562088201455,1972.9873863221894,11691.34
Headlight,minor,0.0655,0.922,0.9741,0.0,1574.8698300282224,0.0,1574.87
Bumper,moderate,0.2782,0.8491,0.9346,8189.772667165822,2220.5964187700924,4406.684937692605,14817.05
Fender,severe,0.73,0.6643,0.7583,6807.969090601011,5592.1526556497565,5617.414373303011,18017.54
Bumper,severe,0.5394,0.5645,0.8699,8369.328479904372,2489.978465461038,6210.862034898601,17070.17
Hood,minor,0.0334,0.7267,0.93,0.0,1689.6328802179762,1775.3584388560391,3464.99
Door,minor,0.0688,0.6912,0.8334,0.0,3772.8884962313587,2676.439934884386,6449.33
Headlight,moderate,0.2516,0.8103,0.8322,0.0,871.1223571025879,0.0,871.12
Light,severe,0.648,0.6564,0.7671,0.0,2020.4212422591395,0.0,2020.42
Fender,minor,0.0562,0.7326,0.5543,0.0,3523.7847622101613,2323.8768676201776,5847.66
Headlight,moderate,0.2324,0.7696,0.8784,7593.4691919612815,947.8212233669684,0.0,8541.29
Door,moderate,0.2009,0.6231,0.5062,0.0,3494.6025605789378,3627.5189701728423,7122.12
Headlight,minor,0.0294,0.4868,0.5891,0.0,1014.0626943733552,0.0,1014.06
Fender,moderate,0.3383,0.9368,0.4781,0.0,3292.8230457032287,5001.81126865837,8294.63
Headlight,minor,0.1066,0.5953,0.5288,0.0,767.9508244710855,0.0,800.0
Bumper,moderate,0.1,0.65,0.8163,0.0,1823.7444210842248,3019.52992388164,4843.27
Windshield,moderate,0.1437,0.8115,0.7859,0.0,2192.3609585687245,0.0,2192.36
Light,minor,0.044,0.6416,0.5038,0.0,616.5357033189451,0.0,800.0
Trunk,minor,0.01,0.5059,0.4291,0.0,2227.5305919387843,1550.0149371359312,3777.55
Hood,moderate,0.4666,0.5633,0.8242,11382.156626085913,4179.748792015037,7074.750938138644,22636.66
Bumper,moderate,0.2362,0.7147,0.8656,0.0,1472.0075908805222,3251.527958070416,4723.54
Door,moderate,0.2344,0.8293,0.9563,8664.110871897696,3468.722076760744,2809.7597245754623,14942.59
Headlight,moderate,0.2677,0.9267,0.9237,0.0,953.0945415637045,0.0,953.09
Fender,minor,0.0905,0.8497,0.9177,0.0,1878.301015351274,3047.6328293755114,4925.93
Fender,minor,0.0843,0.4558,0.8579,0.0,2460.6315408559626,2966.295179013214,5426.93
Windshield,moderate,0.2166,0.8754,0.9696,0.0,2874.0309273569305,0.0,2874.03
Windshield,moderate,0.1938,0.6613,0.5755,8804.280321335234,1335.8455339192658,0.0,10140.13
Bumper,moderate,0.1619,0.6282,0.4267,0.0,1392.1412932224596,3584.7246355219527,4976.87
Door,severe,0.692,0.7338,0.4895,11654.654412815864,4585.865465345306,8067.324434659309,24307.84
Trunk,severe,0.4384,0.7272,0.5829,18249.652394246772,3701.845677644933,4055.202186096327,26006.7
Headlight,minor,0.0425,0.8976,0.566,0.0,1080.0584517842244,0.0,1080.06
Hood,severe,0.5373,0.8927,0.6839,12153.420323125609,3615.4076412651525,4002.8392289176295,19771.67
Hood,minor,0.0115,0.5969,0.8254,0.0,1666.0093351904604,2496.3107933327165,4162.32
Trunk,severe,0.9225,0.8453,0.4581,16372.69520515021,6305.938338310969,7860.946543558321,30539.58
Headlight,moderate,0.31,0.6507,0.8349,9430.550132623986,1815.3428007434434,0.0,11245.89
Hood,moderate,0.3941,0.7901,0.7128,0.0,3785.3694971344908,4892.28792454983,8677.66
Fender,minor,0.0708,0.5174,0.7411,0.0,2843.489341290216,2524.321353084384,5367.81
Fender,moderate,0.1802,0.9706,0.5099,6922.9861173418785,2702.616278673151,2687.9075162114495,12313.51
Windshield,minor,0.0882,0.5582,0.544,0.0,2163.5292264818845,0.0,2163.53
Door,moderate,0.1516,0.6794,0.6097,13067.816719171607,4170.294218079,2119.099417809859,19357.21
Hood,minor,0.0202,0.9443,0.7332,0.0,1917.9523903758295,2341.700081937411,4259.65
Hood,moderate,0.2703,0.9734,0.7366,0.0,2210.848352219407,2401.9262363726757,4612.77
Headlight,minor,0.0618,0.5028,0.6542,0.0,945.6863127196284,0.0,945.69
Hood,minor,0.0865,0.9112,0.7777,0.0,3288.1813807005456,2011.1452139085154,5299.33
Trunk,moderate,0.34,0.698,0.7738,11930.361719712013,2812.7391519912435,3946.153336056573,18689.25
Headlight,minor,0.01,0.8261,0.5575,0.0,1154.00607457035,0.0,1154.01
Hood,moderate,0.2423,0.6534,0.883,0.0,3710.651006729993,4421.116802140396,8131.77
Trunk,moderate,0.4103,0.8218,0.9355,0.0,3673.044915375894,4209.253583264648,7882.3
Trunk,minor,0.1036,0.6758,0.9637,0.0,2337.855483073999,1748.3859937024827,4086.24
Door,minor,0.062,0.8917,0.4757,0.0,3576.669875349934,1761.5497843210637,5338.22
Windshield,minor,0.0397,0.7515,0.6626,0.0,1621.4483761452714,0.0,1621.45
Light,moderate,0.1793,0.8084,0.85,11311.867281062778,1393.8949836516028,0.0,12705.76
Bumper,minor,0.0525,0.8729,0.6874,0.0,1153.3249438836708,1648.1513397179297,2801.48
Light,moderate,0.4,0.4711,0.8998,0.0,1123.4905325942289,0.0,1123.49
Fender,moderate,0.2677,0.8508,0.5822,3282.3527641628607,3183.0206954917344,2851.1285125007616,9316.5
Windshield,moderate,0.1673,0.5489,0.7971,7631.117812426489,1515.1991772648112,0.0,9146.32
Hood,minor,0.0415,0.7418,0.5027,0.0,2739.358672824124,2893.8720101791473,5633.23
Fender,minor,0.0637,0.9168,0.8643,0.0,2010.926924434487,2362.0341283470334,4372.96
Door,severe,0.664,0.7068,0.5024,10644.44633119904,6281.870326721551,5076.1951964463115,22002.51
Door,moderate,0.2192,0.5091,0.634,0.0,4020.7261625444507,4356.411415873547,8377.14
Fender,minor,0.0856,0.4912,0.8058,0.0,2259.8232473203184,2547.730788394097,4807.55
Fender,moderate,0.304,0.6748,0.6682,0.0,2180.014473733888,3633.5163063594637,5813.53
Light,moderate,0.1324,0.5348,0.8855,0.0,1284.615339443031,0.0,1284.62
Trunk,minor,0.0488,0.6899,0.8413,0.0,1549.782151565096,3323.162475914701,4872.94
Hood,moderate,0.35,0.6526,0.8805,0.0,3058.5080747627253,3684.753192971406,6743.26
Trunk,severe,0.4067,0.5881,0.6148,10892.81742291829,3042.1927290337485,3763.7536151203385,17698.76
Bumper,moderate,0.3514,0.7798,0.912,0.0,3390.52463729082,2998.3422480688273,6388.87
Headlight,minor,0.0307,0.7953,0.4332,0.0,1397.3691343854696,0.0,1397.37
Windshield,moderate,0.1,0.5423,0.7122,10796.75795693886,2245.226101468968,0.0,13041.98
Hood,minor,0.0859,0.7052,0.7293,0.0,2685.9925358637097,2094.4320291067293,4780.42
Hood,minor,0.0198,0.5912,0.413,0.0,2825.211330553538,2988.6195744809816,5813.83
Hood,moderate,0.1427,0.4915,0.7236,0.0,3646.941590637046,2856.8445658862615,6503.79
Fender,moderate,0.2736,0.8777,0.6748,0.0,2404.175501168026,2709.12665986574,5113.3
Bumper,minor,0.0443,0.4926,0.7412,0.0,2612.60491553203,2503.6274619465016,5116.23
Fender,severe,0.7739,0.4961,0.7638,5955.339265165155,5138.718520123751,5842.62697069131,16936.68
Door,minor,0.0869,0.634,0.4922,0.0,2893.7368957928875,2386.482021197642,5280.22
Light,moderate,0.1,0.5457,0.5621,0.0,1390.9716754459957,0.0,1390.97
Door,minor,0.01,0.8339,0.86,0.0,2858.3678298825557,2393.2561307006163,5251.62
Bumper,severe,0.6701,0.9214,0.7445,8856.716058525466,3177.5840647079876,6163.055076859749,18197.36
Trunk,moderate,0.1,0.5998,0.7431,0.0,1990.3121962755456,2598.683699113423,4589.0
Bumper,minor,0.029,0.9767,0.9622,0.0,2243.2090193616505,2384.0333391826766,4627.24
Windshield,moderate,0.3681,0.6323,0.8169,0.0,2300.1053546394237,0.0,2300.11
Door,severe,0.5433,0.5669,0.8445,12198.786682028915,5513.065867705504,4782.283173640467,22494.14
Headlight,moderate,0.2989,0.8305,0.436,0.0,1564.1715273716832,0.0,1564.17
Bumper,moderate,0.3237,0.6277,0.5993,0.0,2421.062762657928,3520.007015680702,5941.07
Trunk,severe,0.5768,0.7897,0.8897,17921.93221407964,2878.1528133992215,6274.638158350598,27074.72
Fender,severe,0.5857,0.7681,0.694,0.0,3725.739083394516,6300.203277009324,10025.94
Headlight,severe,0.8571,0.4867,0.8164,6506.73312180987,2643.217241094637,0.0,9149.95
Hood,minor,0.0755,0.5961,0.7749,0.0,2808.307583016061,2396.0604752691047,5204.37
Hood,severe,0.6582,0.694,0.4231,11849.345850494976,3928.135720276204,6775.763354231982,22553.24
Hood,moderate,0.3321,0.8734,0.8356,12066.42347210162,2683.00910392251,4298.941512459439,19048.37
Windshield,moderate,0.4086,0.4632,0.9398,10773.657156813508,1852.317499767986,0.0,12625.97
Hood,minor,0.0319,0.7464,0.5781,0.0,2526.387611686733,2353.3898272020815,4879.78
Headlight,severe,0.6067,0.6852,0.8974,5140.217440454888,2439.705952570861,0.0,7579.92
Windshield,moderate,0.2377,0.7783,0.9681,0.0,2928.703947972366,0.0,2928.7
Hood,moderate,0.2101,0.9339,0.4692,0.0,1957.8047071515105,2878.5278176082306,4836.33
Windshield,moderate,0.3115,0.6685,0.4112,6874.8835538652265,1951.0231505311513,0.0,8825.91
Door,minor,0.05,0.9667,0.4699,0.0,3527.319825092921,1679.3968437514227,5206.72
Trunk,minor,0.0429,0.6434,0.4162,0.0,2364.6052879021604,2627.095744792414,4991.7
Bumper,moderate,0.2856,0.5297,0.9138,8169.626438940667,2998.347897415883,3695.5765238006584,14863.55
Trunk,moderate,0.3006,0.8352,0.5227,0.0,3553.1265318077935,4041.1572446429273,7594.28
Trunk,moderate,0.203,0.4725,0.66,0.0,3430.8882948519345,3668.202993086878,7099.09
Headlight,minor,0.0848,0.544,0.5701,0.0,679.1728975894691,0.0,800.0
Windshield,minor,0.01,0.7437,0.7533,0.0,1529.3007784661145,0.0,1529.3
Bumper,minor,0.0659,0.8532,0.7835,0.0,1672.033066138851,3318.9902393570087,4991.02
Headlight,severe,0.6766,0.495,0.4625,7502.075094312021,2643.8360271233732,0.0,10145.91
Bumper,minor,0.01,0.947,0.647,0.0,1276.153690105276,2145.695782249966,3421.85
Light,severe,0.5474,0.8153,0.7174,8255.641774197038,1547.6277310402538,0.0,9803.27
Hood,moderate,0.3028,0.5519,0.4861,0.0,2895.4538126161447,3152.0417940211437,6047.5
Headlight,severe,0.3,0.4904,0.88,5727.486746165062,1734.0194363336163,0.0,7461.51
Windshield,minor,0.0534,0.9559,0.8942,0.0,1536.7987561470004,0.0,1536.8
Hood,severe,0.3663,0.9592,0.5829,17832.368939461943,3680.9053142931452,4211.152146798604,25724.43
Bumper,severe,0.5192,0.7132,0.5688,7731.504162056845,3714.481539834078,3944.8340469980963,15390.82
Light,minor,0.0873,0.9519,0.8413,0.0,1088.334596520072,0.0,1088.33
Light,minor,0.046,0.5619,0.6313,0.0,1117.9011327224719,0.0,1117.9
Windshield,minor,0.0354,0.6842,0.4273,0.0,1101.452527374526,0.0,1101.45
Door,moderate,0.3209,0.6262,0.4853,0.0,4230.744222984476,4189.506056666516,8420.25
Bumper,minor,0.0608,0.7014,0.5673,0.0,1909.0442704950735,1908.5317041854,3817.58
Windshield,moderate,0.1,0.6122,0.7919,0.0,2064.9232753175656,0.0,2064.92
Door,moderate,0.3254,0.5987,0.6134,0.0,4569.111778660304,3094.5220346571928,7663.63
Headlight,moderate,0.3548,0.7041,0.5143,0.0,999.8892865978464,0.0,999.89
Bumper,moderate,0.3291,0.8143,0.6447,0.0,3032.0384587432827,2782.828878888098,5814.87
Fender,minor,0.0334,0.9104,0.4585,8081.196571377474,2529.974595844923,1816.1666755804058,12427.34
Fender,severe,0.5838,0.7048,0.6579,6085.025634651231,4967.436820434238,6167.897259650561,17220.36
Headlight,moderate,0.271,0.9074,0.4074,8645.045461061432,1381.4659831942754,0.0,10026.51
Light,moderate,0.2546,0.8252,0.5213,6932.412255972397,1889.325048215335,0.0,8821.74
Light,moderate,0.2474,0.7111,0.6083,8122.176620003929,843.0524238083195,0.0,8965.23
Hood,severe,0.6492,0.7797,0.4183,17656.192223033177,3832.312918647897,5020.060901179987,26508.57
Headlight,minor,0.0426,0.7713,0.6107,0.0,1496.9975125344506,0.0,1497.0
Bumper,severe,0.5401,0.9481,0.9685,5186.3955023963335,2931.7080455007,4852.628509062291,12970.73
Hood,severe,0.8402,0.7932,0.7993,9540.888072503847,4307.665341719536,5920.606944443173,19769.16
Trunk,moderate,0.4561,0.6795,0.661,15392.086230154897,3289.77877314942,5477.8305259012795,24159.7
Trunk,minor,0.0504,0.5879,0.7647,0.0,2503.578141331368,2132.2631801054054,4635.84
Door,minor,0.1157,0.8185,0.5984,0.0,4148.471364520836,3161.987795897361,7310.46
Door,moderate,0.3965,0.9584,0.9678,0.0,3493.472948418711,4425.8204185657405,7919.29
Light,severe,0.5993,0.8269,0.5513,5722.030835474641,2167.5877887440734,0.0,7889.62
Headlight,minor,0.0509,0.5743,0.7138,0.0,1033.1599469880732,0.0,1033.16
Bumper,minor,0.0256,0.4538,0.7074,0.0,1674.2081996222712,2764.115412857434,4438.32
Windshield,moderate,0.293,0.802,0.8457,8964.835446827468,2023.2702259765058,0.0,10988.11
Headlight,moderate,0.2352,0.688,0.4083,10543.211181489536,763.1366309601093,0.0,11306.35
Light,severe,0.8246,0.472,0.5962,6223.422681750661,2161.952822019988,0.0,8385.38
Hood,minor,0.0342,0.763,0.878,0.0,2067.320574768083,2435.5328861515345,4502.85
Light,minor,0.0711,0.4781,0.4348,0.0,862.1818027095251,0.0,862.18
Windshield,severe,0.6016,0.5061,0.681,7211.7387357036805,2471.5693480561167,0.0,9683.31
Door,moderate,0.1,0.7017,0.8922,14314.405800863284,2697.8326815075707,2432.128239060845,19444.37
Bumper,minor,0.0868,0.8682,0.6855,0.0,1720.7586701336213,2176.215225523658,3896.97
Windshield,moderate,0.1459,0.9696,0.7216,0.0,2291.0989637977677,0.0,2291.1
Door,moderate,0.1291,0.8579,0.7844,0.0,3305.7117717624756,3865.610141302822,7171.32
Door,minor,0.0476,0.7387,0.4855,0.0,2616.0798532696226,1809.6368716183433,4425.72
Trunk,moderate,0.2716,0.7463,0.5453,12387.665691337896,2326.9774608030266,2966.2363934938876,17680.88
Door,severe,0.3,0.7515,0.7606,9735.949744357244,3597.4587124561153,3689.060143838807,17022.47
Windshield,severe,0.5113,0.644,0.7601,6963.626751501193,4274.992829221766,0.0,11238.62
Bumper,minor,0.0772,0.6348,0.475,0.0,2544.453363922869,2714.3689949690465,5258.82
Bumper,minor,0.021,0.6889,0.8938,0.0,1975.7079954693743,2606.499057721706,4582.21
Light,moderate,0.5,0.6251,0.5564,0.0,1759.0273184663977,0.0,1759.03
Door,moderate,0.1278,0.9317,0.6084,0.0,4113.466804569459,3343.8733539268155,7457.34
Light,severe,0.5257,0.5998,0.4894,8900.310528495842,2520.6569315821516,0.0,11420.97
Fender,minor,0.0227,0.9784,0.8572,0.0,1824.3413348859906,2693.6943098907614,4518.04
Bumper,minor,0.0855,0.8491,0.6196,0.0,1073.513943203643,2903.5410812294012,3977.06
Headlight,moderate,0.1334,0.8718,0.7631,0.0,1008.3345925110705,0.0,1008.33
Hood,moderate,0.2428,0.7188,0.8891,0.0,3277.7920407213055,2687.660910842658,5965.45
Door,minor,0.0824,0.8159,0.8048,9618.453068299073,3460.1881269833743,2613.2426919125833,15691.88
Fender,moderate,0.4273,0.7788,0.6454,0.0,3452.685616970298,6193.37469748009,9646.06
Windshield,minor,0.01,0.5951,0.6867,0.0,1370.7567209854456,0.0,1370.76
Hood,severe,0.7887,0.5393,0.475,16235.452627198774,5911.487590336493,5340.088293616411,27487.03
Headlight,moderate,0.1882,0.6823,0.767,0.0,1482.4867848018537,0.0,1482.49
Trunk,moderate,0.3228,0.7765,0.8951,14218.424949205657,3985.7183575372514,4215.889486760341,22420.03
Door,moderate,0.2399,0.8001,0.7019,9819.08435176369,3667.7793144349007,4268.623220587922,17755.49
Windshield,minor,0.0429,0.9135,0.7857,0.0,1832.6200106527222,0.0,1832.62
Trunk,minor,0.01,0.7565,0.7934,0.0,2632.436980806116,1799.6402006402197,4432.08
Door,moderate,0.1406,0.7789,0.8878,12325.056617289969,3243.234747278748,2144.114080637861,17712.41
Light,moderate,0.3001,0.8748,0.6981,0.0,1977.2094547525403,0.0,1977.21
Trunk,moderate,0.1671,0.8957,0.4607,0.0,1932.051711673138,3016.676676196869,4948.73
Windshield,minor,0.0268,0.6153,0.4926,0.0,1454.4614661019425,0.0,1454.46
Door,minor,0.0384,0.7292,0.5611,0.0,2141.0059074585247,1823.6624342815342,3964.67
Trunk,moderate,0.1804,0.5124,0.5065,0.0,4009.1703173360775,2817.9523513515946,6827.12
Door,moderate,0.1,0.4804,0.4512,0.0,2674.1050538602235,2042.9953551119806,4717.1
Hood,minor,0.0758,0.6864,0.4735,0.0,3155.6850684015585,2266.6285634049905,5422.31
Light,minor,0.0725,0.7769,0.5484,0.0,1217.942468433686,0.0,1217.94
Light,minor,0.0316,0.9127,0.6313,0.0,988.4843035583225,0.0,988.48
Light,moderate,0.2066,0.8724,0.5976,0.0,1030.5221591999139,0.0,1030.52
Trunk,severe,0.5102,0.7986,0.5057,14230.805381073935,4304.5955747675025,4670.40763004147,23205.81
Door,minor,0.0122,0.5998,0.5049,0.0,2189.496313356098,1709.6463976422838,3899.14
Hood,severe,0.6395,0.4859,0.5388,12595.470222094827,4135.880430235324,5562.054768138688,22293.41
Windshield,minor,0.0764,0.9544,0.9369,0.0,1686.2672978800902,0.0,1686.27
Trunk,moderate,0.1588,0.4761,0.6202,0.0,2788.8968369282456,3230.074103914585,6018.97
Light,minor,0.01,0.6204,0.6038,0.0,1107.6515045472745,0.0,1107.65
Light,minor,0.063,0.8866,0.9376,0.0,768.0350999828198,0.0,800.0
Trunk,moderate,0.1,0.5851,0.9783,11625.23138443375,2884.627776881573,2366.7057967022592,16876.56
Headlight,moderate,0.2302,0.8863,0.7734,0.0,1660.9903149694485,0.0,1660.99
Headlight,moderate,0.294,0.8618,0.4918,0.0,1328.5453650213437,0.0,1328.55
Windshield,minor,0.0434,0.7685,0.7866,0.0,1847.5967233715244,0.0,1847.6
Windshield,moderate,0.1769,0.6808,0.9195,0.0,1804.1860951134727,0.0,1804.19
Bumper,minor,0.0362,0.7814,0.7919,0.0,1596.566518557353,2089.3766896969023,3685.94
Trunk,moderate,0.1854,0.4979,0.9634,0.0,2780.779734218864,2982.1012541006658,5762.88
Door,minor,0.0382,0.8568,0.6899,0.0,3968.9545927243103,2689.4022027559254,6658.36
Windshield,moderate,0.336,0.7552,0.9646,10085.664652803254,3122.578014538162,0.0,13208.24
Door,moderate,0.2592,0.562,0.8639,0.0,3410.0382215083955,2334.86248216761,5744.9
Hood,minor,0.0398,0.8932,0.671,0.0,2474.1509124857985,1716.1060457668434,4190.26
Fender,minor,0.0808,0.8902,0.4184,0.0,2162.2228275637913,3245.1293195395847,5407.35
Bumper,moderate,0.1179,0.9399,0.9327,0.0,2064.750412070405,3155.623947620809,5220.37
Headlight,severe,0.6157,0.7059,0.9644,4382.594846986242,1299.2050039650326,0.0,5681.8
Hood,moderate,0.3156,0.5537,0.628,9487.43169030126,2797.8502850244827,3642.1685588134706,15927.45
Hood,moderate,0.3545,0.7658,0.7874,0.0,2652.4019721481027,4828.238700838003,7480.64
Hood,minor,0.0614,0.9395,0.6878,16717.971726168347,2525.9465756543123,3325.209207255394,22569.13
Light,minor,0.01,0.9469,0.7343,11202.681293301399,1401.3246477803473,0.0,12604.01
Trunk,severe,0.3977,0.4547,0.7082,15590.9916861458,3588.6127575009523,4322.325320399851,23501.93
Bumper,minor,0.0671,0.5651,0.7566,0.0,1290.5849352640516,2402.318354278127,3692.9
Headlight,moderate,0.148,0.8724,0.5015,4875.011303191494,1086.131055702441,0.0,5961.14
Door,minor,0.0467,0.8659,0.9611,0.0,3112.1354412191454,2122.5313680984086,5234.67
Door,severe,0.4758,0.7794,0.9046,14093.53268775707,5309.442324272154,6410.491198709819,25813.47
Headlight,moderate,0.248,0.7961,0.5712,8515.084358792414,1123.8025228916408,0.0,9638.89
Fender,minor,0.0286,0.7072,0.5878,0.0,2843.9556496325927,1863.5111173323942,4707.47
Bumper,minor,0.0495,0.4534,0.6799,0.0,1500.2337599426617,1786.0655619583138,3286.3
Headlight,severe,0.437,0.5303,0.7708,0.0,1936.290601113657,0.0,1936.29
Hood,moderate,0.4077,0.4611,0.5729,0.0,5024.969533413381,3949.962717573427,8974.93
Fender,minor,0.0137,0.6538,0.4614,0.0,2074.247030272102,2212.4822246945623,4286.73
Door,minor,0.0377,0.6178,0.7946,0.0,2820.5866379144218,1637.061668358303,4457.65
Windshield,minor,0.0526,0.6611,0.4969,0.0,1682.5872794231761,0.0,1682.59
Door,moderate,0.2606,0.6426,0.9796,12976.044530590294,2572.4276376356697,2638.030200376023,18186.5
Fender,minor,0.0746,0.778,0.4207,0.0,2395.911688204955,2151.224573300413,4547.14
Light,minor,0.0349,0.8687,0.5794,0.0,1463.5168263526991,0.0,1463.52
Bumper,minor,0.01,0.8255,0.6662,0.0,1489.9559093847292,1835.598944069673,3325.55
Door,moderate,0.1,0.8054,0.8017,13280.10912171857,2938.7683825256822,2151.7032386119163,18370.58
Bumper,moderate,0.2685,0.5625,0.8137,0.0,2589.7382741295028,3881.7398027105073,6471.48
Fender,minor,0.0517,0.8447,0.7159,0.0,2623.6405749763812,2631.843344235111,5255.48
Door,moderate,0.1827,0.5132,0.4956,0.0,3015.061957495741,3016.0187583560582,6031.08
Windshield,minor,0.042,0.7921,0.9356,0.0,2347.2523514000245,0.0,2347.25
Windshield,moderate,0.1994,0.9386,0.9393,0.0,2762.672253903135,0.0,2762.67
Bumper,severe,0.5544,0.8706,0.4178,4907.028185753691,2181.819683516307,5496.225751299095,12585.07
Bumper,minor,0.0519,0.5652,0.4622,0.0,2327.3535546660164,3058.151072567227,5385.5
Headlight,moderate,0.2602,0.9245,0.9651,0.0,1127.133160565132,0.0,1127.13
Headlight,severe,0.6343,0.8545,0.406,4752.858817453938,2444.6854521895652,0.0,7197.54
Bumper,severe,0.7206,0.6441,0.941,8793.459768877829,2930.0653452796646,5784.210958006655,17507.74
Trunk,severe,0.7421,0.5697,0.4581,14623.299599594746,4218.685082792819,5855.4914288047885,24697.48
Bumper,moderate,0.3358,0.5934,0.4534,0.0,2004.2595942207388,3546.2773307004827,5550.54
Bumper,moderate,0.4307,0.4588,0.471,9210.813849543534,3594.9007303653343,4840.684466240543,17646.4
Light,severe,0.5456,0.5887,0.5656,11371.854300439538,2341.9273023348446,0.0,13713.78
Headlight,moderate,0.1997,0.6862,0.5229,3772.9856625821535,951.488191165269,0.0,4724.47
Bumper,minor,0.1031,0.922,0.5985,0.0,1613.402915924773,2498.68152947062,4112.08
Windshield,minor,0.0746,0.7549,0.5561,0.0,2184.988868614721,0.0,2184.99
Light,minor,0.0495,0.7595,0.7849,0.0,1577.989965687549,0.0,1577.99
Fender,severe,0.5284,0.736,0.8393,4641.4330681463325,4676.648092784567,4927.46677194335,14245.55
Fender,moderate,0.2388,0.7641,0.7012,6790.103894508043,2275.0638372228655,2398.4595804749415,11463.63
Hood,minor,0.0148,0.7331,0.8541,0.0,2772.621175487347,1906.3157530106243,4678.94
Bumper,minor,0.0327,0.9232,0.6405,0.0,1921.167426843474,2463.932329254598,4385.1
Hood,severe,0.4266,0.7578,0.8796,11940.939537390344,3516.203286164166,4018.00573767132,19475.15
Door,severe,0.5198,0.8395,0.8069,9010.789264647588,5139.78598482835,6781.278699926616,20931.85
Headlight,minor,0.01,0.6193,0.4118,0.0,1448.789396092628,0.0,1448.79
Fender,moderate,0.3915,0.8726,0.8092,0.0,3167.2058819244185,5191.511436559306,8358.72
Fender,moderate,0.1632,0.6061,0.9722,6578.871527804507,2415.8037066134166,2974.830047203848,11969.51
Hood,minor,0.0881,0.4999,0.7271,0.0,1604.2152365430738,2845.316307207923,4449.53
Door,minor,0.0603,0.9526,0.4521,0.0,3121.636462980664,1708.5118534156522,4830.15
Headlight,moderate,0.198,0.8086,0.593,0.0,1334.0404294950486,0.0,1334.04
Fender,minor,0.0708,0.866,0.4417,0.0,2933.9377175240384,2317.031268158353,5250.97
Headlight,severe,0.6675,0.6687,0.9158,9997.246023770354,2691.9111512438653,0.0,12689.16
Windshield,moderate,0.1676,0.9552,0.845,11905.220995758149,1874.4279223961569,0.0,13779.65
Hood,severe,0.5281,0.8837,0.9556,14330.51102972382,5185.649331045874,3899.370785192898,23415.53
Bumper,severe,0.6514,0.8009,0.4551,7843.941687988295,2998.4171243697315,5106.813721483786,15949.17
Light,minor,0.01,0.9369,0.921,0.0,1204.8893641637037,0.0,1204.89
Fender,moderate,0.1989,0.508,0.8894,7254.225210692101,3403.429065903402,2296.5630546580896,12954.22
Windshield,moderate,0.1727,0.6222,0.6312,0.0,1823.0893042472665,0.0,1823.09
Door,severe,0.6321,0.5699,0.6852,14609.21013235959,4160.293854594975,5870.847387621193,24640.35
Trunk,moderate,0.2603,0.6123,0.9773,0.0,3759.6658823814487,3520.3306684927475,7280.0
Windshield,minor,0.0892,0.9288,0.5034,10233.826210208214,1417.4037965568969,0.0,11651.23
Hood,severe,0.3016,0.7134,0.6281,12327.601021661927,2447.843136654106,3763.1734836872606,18538.62
Windshield,severe,0.7023,0.9295,0.485,9595.926209216424,2483.0837701647847,0.0,12079.01
Fender,minor,0.01,0.9743,0.5132,0.0,1948.9907788117662,1644.5265094061551,3593.52
Fender,severe,0.6929,0.6278,0.8701,6337.942423453816,4629.2420558141375,7550.525695905269,18517.71
Hood,moderate,0.2399,0.772,0.9396,16560.06904653955,2399.7390340526467,2905.6661798309337,21865.47
Bumper,moderate,0.1,0.7719,0.7116,9277.023441283894,1286.8846636616258,2610.867548305344,13174.78
Headlight,minor,0.0304,0.4549,0.5123,0.0,729.3588591755389,0.0,800.0
Windshield,minor,0.0432,0.5835,0.9237,0.0,1862.4870253243685,0.0,1862.49
Headlight,minor,0.01,0.7194,0.466,0.0,805.3428895349203,0.0,805.34
Light,moderate,0.3022,0.8692,0.413,0.0,1576.8068180956052,0.0,1576.81
Headlight,moderate,0.262,0.5563,0.9185,5410.495363324076,1100.065118949857,0.0,6510.56
Windshield,minor,0.086,0.8241,0.6222,0.0,1817.9425009175693,0.0,1817.94
Light,minor,0.0256,0.8924,0.6864,0.0,741.0969639963308,0.0,800.0
Fender,moderate,0.3138,0.9265,0.566,5111.753816206022,3972.566896269749,2381.6216789851405,11465.94
Hood,minor,0.037,0.564,0.9455,0.0,2595.7552591340636,2157.2859834309647,4753.04
Trunk,minor,0.02,0.8069,0.881,0.0,1975.6483678077666,2061.1981529020613,4036.85
Fender,severe,0.4756,0.7592,0.5081,4887.763540294748,4766.566946877143,4323.1601578792,13977.49
Trunk,minor,0.0306,0.8369,0.9618,0.0,1919.0439140253468,2686.0173445683718,4605.06
Light,minor,0.0781,0.6682,0.9288,0.0,1145.4086380542756,0.0,1145.41
Hood,severe,0.7181,0.4722,0.8424,16059.424522126159,6134.176365188801,5814.7245623782865,28008.33
Windshield,minor,0.0251,0.7173,0.4195,0.0,1625.5226852388953,0.0,1625.52
Door,minor,0.0109,0.6386,0.7662,0.0,3112.2964232449144,1439.770857757732,4552.07
Door,moderate,0.2159,0.5119,0.6698,12489.25397090195,2761.217084522059,3725.2849955446945,18975.76
Windshield,moderate,0.1844,0.7999,0.5144,9981.687630457103,2724.9669862939695,0.0,12706.65
Door,minor,0.0748,0.8026,0.975,0.0,2146.62206536023,2109.2652660220842,4255.89
Headlight,moderate,0.1748,0.9507,0.9738,7844.237454706867,1133.4328121644414,0.0,8977.67
Hood,moderate,0.4106,0.8323,0.6399,0.0,4430.704492484311,3901.657084788992,8332.36
Light,moderate,0.1557,0.5459,0.8452,0.0,1287.9730181182813,0.0,1287.97
Door,moderate,0.3841,0.6054,0.8282,11696.216258412665,4383.115279070187,3681.7824815724325,19761.11
Bumper,minor,0.0734,0.9708,0.6633,0.0,1857.9531882592853,3436.763759115632,5294.72
Fender,minor,0.0687,0.8269,0.9199,0.0,2373.941419341839,2139.115585488903,4513.06
Fender,severe,0.7547,0.6046,0.9274,8105.37498185872,4700.651642195741,5719.648392842019,18525.68
Trunk,severe,0.8618,0.7347,0.8824,16244.830466637584,5074.6619468717245,6352.1319827778025,27671.62
Windshield,minor,0.0695,0.4658,0.6798,0.0,1749.2945634997113,0.0,1749.29
Door,moderate,0.1844,0.5038,0.5879,0.0,4655.736768771074,3826.334491314397,8482.07
Bumper,moderate,0.2342,0.6476,0.4563,5984.774282903541,2673.828249990009,4079.9252809066725,12738.53
Bumper,moderate,0.3225,0.825,0.8823,8410.332880345853,3093.4441234664214,4368.6084736822995,15872.39
Light,moderate,0.4106,0.8666,0.8639,6829.801986813084,948.2179629950764,0.0,7778.02
Bumper,moderate,0.2718,0.688,0.8311,9961.76249522505,2605.075268526831,2466.820488784225,15033.66
Windshield,moderate,0.17,0.6195,0.5496,9486.106239843912,1487.4699441339176,0.0,10973.58
Hood,minor,0.0865,0.655,0.4896,0.0,2464.065527144085,2766.659505470663,5230.73
Bumper,moderate,0.179,0.7786,0.6011,9252.608220045928,1754.5313527406695,1987.595014279278,12994.73
Windshield,moderate,0.4621,0.6264,0.7838,0.0,3011.9177223296647,0.0,3011.92
Door,minor,0.0618,0.6882,0.5436,0.0,3799.92171427211,2439.4329933078807,6239.35
Hood,minor,0.0321,0.8751,0.8914,0.0,2708.9224639605254,1959.3552102504682,4668.28
Headlight,moderate,0.1,0.6731,0.5255,8118.143528136107,1482.726777126096,0.0,9600.87
Headlight,minor,0.0403,0.737,0.7825,0.0,640.0666216712361,0.0,800.0
Headlight,severe,0.5885,0.7735,0.6859,9797.278081479179,1572.936634175717,0.0,11370.21
Fender,severe,0.642,0.5026,0.8879,3476.936868914358,4114.30368368663,3887.598468448147,11478.84
Hood,minor,0.0308,0.8439,0.8656,0.0,2228.2445554025567,1451.5580145010722,3679.8
Headlight,moderate,0.3131,0.8014,0.976,5070.312560422646,1837.5663880395166,0.0,6907.88
Light,minor,0.0496,0.8339,0.803,0.0,1469.824687035638,0.0,1469.82
Fender,moderate,0.1855,0.6352,0.4864,5082.581171153521,3985.646557301255,3308.585286264267,12376.81
Hood,moderate,0.3223,0.7187,0.9131,11342.738732969055,2768.2715432152168,3837.690591006829,17948.7
Bumper,minor,0.0557,0.5062,0.8832,0.0,2601.103657179735,2002.0616653652037,4603.17
Fender,severe,0.7328,0.5011,0.498,3829.648924161759,5616.025084828913,7625.262902953953,17070.94
Trunk,moderate,0.1,0.9769,0.5522,0.0,2373.7384317395977,3173.0526660709274,5546.79
Bumper,minor,0.0536,0.4759,0.4501,0.0,2208.83694928822,2622.608903191459,4831.45
Light,minor,0.0791,0.8068,0.5534,0.0,555.870634850039,0.0,800.0
Hood,moderate,0.1521,0.659,0.4786,9281.414595032957,2476.6086341238515,2475.164978180519,14233.19
Headlight,minor,0.0528,0.9318,0.936,0.0,1592.3547015241652,0.0,1592.35
Fender,moderate,0.1099,0.4711,0.5321,4508.132752626766,3331.181570851727,2138.215043570593,9977.53
Fender,minor,0.0393,0.5697,0.8106,5189.902194050702,1933.825020712642,2432.5648799516675,9556.29
Hood,minor,0.01,0.8329,0.8203,0.0,2274.88737581344,2993.4647908438296,5268.35
Fender,minor,0.01,0.7167,0.9713,0.0,1827.4457257344686,2675.7754308384215,4503.22
Bumper,moderate,0.2476,0.9643,0.861,7413.179534996103,1786.1839717433043,2459.0874762523763,11658.45
Door,severe,0.6162,0.6779,0.4413,10235.56869423234,5901.056662927136,5574.268970927827,21710.89
Windshield,moderate,0.1897,0.888,0.9159,0.0,2602.847748654294,0.0,2602.85
Light,minor,0.0824,0.8825,0.8531,0.0,1397.772462676335,0.0,1397.77
Trunk,minor,0.058,0.7428,0.5902,0.0,2429.1047581287958,2348.8326804819226,4777.94
Headlight,severe,0.9111,0.6925,0.9428,7714.006245618,3212.9459439003545,0.0,10926.95
Hood,severe,0.6846,0.7182,0.9548,12237.058439909284,3587.425095731756,7506.232448704561,23330.72
Fender,minor,0.0517,0.6554,0.5464,0.0,2661.5457331062266,2520.941896317447,5182.49
Trunk,minor,0.0212,0.83,0.9596,0.0,2830.008447522026,2692.990381634302,5523.0
Door,moderate,0.2842,0.8948,0.8078,0.0,3133.22082431667,2376.815713554345,5510.04
Light,minor,0.0332,0.4608,0.6546,0.0,851.7106588753493,0.0,851.71
Headlight,minor,0.0103,0.5654,0.7543,10007.83265525324,574.5092249517351,0.0,10582.34
Hood,minor,0.0611,0.9273,0.9507,0.0,2939.7253195113976,1478.3660154642935,4418.09
Bumper,moderate,0.1875,0.5353,0.5091,8177.786686687057,2529.7532223096678,2136.494543937946,12844.03
Fender,moderate,0.3965,0.6876,0.4099,0.0,3100.0710218096956,4668.473579312393,7768.54
Headlight,moderate,0.1477,0.8713,0.5153,3239.557718729947,694.0363504164977,0.0,3933.59
Hood,severe,0.6728,0.9557,0.4818,18493.718202085714,5235.180898505951,4381.583732080871,28110.48
Bumper,severe,0.8829,0.973,0.5449,7736.3439139175225,3125.049107962055,5493.092730314473,16354.49
Headlight,minor,0.0682,0.4889,0.8812,0.0,1201.0432150847334,0.0,1201.04
Light,moderate,0.1643,0.6272,0.863,10375.05803339787,1416.7030263707056,0.0,11791.76
Bumper,minor,0.0127,0.5106,0.5729,0.0,1429.425644929322,1669.0770785663292,3098.5
Windshield,severe,0.4841,0.86,0.7893,7141.31569486654,3919.207543072139,0.0,11060.52
Light,severe,0.6569,0.6518,0.5104,9625.013891922305,2972.974430705263,0.0,12597.99
Bumper,moderate,0.2606,0.6889,0.7034,0.0,1405.715381412956,3512.230459914318,4917.95
Fender,minor,0.0549,0.9524,0.5581,0.0,2606.8009666341686,2487.813075303356,5094.61
Trunk,minor,0.0177,0.8158,0.9076,0.0,2163.8763101579752,2025.3690292873216,4189.25
Headlight,moderate,0.208,0.7987,0.5026,4904.620172800798,1313.5280930737943,0.0,6218.15
Light,minor,0.0543,0.8367,0.6927,0.0,1080.7590194673535,0.0,1080.76
Windshield,severe,0.5518,0.6659,0.6117,8234.58022491322,2164.3892784283594,0.0,10398.97
Windshield,minor,0.0565,0.9443,0.7629,0.0,1840.4545957290093,0.0,1840.45
Windshield,minor,0.0709,0.8864,0.604,0.0,1720.389911174274,0.0,1720.39
Bumper,moderate,0.2081,0.7046,0.5771,0.0,1829.8589527819258,3320.4337257863335,5150.29
Hood,moderate,0.2306,0.9241,0.5037,0.0,3171.5138173375917,3275.985014608616,6447.5
Bumper,severe,0.4355,0.6149,0.4405,0.0,1712.6567185476365,6267.655029671264,7980.31
Fender,minor,0.0495,0.737,0.6805,0.0,1759.2373507802356,2044.4876888602153,3803.73
Headlight,minor,0.0426,0.7035,0.6365,0.0,693.3804238109683,0.0,800.0
Headlight,moderate,0.338,0.7944,0.437,3551.634725882081,1716.230740481857,0.0,5267.87
Bumper,minor,0.025,0.803,0.8025,0.0,2383.489499523587,2131.278955105945,4514.77
Fender,severe,0.5214,0.8982,0.6337,3864.068953907393,4341.931574550686,5816.576489414978,14022.58
Hood,severe,0.5288,0.8888,0.5157,14499.064639815657,5058.923874080468,5429.867378230682,24987.86
Trunk,moderate,0.4949,0.8987,0.8992,10595.170366334693,5092.489527556709,4807.505609586579,20495.17
Hood,severe,0.5838,0.4568,0.8759,13176.323577342793,3473.5165111642023,6522.691820917328,23172.53
Trunk,minor,0.0347,0.7975,0.4581,0.0,2095.4566780461596,2457.704162266345,4553.16
Light,minor,0.0285,0.5802,0.6465,0.0,1516.214247248252,0.0,1516.21
Door,minor,0.0721,0.7691,0.896,0.0,3196.5638131779206,1684.3450284639914,4880.91
Bumper,moderate,0.2345,0.6157,0.5126,8265.314462921502,2290.9646054460586,3454.725244516314,14011.0
Light,minor,0.109,0.5801,0.4155,0.0,1224.9790357761194,0.0,1224.98
Bumper,minor,0.0705,0.46,0.7728,0.0,1379.2238542952682,2077.5058860385575,3456.73
Fender,moderate,0.4165,0.508,0.575,0.0,5045.319528221233,3514.7903734396423,8560.11
Fender,severe,0.3422,0.6161,0.6062,3518.8430252902745,3418.3159729072113,3922.62840733252,10859.79
Light,minor,0.1243,0.8676,0.792,0.0,855.50999251278,0.0,855.51
Bumper,minor,0.0944,0.8613,0.8715,0.0,1213.6722407108596,2392.8922289676807,3606.56
Headlight,moderate,0.178,0.5408,0.4329,0.0,961.5411662566279,0.0,961.54
Headlight,moderate,0.1658,0.7381,0.6194,0.0,563.0765300209614,0.0,800.0
Door,minor,0.1266,0.6514,0.6389,0.0,4014.3883887993893,3494.1796156519977,7508.57
Headlight,moderate,0.2854,0.5509,0.561,0.0,1948.5654368584171,0.0,1948.57
Hood,minor,0.0818,0.4693,0.4335,0.0,2168.7836136097876,2613.1576970106635,4781.94
Bumper,minor,0.0419,0.5062,0.4595,0.0,1223.8626967243988,2124.1748966866026,3348.04
Fender,moderate,0.3543,0.6984,0.8996,0.0,3772.1837223890975,3224.390428168901,6996.57
Fender,moderate,0.1,0.6978,0.7964,4955.901012714791,1640.3505853988922,3208.154838184342,9804.41
Bumper,minor,0.0512,0.976,0.412,0.0,1716.5154268391996,2325.6815153311604,4042.2
Hood,moderate,0.1822,0.926,0.6845,0.0,2190.2575110574585,2318.5888354898116,4508.85
Fender,moderate,0.2855,0.8521,0.5958,0.0,3180.7445812390115,4103.525010683942,7284.27
Hood,minor,0.01,0.5168,0.796,0.0,2630.0349904815776,1977.117494508055,4607.15
Door,moderate,0.395,0.6408,0.7549,0.0,4608.7484313889545,4829.9644153729005,9438.71
Windshield,moderate,0.1536,0.4619,0.9602,7918.850960166143,2980.026471477223,0.0,10898.88
Trunk,severe,0.7167,0.7596,0.9163,11022.308081594118,3644.570125177369,5450.07674668999,20116.95
Light,minor,0.0524,0.6318,0.774,0.0,889.777147794763,0.0,889.78
Bumper,minor,0.0527,0.5075,0.5204,0.0,1750.8463069779755,1621.0073388772325,3371.85
Bumper,severe,0.4027,0.6076,0.8239,4153.261171134568,1820.249665199701,4813.857260010763,10787.37
Trunk,moderate,0.1,0.6342,0.7703,0.0,2093.920139579357,2580.3623966881055,4674.28
Bumper,minor,0.0877,0.6402,0.4443,0.0,2514.373531633117,1553.9122863087882,4068.29
Trunk,severe,0.6666,0.5447,0.5923,11831.419893623575,2893.034245118926,6123.471599277514,20847.93
Fender,moderate,0.2518,0.7002,0.5644,0.0,3241.336961062323,4088.782351665058,7330.12
Headlight,minor,0.0297,0.599,0.4059,0.0,856.7869218561393,0.0,856.79
Door,severe,0.5172,0.5432,0.7892,11692.143880790274,4388.647868167928,5176.261886977336,21257.05
Hood,minor,0.0215,0.9026,0.503,0.0,2468.3870489846495,1697.1467714404432,4165.53
Fender,severe,0.6792,0.5423,0.843,3763.7256537257513,4202.022862029233,6376.162835109252,14341.91
Trunk,severe,0.5321,0.7032,0.4473,11185.702240566487,4464.999557296246,6199.853633613848,21850.56
Fender,severe,0.6606,0.8271,0.7379,3513.449333075548,4704.78489618664,5465.419767950364,13683.65
Hood,severe,0.4158,0.5149,0.9158,10080.844443605401,3131.702096067124,4024.3615160364548,17236.91
Bumper,severe,0.5564,0.7953,0.9161,6694.780664552435,2808.4772519982826,6480.731538359613,15983.99
Door,moderate,0.2353,0.8124,0.6634,0.0,5286.605614894855,2585.3987276190974,7872.0
Headlight,minor,0.0613,0.883,0.7772,0.0,1055.3776845608656,0.0,1055.38
Windshield,minor,0.0749,0.8646,0.966,0.0,2006.7510740029309,0.0,2006.75
Windshield,severe,0.6731,0.9326,0.4664,6935.385601249536,2901.5578957640814,0.0,9836.94
Bumper,severe,0.6059,0.763,0.761,9867.065116721566,3472.737190844498,6397.240024351844,19737.04
Trunk,minor,0.0469,0.6418,0.5348,0.0,2167.2303340956846,2183.1509429566554,4350.38
Windshield,minor,0.0557,0.8665,0.7382,0.0,1703.6627598341227,0.0,1703.66
Trunk,minor,0.0376,0.8713,0.8245,11356.29964706244,2977.000908388392,1738.7105470906147,16072.01
Hood,moderate,0.3222,0.8927,0.6723,11307.626557185597,3179.9154079348023,2862.739654275595,17350.28
Windshield,minor,0.0511,0.4622,0.7903,0.0,1600.423636166937,0.0,1600.42
Bumper,moderate,0.2894,0.8116,0.5615,5464.107334640706,2639.565797666457,3680.9169535883225,11784.59
Fender,severe,0.5068,0.5183,0.9276,5098.0217826388425,3770.1285395245163,4822.489949049352,13690.64
Bumper,moderate,0.2101,0.7845,0.6429,8180.654739171618,2095.4619247846945,4032.754336494612,14308.87
Trunk,moderate,0.1923,0.4828,0.5771,10110.739084457307,3149.0099213260128,4255.125408437039,17514.87
Door,moderate,0.3197,0.5602,0.5067,0.0,5164.4355550148775,3994.2955718298117,9158.73
Door,moderate,0.2526,0.5047,0.9563,0.0,4549.258871981913,3096.743941086829,7646.0
Hood,moderate,0.3415,0.8397,0.9632,0.0,4372.922813590124,4259.8609879336545,8632.78
Fender,minor,0.0715,0.7054,0.6997,0.0,2244.26148295468,2191.4573691951364,4435.72
Trunk,moderate,0.2954,0.6263,0.5664,0.0,3116.595805906559,3966.118841214029,7082.71
Door,minor,0.0496,0.7058,0.7202,0.0,3335.8117843780806,3224.8387974430957,6560.65
Door,minor,0.0398,0.7293,0.8094,0.0,2605.0832001164426,2093.691480099885,4698.77
Light,moderate,0.2573,0.5192,0.6005,0.0,1707.143522592184,0.0,1707.14
Hood,minor,0.017,0.4729,0.8468,0.0,3075.4112852615804,2187.9223396281063,5263.33
Windshield,moderate,0.4725,0.7596,0.7623,0.0,1758.5969753421793,0.0,1758.6
Trunk,moderate,0.3045,0.8153,0.5877,0.0,2586.2766378259294,4111.830947732062,6698.11
Light,minor,0.0478,0.9328,0.6057,0.0,1159.4583341135801,0.0,1159.46
Fender,minor,0.0764,0.806,0.7742,0.0,2120.5882961941297,2204.631443583908,4325.22
Windshield,minor,0.01,0.5866,0.4054,0.0,1369.3188312774312,0.0,1369.32
Hood,severe,0.4317,0.4819,0.587,14910.575874646322,4653.177815021338,4306.532321577455,23870.29
Windshield,moderate,0.1694,0.5218,0.8131,0.0,1413.750330727775,0.0,1413.75
Trunk,minor,0.01,0.954,0.8649,0.0,2163.306369078601,1924.8903539661371,4088.2
Fender,moderate,0.205,0.6265,0.9052,0.0,3880.052614686329,2961.064322637528,6841.12
Windshield,moderate,0.2283,0.7661,0.7516,0.0,2334.5525662904693,0.0,2334.55
Headlight,severe,0.7729,0.4738,0.5223,11114.658010420251,1561.344118065865,0.0,12676.0
Fender,severe,0.4523,0.633,0.8682,4422.775358048112,3832.94607478866,4382.99490251663,12638.72
Door,moderate,0.2506,0.8029,0.6512,11218.586334689347,3622.003816476171,3583.9994162617236,18424.59
Headlight,minor,0.0305,0.7972,0.4615,0.0,1449.4286232074346,0.0,1449.43
Fender,minor,0.01,0.8497,0.5874,0.0,1826.010830672057,1617.7123093144214,3443.72
Fender,moderate,0.1,0.5135,0.9355,0.0,2177.070505766992,2672.496491651295,4849.57
Hood,minor,0.0363,0.6284,0.8257,0.0,2010.8378423096167,2401.939293375128,4412.78
Windshield,minor,0.0146,0.774,0.902,0.0,1548.285907806414,0.0,1548.29
Light,minor,0.04,0.4654,0.7013,0.0,1208.766233387217,0.0,1208.77
Fender,moderate,0.1223,0.6347,0.8076,0.0,2243.3378133634346,3256.1985268837234,5499.54
Headlight,minor,0.0266,0.9476,0.9229,0.0,1029.525530200959,0.0,1029.53
Light,minor,0.0593,0.6799,0.5317,0.0,1585.6415759234121,0.0,1585.64
Fender,minor,0.0424,0.7854,0.4986,0.0,3214.8334258431855,1851.557093378073,5066.39
Trunk,severe,0.5411,0.6111,0.4938,16812.76424876753,2877.3137749768953,4808.218483059789,24498.3
Fender,minor,0.0381,0.9737,0.4093,0.0,2103.127481885427,2882.944894989666,4986.07
Bumper,moderate,0.3252,0.7677,0.678,7511.509349473226,2001.6597148284138,4605.880205004078,14119.05
Trunk,severe,0.409,0.8278,0.735,10636.665991801523,2668.253612931332,5493.140637368118,18798.06
Door,minor,0.1123,0.5811,0.488,0.0,2888.3916005258698,3042.1444632241587,5930.54
Light,moderate,0.1236,0.9003,0.8926,0.0,888.1412594970079,0.0,888.14
Light,moderate,0.1717,0.8642,0.8773,0.0,1264.7819301858249,0.0,1264.78
Bumper,severe,0.3081,0.9525,0.9587,0.0,2919.5461921849546,4498.530968814992,7418.08
Bumper,moderate,0.2493,0.6784,0.9764,0.0,2837.567373507866,4395.714898764393,7233.28
Trunk,moderate,0.4146,0.6024,0.5954,0.0,3625.6554942181474,3636.277301650813,7261.93
Hood,severe,0.6485,0.7719,0.739,15298.983414419032,3892.9138038801243,4850.829410770719,24042.73
Trunk,minor,0.049,0.5788,0.7691,0.0,2287.5381648899365,2200.583454177842,4488.12
Windshield,minor,0.0644,0.7916,0.5837,0.0,1588.6796442764264,0.0,1588.68
Light,minor,0.0412,0.5136,0.7791,0.0,1256.9798305763727,0.0,1256.98
Trunk,severe,0.8174,0.6276,0.928,15528.790420350251,4635.87776109822,5958.58549937426,26123.25
Headlight,minor,0.0665,0.5659,0.5393,0.0,1094.9791198813798,0.0,1094.98
Trunk,minor,0.0505,0.8452,0.5992,0.0,3023.357413823866,2177.978668623123,5201.34
Door,minor,0.0329,0.6924,0.9311,0.0,2475.744912777972,2380.7010453230196,4856.45
Bumper,severe,0.6158,0.703,0.6243,7627.097156883732,3226.313010649758,4408.322943917432,15261.73
Bumper,severe,0.6299,0.7003,0.8369,9083.916176031553,3415.0134728820476,5537.370020413406,18036.3
Trunk,moderate,0.2528,0.4601,0.9409,0.0,3104.9827839203335,2620.5853410242107,5725.57
Windshield,minor,0.0478,0.8067,0.7113,0.0,2672.4088561689973,0.0,2672.41
Light,severe,0.7486,0.6117,0.5563,11048.339126199315,2529.002556361042,0.0,13577.34
Bumper,minor,0.0304,0.9214,0.6963,0.0,1502.5508052895432,1620.9417305581906,3123.49
Headlight,severe,0.5641,0.9467,0.6351,5374.811313109263,1768.0775635525135,0.0,7142.89
Bumper,moderate,0.1076,0.6825,0.5507,0.0,2188.9675746237504,2050.89032579499,4239.86
Trunk,moderate,0.2665,0.749,0.6069,12039.803222655224,2448.0743018738654,3434.7016709200293,17922.58
Fender,moderate,0.2882,0.9743,0.6019,0.0,3417.6773701526413,2549.269443744637,5966.95
Windshield,moderate,0.2843,0.4584,0.8619,0.0,3049.1429547711855,0.0,3049.14
Headlight,minor,0.0194,0.7898,0.9435,0.0,999.212473169627,0.0,999.21
Light,minor,0.0621,0.5407,0.4009,0.0,1529.4204750386366,0.0,1529.42
Door,moderate,0.1436,0.9206,0.9011,0.0,3531.4438478225593,2922.6568608505236,6454.1
Light,minor,0.0416,0.6417,0.4249,0.0,1400.6905641208464,0.0,1400.69
Light,minor,0.0315,0.6567,0.8191,0.0,600.4800638578558,0.0,800.0
Headlight,minor,0.0557,0.6347,0.6024,0.0,955.9406133902472,0.0,955.94
Light,moderate,0.2257,0.6241,0.6173,0.0,843.8163882823748,0.0,843.82
Bumper,moderate,0.2143,0.9739,0.5991,4947.982615338302,1710.985694790015,3298.430469583084,9957.4
Windshield,minor,0.0289,0.5022,0.7784,0.0,2470.2328516119587,0.0,2470.23
Door,minor,0.0222,0.9357,0.834,0.0,3488.1993525747253,2645.952427893278,6134.15
Headlight,moderate,0.3059,0.7717,0.4199,0.0,1410.0409980822842,0.0,1410.04
Fender,moderate,0.2603,0.5348,0.4049,0.0,3121.6403935087405,2745.680991303987,5867.32
Windshield,moderate,0.3445,0.4792,0.4219,0.0,3094.3936416292677,0.0,3094.39
Trunk,moderate,0.3333,0.739,0.4234,13333.078938911565,3581.8865719200335,3265.0763496721975,20180.04
Light,minor,0.0542,0.9452,0.6219,0.0,792.7140085079246,0.0,800.0
Trunk,severe,0.459,0.4966,0.6457,12604.108586432169,4007.146590588807,4873.116892358028,21484.37
Light,moderate,0.3078,0.6071,0.4248,0.0,1825.6571449966393,0.0,1825.66
Light,severe,0.9075,0.7444,0.9413,8162.924834249351,2916.4913564417407,0.0,11079.42
Windshield,severe,0.7659,0.5949,0.6095,8073.824948680241,4144.9942310500755,0.0,12218.82
Hood,severe,0.6475,0.8998,0.8655,12395.789412537839,3760.312639067427,4221.319061527579,20377.42
Light,moderate,0.1896,0.5353,0.5497,0.0,953.9528087436016,0.0,953.95
Headlight,minor,0.0742,0.9649,0.9431,0.0,796.7106815889449,0.0,800.0
Trunk,minor,0.0113,0.8564,0.8812,0.0,1703.716163046646,2112.0480073950184,3815.76
Windshield,severe,0.7538,0.9585,0.7289,7806.431134226627,4243.896869930009,0.0,12050.33
Windshield,severe,0.4952,0.4501,0.4697,10231.414957297755,3143.116375770834,0.0,13374.53
Trunk,minor,0.01,0.8941,0.4982,0.0,3183.085344601742,2207.841186858452,5390.93
Door,moderate,0.2116,0.7413,0.7257,0.0,4602.100888875306,4477.9527434450865,9080.05
Headlight,moderate,0.2548,0.551,0.6048,9590.479623829751,2096.905491572412,0.0,11687.39
Door,moderate,0.1,0.953,0.4453,0.0,2893.6968366937303,1853.2945116262117,4746.99
Bumper,minor,0.01,0.5034,0.6557,0.0,1432.242370514275,1968.283828548897,3400.53
Door,severe,0.5505,0.7112,0.9623,9927.075221985322,4548.770991323323,5486.924182476369,19962.77
Bumper,moderate,0.2757,0.9233,0.8013,0.0,2370.7160788898627,3885.6086539789494,6256.32
Hood,moderate,0.2542,0.4707,0.9248,0.0,2616.2152050513846,3353.2427074427465,5969.46
Trunk,minor,0.0627,0.7835,0.5118,0.0,1823.957189337233,1960.5718849583895,3784.53
Fender,moderate,0.1,0.4783,0.6922,0.0,2548.835907651106,2022.1777463336223,4571.01
Fender,moderate,0.2704,0.7881,0.7282,5377.136427265264,3000.468032676512,5219.627384450138,13597.23
Windshield,minor,0.0872,0.9502,0.9052,0.0,2538.7100980583273,0.0,2538.71
Bumper,moderate,0.3801,0.8411,0.4471,0.0,1830.3297971135466,4416.127880922553,6246.46
Hood,moderate,0.2894,0.5292,0.6478,9886.675676357429,3040.004225620551,4709.460310852893,17636.14
Headlight,minor,0.01,0.561,0.4907,0.0,1546.6444780648185,0.0,1546.64
Bumper,minor,0.0384,0.9607,0.8987,0.0,1447.722182712434,2918.4296484523293,4366.15
Door,minor,0.0652,0.6554,0.9212,0.0,2130.573561695578,2182.7027564131076,4313.28
Fender,minor,0.0712,0.9526,0.5434,0.0,2117.209730738447,2329.139133687992,4446.35
Light,minor,0.0302,0.8095,0.7178,0.0,986.5773766697148,0.0,986.58
Fender,moderate,0.3175,0.5254,0.5014,0.0,3033.6334110422436,3563.0046553109173,6596.64
Hood,minor,0.0885,0.6411,0.6494,0.0,3046.4082168508407,2776.879410842474,5823.29
Light,severe,0.68,0.4651,0.6679,3961.621094464037,1918.5722136539325,0.0,5880.19
Fender,minor,0.0441,0.506,0.5149,0.0,2128.3595789549117,2925.4786547467775,5053.84
Headlight,moderate,0.1,0.929,0.847,0.0,572.3972319191688,0.0,800.0
Door,minor,0.0616,0.5345,0.919,0.0,2505.118399542072,2817.561897082283,5322.68
Hood,moderate,0.3322,0.7908,0.6298,0.0,3080.8536976666214,3499.4636043765095,6580.32
Hood,minor,0.052,0.6225,0.7942,0.0,3151.686996491017,1446.047100982563,4597.73
Bumper,moderate,0.1,0.6942,0.7946,5463.1759366319175,1654.6768028969368,2506.8958595488825,9624.75
Fender,minor,0.0355,0.557,0.8761,0.0,2028.8008843225439,2279.3148688411748,4308.12
Windshield,severe,0.4902,0.4966,0.6045,0.0,2181.5234414730176,0.0,2181.52
Hood,moderate,0.2074,0.6037,0.7519,0.0,2426.8449927141373,3180.0763102824544,5606.92
Headlight,minor,0.0505,0.8216,0.6981,0.0,1473.7738796387885,0.0,1473.77
Bumper,moderate,0.2292,0.6506,0.4836,0.0,2196.004359267951,4724.0279828037455,6920.03
Door,minor,0.0707,0.4565,0.6828,0.0,3171.4196246150213,3006.064772588741,6177.48
Fender,moderate,0.1847,0.8367,0.7136,6502.369947093496,2769.605837051445,3373.2626256310396,12645.24
Headlight,minor,0.01,0.6849,0.9071,0.0,1184.088413122702,0.0,1184.09
Bumper,minor,0.0505,0.746,0.6904,0.0,1416.3282663643433,2284.193602627023,3700.52
Hood,moderate,0.4083,0.7874,0.4922,0.0,3951.6295006965192,5815.862664658946,9767.49
Trunk,minor,0.0173,0.6802,0.9208,0.0,2596.8958270022754,3098.536579989119,5695.43
Hood,moderate,0.2,0.6169,0.7292,10897.338286073029,1749.9182629270092,3414.4351425361037,16061.69
Headlight,moderate,0.2196,0.7406,0.5588,0.0,996.9660575651345,0.0,996.97
Trunk,severe,0.7326,0.6605,0.5395,18174.02456474129,5795.078041165411,7176.825281454818,31145.93
Headlight,minor,0.01,0.8033,0.5737,0.0,1151.5189585776802,0.0,1151.52
Trunk,minor,0.0531,0.734,0.5391,0.0,2442.3999608988092,2412.5752384408966,4854.98
Door,moderate,0.3031,0.8196,0.9065,0.0,4406.667484915566,2540.5246044136193,6947.19
Bumper,severe,0.5724,0.6032,0.9485,7173.898160193783,3436.301666131478,6720.848743243868,17331.05
Light,moderate,0.2842,0.9364,0.6135,11390.131287820164,810.8119625338381,0.0,12200.94
Bumper,severe,0.5333,0.6594,0.552,5935.540323297995,1976.9865753937431,4839.192451484304,12751.72
Hood,moderate,0.2077,0.5652,0.5056,0.0,2709.530076014299,2946.2608207470703,5655.79
Light,moderate,0.1817,0.5341,0.5004,9738.501982593043,1343.2869197607167,0.0,11081.79
Light,severe,0.5859,0.6109,0.6103,5369.296522241481,1060.9092287896433,0.0,6430.21
Hood,minor,0.0355,0.8063,0.465,0.0,2389.7229165000413,2000.6434772767473,4390.37
Hood,moderate,0.2624,0.8748,0.8722,0.0,3518.166788546056,3775.5053166247867,7293.67
Light,moderate,0.2327,0.555,0.5003,0.0,1767.5944391097094,0.0,1767.59
Hood,severe,0.5692,0.5466,0.9098,15881.579675271243,3749.0197030113504,4207.273146070094,23837.87
Headlight,minor,0.0338,0.5495,0.952,0.0,867.044484801543,0.0,867.04
Hood,minor,0.0626,0.7422,0.6581,0.0,3335.4965750968995,2748.823398150414,6084.32
Trunk,minor,0.0589,0.9409,0.7597,0.0,1876.7116061549787,2925.751468278546,4802.46
Headlight,minor,0.0533,0.7184,0.8574,0.0,810.8315551055351,0.0,810.83
Hood,moderate,0.1194,0.8476,0.9437,0.0,2982.922635330457,3133.1788025106607,6116.1
Fender,moderate,0.1777,0.7165,0.6069,0.0,2823.6976546377814,2995.802463567061,5819.5
Hood,minor,0.0192,0.8971,0.7022,0.0,2572.80437253748,1439.991667211992,4012.8
Fender,severe,0.7449,0.8831,0.8726,7049.165317144744,6400.263178532253,6901.50952488497,20350.94
Hood,moderate,0.1399,0.8535,0.7057,15878.604429018389,2613.824051099012,3131.4111781233223,21623.84
Windshield,minor,0.0723,0.6705,0.5988,0.0,2022.874960395438,0.0,2022.87
Windshield,moderate,0.3591,0.867,0.7277,0.0,2855.4134347410527,0.0,2855.41
Hood,severe,0.5214,0.6228,0.6847,0.0,4781.9978794640065,3697.966137738068,8479.96
Trunk,severe,0.6191,0.5213,0.6675,12321.610343113267,3245.219641964515,5116.038289537476,20682.87
Fender,moderate,0.1884,0.7485,0.4314,7017.067035481338,2095.5818554847747,2576.8336666104296,11689.48
Bumper,severe,0.4957,0.5533,0.9118,9446.71058561667,2872.841459175728,6093.323126767059,18412.88
Light,minor,0.0683,0.6072,0.7464,0.0,1219.7145622330033,0.0,1219.71
Hood,minor,0.0715,0.5591,0.5287,0.0,2529.3585351387574,2263.4301896636503,4792.79
Door,moderate,0.1873,0.8632,0.6375,0.0,2991.2491453851217,3856.5474101692325,6847.8
Door,severe,0.5312,0.9099,0.9306,12431.325255150492,6884.005374238264,7066.969734873788,26382.3
Hood,minor,0.0498,0.489,0.7729,0.0,2046.8917158478014,2599.424556760431,4646.32
Hood,moderate,0.2293,0.9083,0.8796,0.0,2647.299955019523,4478.052973574326,7125.35
Bumper,moderate,0.2476,0.5744,0.909,3749.699100571563,1918.1028614422564,3409.0544025997765,9076.86
Hood,severe,0.5787,0.6797,0.6127,13282.629087733258,5207.14730719027,4860.906113695138,23350.68
Door,moderate,0.2756,0.798,0.8788,0.0,2977.461374724751,3605.2451329152523,6582.71
Trunk,moderate,0.1105,0.7693,0.4105,0.0,2399.5914198783453,2956.7207903026524,5356.31
Trunk,severe,0.393,0.7669,0.4158,11842.95023891523,2856.9515290763256,3955.0003058448015,18654.9
Door,minor,0.1249,0.8223,0.544,0.0,2478.4402294544457,2609.9582812117906,5088.4
Hood,minor,0.0694,0.6681,0.6699,0.0,3506.8019008845085,1888.443684910818,5395.25
Fender,minor,0.0144,0.706,0.6976,0.0,1706.837427416082,1561.4819950736598,3268.32
Door,minor,0.1048,0.4514,0.7403,0.0,2797.077231071102,2807.188259802574,5604.27
Trunk,minor,0.0641,0.7923,0.6309,0.0,2088.852885536563,3254.749233346927,5343.6
Headlight,minor,0.0639,0.5693,0.4123,0.0,762.0328428424601,0.0,800.0
Headlight,moderate,0.3494,0.5477,0.9583,6608.229946342787,1544.5004245203447,0.0,8152.73
Headlight,severe,0.8083,0.6112,0.6323,5357.975434602189,1155.5006376700821,0.0,6513.48
Headlight,moderate,0.3717,0.6592,0.6788,12381.49600900956,1906.1642790799558,0.0,14287.66
Headlight,minor,0.0861,0.8407,0.4129,0.0,1130.0226347673029,0.0,1130.02
Door,minor,0.0355,0.7741,0.4926,0.0,3855.9588657014824,1584.509976374806,5440.47
Headlight,moderate,0.2012,0.9131,0.4435,0.0,1214.5666023010117,0.0,1214.57
Trunk,minor,0.0673,0.5884,0.9211,0.0,2329.667581189573,2179.357822887238,4509.03
Fender,moderate,0.1499,0.7759,0.5358,0.0,2827.0347253455916,2960.3483958379793,5787.38
Hood,severe,0.536,0.9313,0.8335,17016.096624314345,3513.3632081553887,4016.239785015096,24545.7
Fender,minor,0.0395,0.5064,0.9592,0.0,2287.4878632645286,1798.2200714288329,4085.71
Fender,minor,0.0412,0.7982,0.4576,0.0,1753.726144133229,2298.5819312631606,4052.31
Fender,severe,0.5485,0.9591,0.7302,4841.251035394983,3282.4919101348464,6244.195235195957,14367.94
Hood,minor,0.0438,0.8932,0.6316,0.0,2823.889899586963,2157.733748444541,4981.62
Door,minor,0.0925,0.5031,0.7576,0.0,2278.473520454877,2927.984385004295,5206.46
Door,moderate,0.1125,0.7226,0.524,12324.434740334222,4207.852919905943,2814.87539117533,19347.16
Light,severe,0.5021,0.6462,0.834,0.0,1290.4589368948725,0.0,1290.46
Bumper,moderate,0.1896,0.5662,0.9229,8436.736810491002,2563.1905582046325,2159.85111726517,13159.78
Light,moderate,0.1656,0.5643,0.7224,0.0,1477.5453645239402,0.0,1477.55
Trunk,moderate,0.1775,0.7956,0.8498,15779.292366361298,3297.9997340618024,3703.1875215233667,22780.48
Bumper,moderate,0.1117,0.8543,0.5972,0.0,2307.884946093221,3777.4108905355665,6085.3
Windshield,severe,0.6273,0.7764,0.66,10248.461362461867,2795.972807059249,0.0,13044.43
Hood,severe,0.5836,0.8241,0.9193,14993.501991610221,3711.3992475143773,6294.010664480474,24998.91
Fender,severe,0.5688,0.59,0.9471,7774.700025603299,4205.123687186957,4892.95225679429,16872.78
Light,moderate,0.1,0.9503,0.5253,9429.160730221052,1731.9932742720696,0.0,11161.15
Light,minor,0.0799,0.5898,0.9535,0.0,981.0810069203941,0.0,981.08
Light,severe,0.9296,0.5295,0.626,7993.733415209067,2348.554622738805,0.0,10342.29
Door,severe,0.489,0.6341,0.8403,12377.035099456221,4609.2678259941995,6200.342971863805,23186.65
Windshield,minor,0.1057,0.5747,0.6071,0.0,1902.1886077888303,0.0,1902.19
Light,severe,0.7655,0.7248,0.6588,7731.047325406762,2892.2148182764417,0.0,10623.26
Trunk,minor,0.0628,0.4571,0.5506,0.0,3061.067850004237,2533.309479980132,5594.38
Bumper,moderate,0.2265,0.6018,0.9298,0.0,1916.346139992771,3132.0349537609977,5048.38
Headlight,moderate,0.148,0.6747,0.4039,11025.268388859773,921.4253377957269,0.0,11946.69
Trunk,minor,0.0787,0.5113,0.7296,0.0,2367.9793353819828,3377.5430106152444,5745.52
Trunk,moderate,0.1,0.8801,0.5501,17134.360944201573,2926.7778931163616,2683.4302086323123,22744.57
Light,moderate,0.3769,0.5936,0.9313,9858.535102941505,1551.3171101009248,0.0,11409.85
Windshield,minor,0.0554,0.9153,0.6249,0.0,1358.8391534138598,0.0,1358.84
Trunk,minor,0.0393,0.8117,0.5376,0.0,2222.5803114871123,2527.0728695438634,4749.65
Fender,minor,0.0439,0.5397,0.7882,0.0,2410.1808395051034,1925.259943602288,4335.44
Light,severe,0.6297,0.4955,0.8417,6037.234320586223,2518.3737774464566,0.0,8555.61
Fender,severe,0.5061,0.9272,0.7683,3946.12679843806,2903.7402597182945,6148.815642374037,12998.68
Hood,severe,0.7131,0.6745,0.8917,16308.641405479093,4375.2307333374365,6237.736889005297,26921.61
Light,minor,0.0326,0.8875,0.5477,0.0,971.7389917767365,0.0,971.74
Headlight,severe,0.4588,0.513,0.6988,10219.971423913155,1867.7212115020604,0.0,12087.69
Trunk,minor,0.0156,0.6537,0.4993,0.0,1805.2002772938304,1912.3776826308467,3717.58
Light,moderate,0.1576,0.7205,0.8101,4122.501703972922,854.8032999946698,0.0,4977.31
Door,severe,0.3,0.8085,0.4034,8779.795214781207,4017.7175864928367,4136.151279063101,16933.66
Headlight,minor,0.0713,0.8212,0.6692,0.0,982.17745498843,0.0,982.18
Trunk,minor,0.0386,0.7783,0.5705,0.0,2598.000572479251,2352.5723770819227,4950.57
Trunk,moderate,0.2679,0.6266,0.4126,10224.32809554245,4243.356090643425,3212.1518904576524,17679.84
Bumper,moderate,0.1,0.9631,0.9018,0.0,1925.6008406309315,2639.4463336836166,4565.05
Headlight,severe,0.4672,0.9122,0.6312,7805.908554496606,963.5665384058271,0.0,8769.48
Light,moderate,0.1,0.585,0.853,0.0,1006.9541770982232,0.0,1006.95
Hood,minor,0.01,0.4888,0.8281,0.0,2638.283101609757,1829.5788096025694,4467.86
Windshield,moderate,0.145,0.5729,0.5288,0.0,2327.263253561823,0.0,2327.26
Door,minor,0.0496,0.8005,0.8726,0.0,2978.648949460107,2501.011922454089,5479.66
Door,minor,0.034,0.4706,0.7551,0.0,3398.042644226031,2838.37211004564,6236.41
Bumper,moderate,0.2339,0.9778,0.6083,0.0,2022.883628895048,2609.2356227151654,4632.12
Windshield,moderate,0.395,0.5112,0.6761,6088.245671803408,2909.1992195339158,0.0,8997.44
Headlight,minor,0.0667,0.718,0.9781,0.0,835.3083216680279,0.0,835.31
Trunk,minor,0.0232,0.6834,0.9095,0.0,2128.8291999556322,2536.8809203666906,4665.71
Headlight,moderate,0.1723,0.9058,0.9348,5313.155748597939,1188.1050395086168,0.0,6501.26
Door,minor,0.0165,0.7102,0.456,0.0,3234.419729126602,2087.3049728762026,5321.72
Headlight,minor,0.0756,0.6894,0.5461,0.0,589.7706038329458,0.0,800.0
Bumper,minor,0.0105,0.8598,0.4721,0.0,1251.1385440773167,2400.7069230206866,3651.85
Door,minor,0.0809,0.6429,0.5422,0.0,2710.108216054105,2417.3324797665073,5127.44
Fender,minor,0.0112,0.9087,0.6771,0.0,2525.3204705410626,1566.9531574355183,4092.27
Bumper,minor,0.0566,0.6139,0.9047,0.0,2117.683846582659,2152.2631667745854,4269.95
Fender,moderate,0.2482,0.8308,0.7362,6115.446593133224,2808.656348866038,4198.272069906572,13122.38
Door,minor,0.0413,0.9186,0.777,0.0,2594.3011339372583,2406.933255721383,5001.23
Light,minor,0.0355,0.9261,0.8328,0.0,1010.4108896610774,0.0,1010.41
Headlight,minor,0.0777,0.5495,0.9367,0.0,1061.681891885716,0.0,1061.68
Door,moderate,0.2563,0.5731,0.6575,0.0,4566.711829844342,4054.3729178630974,8621.08
Door,minor,0.01,0.776,0.9768,0.0,2576.7241458107897,2791.4804821961443,5368.2
Bumper,moderate,0.1084,0.613,0.8475,6264.501855068068,1963.8772957219544,3327.068443164982,11555.45
Bumper,minor,0.0112,0.6368,0.5647,0.0,2263.6641150068076,1991.2965771625738,4254.96
Light,minor,0.0467,0.5176,0.9058,0.0,987.8297516101924,0.0,987.83
Windshield,minor,0.0534,0.9759,0.7751,0.0,2436.9600345513054,0.0,2436.96
Windshield,moderate,0.3251,0.6818,0.8384,0.0,1742.764793080432,0.0,1742.76
Door,severe,0.7819,0.5316,0.5859,10933.169760718481,7134.483709296776,5281.9691248267545,23349.62
Fender,severe,0.6657,0.5292,0.4845,3440.0933009493183,3848.5789685949294,4055.4058036757633,11344.08
Bumper,moderate,0.1896,0.5624,0.6711,4764.248668218625,1946.6403754818837,3364.481078564453,10075.37
Trunk,moderate,0.1712,0.759,0.8921,11473.671942331815,2291.6211522677154,3087.561293115436,16852.85
Door,severe,0.5918,0.4636,0.9738,9129.075562522477,4783.894132688645,5537.782185225738,19450.75
Trunk,severe,0.4307,0.5604,0.7993,12212.916587076392,3410.7371595462287,4389.453907016398,20013.11
Trunk,moderate,0.1375,0.7704,0.9198,0.0,2286.140656127825,3076.5188266910145,5362.66
Fender,minor,0.0242,0.9259,0.8056,0.0,2330.0440677294855,1746.2106035132977,4076.25
Headlight,minor,0.0721,0.5124,0.849,0.0,1138.276440704196,0.0,1138.28
Fender,minor,0.0477,0.7001,0.4104,0.0,2069.624608384844,1883.299853661418,3952.92
Light,moderate,0.1713,0.9233,0.8161,3946.4353433747606,970.9859638548684,0.0,4917.42
Light,severe,0.6891,0.5535,0.9183,9794.664960792552,1596.7672019704944,0.0,11391.43
Light,moderate,0.2582,0.7799,0.8365,0.0,1558.7415984307067,0.0,1558.74
Door,severe,0.4465,0.8613,0.9469,7801.337381541245,5463.315847186306,4720.728142666567,17985.38
Windshield,moderate,0.2056,0.7013,0.6198,8698.988796893753,2380.9474438522775,0.0,11079.94
Windshield,minor,0.0918,0.6039,0.5003,0.0,1976.9698169841392,0.0,1976.97
Trunk,moderate,0.4519,0.8561,0.7385,0.0,4073.2604041447953,4389.627328056582,8462.89
Fender,moderate,0.4361,0.9761,0.6359,0.0,2836.7115894073977,3476.1793392684176,6312.89
Trunk,severe,0.8544,0.6312,0.845,16299.804134348851,3788.632843362657,6663.1686952270975,26751.61
Bumper,severe,0.6523,0.7745,0.5775,5239.547738492394,3724.4944963245307,6703.773071898427,15667.82
Trunk,moderate,0.3525,0.7882,0.5754,0.0,3049.530037120036,4929.261278588553,7978.79
Door,minor,0.0476,0.8801,0.55,0.0,2725.8499414556522,1896.2078557173638,4622.06
Headlight,severe,0.4191,0.5365,0.7204,8914.04174159029,1070.7571773611805,0.0,9984.8
Windshield,severe,0.6082,0.944,0.6442,11180.227773676927,3611.617212033779,0.0,14791.84
Trunk,moderate,0.3513,0.7398,0.8517,12913.325219726024,2715.517055493505,4900.025384356546,20528.87
Light,moderate,0.2051,0.9,0.4624,0.0,1531.404151673847,0.0,1531.4
Bumper,moderate,0.189,0.7186,0.8247,4069.5839891814703,1776.2192102201823,2623.4808451772146,8469.28
Headlight,minor,0.0487,0.6684,0.635,4294.319565937895,907.8401137869037,0.0,5202.16
Headlight,minor,0.0537,0.7987,0.4392,0.0,1442.0765199942507,0.0,1442.08
Fender,minor,0.0526,0.4906,0.9441,0.0,2332.6247997645714,2119.642980523727,4452.27
Door,minor,0.0685,0.5082,0.8369,0.0,2839.052336645697,2805.787434290541,5644.84
Door,moderate,0.2216,0.8586,0.6665,13299.163645292401,3615.754289380803,3268.785498396001,20183.7
Light,moderate,0.1191,0.9445,0.7108,0.0,1085.1318487049093,0.0,1085.13
Windshield,moderate,0.3589,0.5906,0.6911,0.0,2016.8238214459345,0.0,2016.82
Fender,moderate,0.2506,0.5986,0.571,4288.166168973422,2759.9151507978577,2695.7699359361795,9743.85
Light,moderate,0.2097,0.8942,0.677,4865.257258700744,1923.0230833432443,0.0,6788.28
Windshield,severe,0.5066,0.5865,0.5054,7594.515858771602,4086.9294100887714,0.0,11681.45
Headlight,moderate,0.2773,0.6065,0.6357,0.0,1012.4441026933307,0.0,1012.44
Door,moderate,0.1667,0.6729,0.5061,0.0,2613.2651777928336,4041.916930267383,6655.18
Windshield,moderate,0.3316,0.8564,0.8326,7598.920646185329,3042.0237728644615,0.0,10640.94
Headlight,severe,0.7489,0.6269,0.6325,9827.948941134568,1840.0473879123638,0.0,11668.0
Headlight,moderate,0.1332,0.7534,0.6448,8244.189207321813,1066.305886190721,0.0,9310.5
Bumper,moderate,0.1616,0.5277,0.6481,0.0,3064.6906362125014,3111.5843409873637,6176.27
Door,minor,0.0349,0.5186,0.5275,0.0,2766.8855628727288,1949.5930868924463,4716.48
Trunk,moderate,0.2673,0.4549,0.8124,0.0,2175.791231397227,3534.733521591828,5710.52
Windshield,minor,0.0126,0.8805,0.6696,0.0,1794.6076234135023,0.0,1794.61
Bumper,minor,0.01,0.4994,0.5702,0.0,1831.7339898238756,1940.8534502344028,3772.59
Bumper,moderate,0.2611,0.829,0.7131,0.0,2867.963030389427,3647.427710495614,6515.39
Light,moderate,0.1692,0.7426,0.652,2969.479911350632,995.8075946547934,0.0,3965.29
Fender,minor,0.01,0.8187,0.7088,0.0,2738.875412511878,1367.6601481057703,4106.54
Fender,minor,0.0449,0.8438,0.605,0.0,2450.4532267948784,2740.6720963935627,5191.13
Fender,minor,0.0456,0.5249,0.4679,0.0,2583.027551876055,2655.9014087084365,5238.93
Trunk,moderate,0.3588,0.7253,0.6929,16846.973464314473,3404.949399347095,4015.006763319561,24266.93
Trunk,minor,0.0913,0.7509,0.4458,0.0,2668.8343054429665,2270.200381901327,4939.03
Hood,minor,0.0564,0.8372,0.5855,0.0,2309.135222004702,2839.195514619845,5148.33
Door,minor,0.1197,0.7157,0.7504,0.0,3188.033861124075,1739.7452237456002,4927.78
Trunk,minor,0.0189,0.6288,0.7559,0.0,1750.9789583932795,1841.085486900705,3592.06
Windshield,severe,0.444,0.5689,0.8303,6523.711866320537,2016.8598669875944,0.0,8540.57
Fender,severe,0.7332,0.6805,0.655,6998.918574923496,3354.700816375175,7034.095423676976,17387.71
Trunk,minor,0.0618,0.8482,0.6711,0.0,2388.9015521044953,2911.3485348782365,5300.25
Fender,minor,0.0552,0.5658,0.4548,0.0,1873.6785866635119,2153.655669149482,4027.33
Bumper,minor,0.0338,0.966,0.8964,0.0,1728.3267702868113,1740.317110708709,3468.64
Hood,severe,0.3061,0.8853,0.9665,13185.37954052956,4136.215311862933,3318.9274304751957,20640.52
Trunk,minor,0.077,0.5197,0.4251,0.0,2121.767380885014,2426.218681798407,4547.99
Fender,moderate,0.2123,0.4917,0.4003,0.0,3103.526331597771,2954.9452656559724,6058.47
Headlight,moderate,0.3596,0.8449,0.969,8931.432760032847,754.500823585625,0.0,9685.93
Door,moderate,0.3021,0.7984,0.771,0.0,5742.78873084099,4092.275885238523,9835.06
Headlight,minor,0.1239,0.9682,0.6125,0.0,1226.761418550569,0.0,1226.76
Bumper,moderate,0.3091,0.8323,0.7427,0.0,2107.2631702740737,3987.4424834186807,6094.71
Trunk,moderate,0.1464,0.976,0.7195,0.0,3074.037871571387,3205.8835935544976,6279.92
Trunk,severe,0.6239,0.7637,0.7821,14644.829745977513,3365.8731904681676,6071.4551340694925,24082.16
Trunk,severe,0.4537,0.5996,0.9597,12529.881653833696,4012.3105604512148,5904.091534781675,22446.28
Trunk,moderate,0.3236,0.9193,0.6444,0.0,2776.2778425763,4901.2851284290955,7677.56
Light,moderate,0.2016,0.8149,0.6987,0.0,642.1516045344225,0.0,800.0
Trunk,moderate,0.3265,0.9372,0.6757,0.0,3634.4345599365315,2522.865374360272,6157.3
Hood,moderate,0.4062,0.8357,0.6462,0.0,3929.648278428246,4515.2072200966795,8444.86
Light,minor,0.0833,0.5271,0.5743,0.0,1069.1965979860213,0.0,1069.2
Windshield,minor,0.0926,0.6529,0.5424,0.0,1914.439943598002,0.0,1914.44
Door,minor,0.0397,0.8902,0.7188,0.0,2966.3418595093176,2017.1804321022423,4983.52
Trunk,severe,0.5973,0.6935,0.6288,15214.781888288213,4055.3538463981067,4041.389114103993,23311.52
Windshield,minor,0.0318,0.5055,0.5691,0.0,1811.2192946355485,0.0,1811.22
Hood,moderate,0.1305,0.7892,0.5554,0.0,2965.5288715756487,2347.902998370405,5313.43
Trunk,moderate,0.1553,0.9699,0.9732,11921.416405183973,3060.4346344073547,3150.8941280180306,18132.75
Windshield,minor,0.0379,0.6387,0.5061,0.0,2056.3614387235193,0.0,2056.36
Fender,moderate,0.4422,0.8657,0.8093,6594.662878937598,2324.3176734060166,4690.816101521525,13609.8
Trunk,moderate,0.1672,0.9737,0.902,0.0,2355.821682943351,2674.1428143344147,5029.96
Windshield,minor,0.0306,0.5918,0.4704,0.0,2047.9192975357867,0.0,2047.92
Door,moderate,0.3024,0.6903,0.704,13207.102172933097,3674.074572754658,4401.614654354849,21282.79
Windshield,severe,0.4651,0.5134,0.944,0.0,3366.1534667125306,0.0,3366.15
Bumper,minor,0.0539,0.9559,0.5322,0.0,1605.1069765798777,2202.3278929988533,3807.43
Hood,minor,0.0584,0.5758,0.7316,0.0,1611.6749905165611,2086.2464313689215,3697.92
Hood,minor,0.0889,0.7051,0.9132,0.0,3034.485070417106,2460.065918094825,5494.55
Windshield,minor,0.081,0.7403,0.9769,0.0,2086.589732700973,0.0,2086.59
Headlight,minor,0.0427,0.7461,0.7988,0.0,1031.928676836291,0.0,1031.93
Fender,severe,0.481,0.7749,0.5765,5317.944681593656,3823.821357991964,6678.945596804499,15820.71
Light,moderate,0.3354,0.8715,0.5226,0.0,1913.891686605118,0.0,1913.89
Fender,moderate,0.2643,0.5076,0.9771,8454.473654205325,3088.153960571139,4429.633141251009,15972.26
Light,severe,0.6499,0.755,0.464,6995.48272306195,1147.2696281086637,0.0,8142.75
Windshield,minor,0.0353,0.783,0.762,0.0,2025.6360151648262,0.0,2025.64
Bumper,minor,0.0566,0.6616,0.5299,0.0,1676.831060157224,2177.0243195026214,3853.86
Bumper,moderate,0.1589,0.723,0.8341,9234.321112454227,2774.110817639583,3530.4199922901366,15538.85
Door,severe,0.6546,0.9706,0.6805,12688.738288075403,7364.878136733481,5947.078652454514,26000.7
Hood,moderate,0.2441,0.6174,0.7451,11763.348780165627,2533.646483158416,4018.9016043266115,18315.9
Light,minor,0.0587,0.5639,0.5572,0.0,906.8237577736501,0.0,906.82
Door,moderate,0.1836,0.5885,0.9786,10023.376036596,3031.4610909552957,2504.2026622064564,15559.04
Windshield,severe,0.3149,0.9741,0.9068,8288.585757076442,1738.0967191420727,0.0,10026.68
Hood,moderate,0.3392,0.4531,0.5951,15264.720176367071,4093.4144328889715,2941.3610652124407,22299.5
Door,minor,0.0121,0.71,0.5385,0.0,3662.5528088327233,2230.4440431872667,5893.0
Door,severe,0.6327,0.89,0.7302,10336.66367851656,4897.772717928447,3712.6977218845786,18947.13
Trunk,minor,0.0129,0.4658,0.6552,0.0,1782.7750165274877,2237.459017789576,4020.23
Trunk,moderate,0.2993,0.8003,0.9546,0.0,3874.0817191860447,4476.794706347126,8350.88
Door,moderate,0.1955,0.4917,0.4619,0.0,3189.0339916913213,2932.3533372647057,6121.39
Trunk,minor,0.0217,0.7328,0.6268,0.0,2941.5697365472975,2738.2275169040167,5679.8
Light,moderate,0.2738,0.7021,0.6672,0.0,1026.4414944064824,0.0,1026.44
Door,moderate,0.3169,0.7622,0.5985,8321.247966973693,3239.423862625599,4014.0199239913354,15574.69
Trunk,minor,0.071,0.6199,0.7134,0.0,2338.0574250035565,3544.140184351069,5882.2
Door,minor,0.0394,0.6875,0.5954,0.0,2831.1765372201335,1979.4705380673859,4810.65
Windshield,minor,0.0274,0.5518,0.7351,0.0,2133.401560930128,0.0,2133.4
Fender,moderate,0.137,0.679,0.8449,0.0,2903.0481308710946,2142.1450314850063,5045.19
Trunk,minor,0.0673,0.9611,0.6426,0.0,2357.2864089776667,1581.9347061804951,3939.22
Hood,minor,0.0889,0.4807,0.6463,0.0,2442.950895294958,1613.7534068623745,4056.7
Windshield,minor,0.0522,0.9033,0.8374,0.0,1454.0700666308176,0.0,1454.07
Light,moderate,0.2019,0.6286,0.5689,0.0,1778.8950344101868,0.0,1778.9
Windshield,moderate,0.3281,0.4581,0.9173,5682.091109414477,2332.64173332108,0.0,8014.73
Hood,moderate,0.3485,0.7296,0.8989,10516.023510903637,3205.3602917827247,4301.127400909838,18022.51
Headlight,moderate,0.4028,0.5494,0.9684,0.0,2392.251221732853,0.0,2392.25
Light,severe,0.5851,0.7325,0.7327,9224.408558392983,1809.6202916531213,0.0,11034.03
Fender,minor,0.0362,0.5072,0.4547,0.0,2727.1042584143433,2045.7392711847178,4772.84
Trunk,moderate,0.2119,0.9198,0.7125,15143.87166111581,2644.4560768463343,2665.559955492183,20453.89
Windshield,minor,0.0261,0.7793,0.907,0.0,1701.3779211860244,0.0,1701.38
Bumper,minor,0.0626,0.8852,0.4297,0.0,2551.199643460953,2008.9301316328979,4560.13
Door,minor,0.1028,0.8467,0.9475,0.0,3141.305706874332,2318.5499690673287,5459.86
Hood,minor,0.0151,0.8781,0.8613,10651.330719375417,1825.0938305844475,2312.7572984503336,14789.18
Headlight,severe,0.8422,0.8505,0.5585,3398.283379466537,1826.0005533830258,0.0,5224.28
Hood,moderate,0.1,0.6176,0.7046,9616.301579883106,2651.3149316389167,2559.485742451726,14827.1
Hood,moderate,0.2525,0.8941,0.4436,12124.1193339426,2890.0162788418106,3101.610757190391,18115.75
Trunk,moderate,0.1781,0.5597,0.9753,0.0,2664.8349163634603,2678.834823668887,5343.67
Fender,moderate,0.2935,0.7879,0.6034,0.0,3238.041706451844,4477.562639497303,7715.6
Hood,minor,0.0792,0.5246,0.7794,0.0,2656.395864903167,1851.066540076338,4507.46
Fender,severe,0.5676,0.4674,0.5822,3614.2364809645783,3539.0178466949546,7724.009623221412,14877.26
Trunk,severe,0.5075,0.5955,0.5045,17082.347612389098,4910.073133598713,4510.733902199276,26503.15
Fender,minor,0.0686,0.5026,0.5421,0.0,2357.9745980745693,1629.1342461616985,3987.11
Fender,minor,0.0784,0.6771,0.8685,0.0,2543.252240221261,2496.7384263199124,5039.99
Hood,moderate,0.1624,0.5423,0.4615,11435.210067265632,2347.830197703276,3139.9607259763325,16923.0
Door,minor,0.0617,0.4704,0.9161,0.0,2376.5182206236404,2318.7356127356065,4695.25
Windshield,moderate,0.3305,0.8144,0.5158,0.0,2468.508749042906,0.0,2468.51
Light,minor,0.01,0.5897,0.4836,0.0,757.7914219264094,0.0,800.0
Hood,moderate,0.1,0.5701,0.4946,15022.773767904586,3356.8512988907005,2184.1749566833178,20563.8
Light,minor,0.0307,0.6607,0.8317,0.0,674.7809188314354,0.0,800.0
Trunk,minor,0.0239,0.5475,0.6988,19623.404752412764,2361.9031437343606,2321.554062454127,24306.86
Bumper,severe,0.7067,0.9179,0.8407,8643.552331094534,2771.979851997828,6541.898631697668,17957.43
Headlight,moderate,0.1,0.5199,0.6897,0.0,706.0162432720176,0.0,800.0
Hood,severe,0.7124,0.6963,0.5229,14749.108079897009,4846.98965616397,5973.3370607462,25569.43
Hood,severe,0.3,0.7645,0.5458,14951.040953894837,2725.632239571115,4038.4507688459294,21715.12
Windshield,severe,0.5742,0.7358,0.8481,5930.548822768295,2460.9322411706976,0.0,8391.48
Hood,moderate,0.1395,0.7321,0.8486,15458.874098168402,1927.8194866126787,2985.7655162304595,20372.46
Hood,moderate,0.1495,0.8888,0.5336,10486.026176645735,2821.416437142361,2716.9961608620056,16024.44
Trunk,moderate,0.1859,0.509,0.461,0.0,2845.8348529200903,3362.180283497087,6208.02
Light,moderate,0.17,0.7691,0.8648,7684.035956026289,1668.385668702837,0.0,9352.42
Door,moderate,0.2049,0.8584,0.9134,9939.669767708041,3496.346368897473,3508.5170869717545,16944.53
Hood,moderate,0.3443,0.6133,0.7231,15214.546990989487,3860.216778616745,4271.561087274211,23346.32
Fender,severe,0.317,0.7782,0.5335,8021.051103915287,2319.791234975393,4758.92766653933,15099.77
Trunk,moderate,0.2398,0.5555,0.7083,0.0,2086.361849201434,4222.236163911435,6308.6
Hood,minor,0.0343,0.7244,0.6199,0.0,2762.7709487701914,1750.878490549947,4513.65
Headlight,minor,0.0536,0.9692,0.6315,0.0,754.7880932442403,0.0,800.0
Fender,moderate,0.1798,0.4955,0.4978,5859.740580707422,2623.1708531385216,3210.951652533642,11693.86
Fender,minor,0.0854,0.9391,0.6247,0.0,1951.9674142113033,2877.632337565118,4829.6
Headlight,severe,0.9174,0.4778,0.8498,6142.7282236541,1644.6833168559288,0.0,7787.41
Trunk,minor,0.0807,0.5455,0.4283,0.0,2455.7881202215044,2804.085273178744,5259.87
Hood,severe,0.6881,0.7022,0.8396,10563.424100308453,3435.3035202133815,5056.942624934123,19055.67
Bumper,minor,0.0939,0.4915,0.8945,0.0,1634.2182929575642,2214.628425139787,3848.85
Trunk,minor,0.08,0.7993,0.776,0.0,2477.3346515204753,2390.7142470937197,4868.05
Fender,moderate,0.285,0.7224,0.727,5175.578237958746,2437.5280037879434,3327.995818283476,10941.1
Light,severe,0.5551,0.5124,0.4565,4953.3688063662685,2833.3493046457443,0.0,7786.72
Door,moderate,0.2221,0.7573,0.6921,7688.349298102678,3408.9339743038922,2425.1793831810783,13522.46
Trunk,moderate,0.4442,0.5271,0.7561,10574.365655353835,4435.23245803598,5232.217105779761,20241.82
Hood,minor,0.0792,0.9479,0.604,0.0,2500.9672735400836,2509.5009015745277,5010.47
Hood,moderate,0.146,0.6763,0.8661,0.0,1710.766876319076,2040.9641402657023,3751.73
Light,moderate,0.256,0.4763,0.4848,0.0,1542.3725536722386,0.0,1542.37
Door,severe,0.58,0.9582,0.4085,12601.152500265067,4402.3581535206185,6662.61718519219,23666.13
Trunk,minor,0.0672,0.7097,0.5299,18911.199317697454,1826.4915705908388,1896.8210649939513,22634.51
Windshield,moderate,0.4499,0.6256,0.6032,0.0,2469.5481064352048,0.0,2469.55
Door,minor,0.0834,0.92,0.9268,0.0,3428.2807523304723,3193.8863163039186,6622.17
Trunk,moderate,0.2153,0.9234,0.6262,14769.371512357648,2920.0836114126164,2783.34635296124,20472.8
Light,minor,0.0544,0.9464,0.9013,0.0,955.0830456320928,0.0,955.08
Light,severe,0.4632,0.6115,0.7732,11794.425328684976,1039.4903145738597,0.0,12833.92
Headlight,severe,0.6649,0.4746,0.6282,9990.647526123901,2225.5374584475408,0.0,12216.18
Fender,moderate,0.1,0.8,0.4678,0.0,2024.9075275879436,2298.170796183609,4323.08
Headlight,moderate,0.2211,0.8937,0.9656,0.0,1338.628520054696,0.0,1338.63
Fender,moderate,0.3313,0.9221,0.7869,0.0,3265.152257887355,4585.76959741409,7850.92
Fender,minor,0.0446,0.7295,0.4751,6048.652963190939,2534.6847599045245,2214.792540592201,10798.13
Windshield,minor,0.0183,0.6484,0.8271,0.0,1688.2769614928322,0.0,1688.28
Hood,minor,0.0635,0.6384,0.8762,0.0,2119.737163768269,2169.0128163315044,4288.75
Fender,moderate,0.412,0.8268,0.8005,7638.875474326289,4081.8111788909173,4403.293885556954,16123.98
Trunk,severe,0.6838,0.4716,0.8393,17045.082282219693,4715.63118135056,7794.487645752803,29555.2
Bumper,severe,0.9459,0.8962,0.8949,8896.027528960525,4972.054002114015,8995.160925935383,22863.24
Bumper,severe,0.9053,0.6275,0.4785,5581.916038212685,3098.5269430123208,8882.356739514727,17562.8
Trunk,moderate,0.1661,0.8848,0.5712,15982.416515932788,3923.1236885696017,2602.437606407645,22507.98
Bumper,minor,0.0603,0.6618,0.8537,0.0,2115.9102360405873,1673.3557399341407,3789.27
Bumper,minor,0.1064,0.6665,0.9399,0.0,1458.9195217127553,2349.693204635054,3808.61
Headlight,minor,0.01,0.8696,0.5664,0.0,734.7223024325782,0.0,800.0
Hood,minor,0.0784,0.721,0.6119,0.0,2734.7526236733697,2275.9792222410947,5010.73
Bumper,minor,0.0386,0.9518,0.4811,0.0,1380.7170213334043,2036.9316327604038,3417.65
Hood,moderate,0.122,0.5545,0.4822,0.0,2574.8241325101158,2434.8891329886633,5009.71
Hood,severe,0.3898,0.8036,0.7454,14540.428369297519,3866.1226843441736,5253.861055449773,23660.41
Hood,moderate,0.2906,0.8781,0.5712,17400.278984104785,2353.1667311996275,2945.622985482385,22699.07
Windshield,moderate,0.2176,0.6023,0.5994,6394.204878056417,2187.8535439819198,0.0,8582.06
Fender,moderate,0.1655,0.976,0.8805,0.0,3029.752912800573,1987.4343923591814,5017.19
Door,moderate,0.3096,0.5353,0.5433,11224.821088265773,4408.117380439809,3570.8418538661535,19203.78
Light,minor,0.0856,0.7884,0.8721,0.0,880.7197351926272,0.0,880.72
Headlight,severe,0.8904,0.9398,0.4981,10442.343143939848,1526.400979581501,0.0,11968.74
Hood,minor,0.0703,0.6338,0.5994,0.0,2168.97005355248,1600.4344768328504,3769.4
Fender,minor,0.0803,0.7476,0.4075,0.0,3297.0899345138946,3090.166230242011,6387.26
Hood,moderate,0.208,0.6687,0.7574,0.0,2076.4187137237723,2572.8351668265573,4649.25
Door,minor,0.0904,0.9736,0.6793,0.0,2337.5301348199996,2106.797943911519,4444.33
Light,moderate,0.5,0.6752,0.8862,10112.225891921304,1929.43939942574,0.0,12041.67
Trunk,moderate,0.1972,0.8662,0.6342,0.0,2864.6631613314785,3976.9897613595385,6841.65
Hood,severe,0.7107,0.9112,0.7444,12407.108872887762,4898.130225848679,4522.5235288300255,21827.76
Fender,moderate,0.2525,0.8999,0.978,0.0,3142.9728575114436,2880.917306149237,6023.89
Fender,moderate,0.308,0.5857,0.8831,0.0,3430.964507008227,4562.96123533711,7993.93
Door,severe,0.7655,0.9105,0.781,11227.447972836466,5470.495711900241,6313.737062859049,23011.68
Light,moderate,0.2116,0.6157,0.6932,6826.299478688381,1088.3954105115006,0.0,7914.69
Headlight,moderate,0.2465,0.7,0.8377,3570.909755098814,1152.6856564903974,0.0,4723.6
Light,minor,0.0938,0.9754,0.7441,0.0,1491.7888675864456,0.0,1491.79
Fender,severe,0.9245,0.4845,0.8563,5731.922044061588,4553.578629076088,7174.598308422008,17460.1
Trunk,minor,0.0354,0.8217,0.5219,0.0,1698.1873630520056,1988.202212131062,3686.39
Windshield,minor,0.0791,0.8088,0.6871,0.0,1173.91244728377,0.0,1173.91
Headlight,moderate,0.1885,0.821,0.6868,0.0,1572.6213339053456,0.0,1572.62
Light,severe,0.5239,0.8221,0.7317,10875.871797359463,2081.858998485918,0.0,12957.73
Door,moderate,0.1388,0.9741,0.7733,15323.62762974547,2313.533365365468,3349.958233641047,20987.12
Trunk,moderate,0.361,0.4703,0.6506,0.0,2518.4575841281962,3192.45775988296,5710.92
Trunk,moderate,0.261,0.4667,0.6395,16449.69354989453,3224.4135218004412,3951.741710876409,23625.85
Hood,minor,0.01,0.8841,0.714,0.0,1703.5911381794915,1970.2001963373325,3673.79
Fender,minor,0.081,0.6421,0.9317,0.0,1788.4376783050825,2029.145767541657,3817.58
Windshield,moderate,0.3289,0.6994,0.4741,0.0,2227.2698475649618,0.0,2227.27
Headlight,minor,0.066,0.9088,0.9068,0.0,1358.9164562293854,0.0,1358.92
Headlight,minor,0.0648,0.9297,0.6749,0.0,1153.5982382666386,0.0,1153.6
Light,moderate,0.3413,0.9577,0.6363,0.0,2224.1470841125747,0.0,2224.15
Hood,minor,0.0376,0.5761,0.8104,0.0,2785.5676923052906,1881.586028334796,4667.15
Bumper,moderate,0.2485,0.6231,0.9299,0.0,1925.113860643672,3850.001947959208,5775.12
Hood,minor,0.0203,0.8306,0.4643,0.0,3111.9586205151545,1852.301014079296,4964.26
Headlight,minor,0.01,0.862,0.6846,0.0,1299.7749931212052,0.0,1299.77
Hood,moderate,0.4847,0.4879,0.5359,0.0,4535.9805181256,5131.510452687503,9667.49
Windshield,severe,0.6452,0.6472,0.4504,8421.994006608318,4248.407006225899,0.0,12670.4
Windshield,severe,0.4807,0.5282,0.6833,5833.372501303946,3196.847484290627,0.0,9030.22
Light,minor,0.0545,0.4818,0.4361,0.0,727.7587324930429,0.0,800.0
Headlight,severe,0.7822,0.9069,0.9664,4326.9647942862985,1848.1834369678177,0.0,6175.15
Headlight,severe,0.8483,0.7376,0.6309,6656.939675473581,1423.2918466490003,0.0,8080.23
Headlight,moderate,0.344,0.7401,0.5949,0.0,2238.0355293319294,0.0,2238.04
Bumper,minor,0.0382,0.6195,0.4925,0.0,1673.4923675034117,2627.0621674216463,4300.55
Trunk,minor,0.01,0.5387,0.4278,0.0,2605.6928118051014,1961.3445433742136,4567.04
Bumper,minor,0.0354,0.7073,0.8635,0.0,1391.35240178782,1930.0126571671406,3321.37
Headlight,minor,0.0499,0.5643,0.675,0.0,1150.588475342258,0.0,1150.59
Light,minor,0.0872,0.7871,0.6662,0.0,1410.6519261968801,0.0,1410.65
Windshield,moderate,0.2972,0.5867,0.7145,0.0,1983.4271687766875,0.0,1983.43
Light,moderate,0.3616,0.7729,0.8138,3847.463269855724,1992.4363800498525,0.0,5839.9
Door,minor,0.01,0.7024,0.8209,0.0,3568.1751158998864,1490.352436512918,5058.53
Hood,minor,0.0633,0.4653,0.7696,0.0,2530.9847256402286,2362.116729683296,4893.1
Trunk,severe,0.3316,0.8361,0.8282,0.0,3404.3150387799337,5005.746145384888,8410.06
Bumper,minor,0.0284,0.8851,0.9215,0.0,2412.588953318119,2121.5620194693465,4534.15
Hood,severe,0.5326,0.6623,0.8904,17016.145436161794,4382.8914785605975,5403.793276836006,26802.83
Fender,moderate,0.3927,0.6978,0.4456,3084.502739988225,2602.599850049997,6250.2588694403,11937.36
Door,minor,0.0926,0.5537,0.7502,0.0,2897.7534494491147,2243.521685437223,5141.28
Headlight,severe,0.7471,0.907,0.7142,12369.98086665582,2273.7166409529605,0.0,14643.7
Trunk,moderate,0.2664,0.4697,0.8589,0.0,4222.635740299309,3520.2790271680615,7742.91
Door,moderate,0.1136,0.59,0.597,0.0,2469.069262883523,2412.894811850462,4881.96
Door,moderate,0.288,0.6657,0.6866,8379.067067990627,3323.5913448494534,3085.410511104955,14788.07
Hood,minor,0.01,0.8722,0.4019,0.0,2698.0763481179383,1940.6633183034191,4638.74
Trunk,moderate,0.3816,0.5793,0.7502,15139.966037280266,2753.70157393148,3711.2746380357776,21604.94
Hood,moderate,0.2796,0.7095,0.5495,0.0,2007.9672729774913,4486.632412956297,6494.6
Headlight,moderate,0.2647,0.8634,0.6764,7616.763659000777,1078.946529221216,0.0,8695.71
Door,severe,0.748,0.774,0.5795,13488.109342574868,5175.767414273786,6823.867677764096,25487.74
Light,severe,0.4575,0.742,0.7357,11316.734109851759,1415.5227112320715,0.0,12732.26
Light,moderate,0.2122,0.937,0.4062,0.0,907.8850327799428,0.0,907.89
Bumper,moderate,0.1569,0.7456,0.6542,8162.578055477979,1792.4691873903632,4055.517376982933,14010.56
Trunk,moderate,0.3242,0.6677,0.8991,15705.131088701211,3030.293580883048,5126.12468983935,23861.55
Light,minor,0.0688,0.787,0.8155,0.0,880.770153232294,0.0,880.77
Bumper,minor,0.0592,0.9636,0.9129,0.0,1577.0950372964544,2937.7101802331695,4514.81
Hood,minor,0.0123,0.4931,0.6088,0.0,2600.470463499151,2169.15833716632,4769.63
Fender,minor,0.0666,0.9384,0.965,0.0,2629.880614494487,2796.891194324814,5426.77
Door,moderate,0.2557,0.6992,0.7015,8620.113013840399,3993.000866649547,2608.5984928085186,15221.71
Headlight,moderate,0.1405,0.5885,0.8828,4087.1434933740015,1582.6506051273136,0.0,5669.79
Trunk,minor,0.0861,0.8658,0.813,0.0,1913.7092078885992,2166.2677883770934,4079.98
Door,severe,0.6302,0.5123,0.4369,13165.460732739279,6172.443775075365,4100.216234563894,23438.12
Windshield,minor,0.0566,0.8975,0.8086,0.0,1188.8726084678733,0.0,1188.87
Door,severe,0.717,0.9551,0.9084,0.0,7404.4925460735385,6848.61875884741,14253.11
Light,moderate,0.2991,0.7523,0.4728,0.0,922.8089956139099,0.0,922.81
Hood,minor,0.0903,0.9503,0.5704,0.0,2579.5933534283063,1959.13338681942,4538.73
Headlight,minor,0.0745,0.4732,0.8323,0.0,812.5420028644475,0.0,812.54
Bumper,minor,0.0405,0.7702,0.4383,0.0,1181.2785650373446,2800.1270928932495,3981.41
Hood,moderate,0.2265,0.5457,0.6111,0.0,2577.0197125367113,2662.876735791065,5239.9
Light,minor,0.0281,0.8048,0.926,0.0,730.1841937566677,0.0,800.0
Hood,minor,0.01,0.8508,0.6902,0.0,2366.048386202301,1626.0433013408838,3992.09
Bumper,moderate,0.176,0.9611,0.9128,0.0,1946.0490590254146,3198.4051097052634,5144.45
Door,severe,0.5543,0.7162,0.4254,0.0,5787.667274378623,5024.675853152517,10812.34
Fender,moderate,0.231,0.8106,0.5367,0.0,3775.9223848966776,2746.3251985226048,6522.25
Fender,severe,0.6122,0.6194,0.692,5401.122730346462,6144.910505180894,5858.854496170094,17404.89
Trunk,moderate,0.4865,0.7755,0.947,0.0,4020.787581384858,4824.595871969872,8845.38
Bumper,minor,0.031,0.5337,0.7175,0.0,1573.0187665325527,2074.2870842279476,3647.31
Bumper,moderate,0.1359,0.9445,0.5788,0.0,1778.9382654565125,3611.385021279686,5390.32
Light,minor,0.01,0.775,0.7461,0.0,965.8354022350511,0.0,965.84
Trunk,severe,0.5516,0.7724,0.9766,15347.571038775306,3684.154473789903,5979.492263713107,25011.22
Bumper,moderate,0.2346,0.7957,0.441,0.0,2684.8033836788595,3612.8232395028963,6297.63
Headlight,minor,0.0296,0.6355,0.5948,0.0,1004.9083477810631,0.0,1004.91
Light,moderate,0.3342,0.6294,0.6501,0.0,1193.8996071590855,0.0,1193.9
Headlight,minor,0.034,0.8124,0.9285,0.0,742.6550661178409,0.0,800.0
Fender,severe,0.6733,0.8943,0.9572,6168.240562472057,4453.730623372512,4479.031975891283,15101.0
Windshield,severe,0.5036,0.7941,0.6114,7779.583882792961,2537.696052123966,0.0,10317.28
Fender,minor,0.0556,0.7175,0.7003,3708.341497302092,1816.601187708906,3412.7677130402103,8937.71
Door,minor,0.0631,0.4746,0.4897,0.0,2232.1837690108177,1826.509952446848,4058.69
Fender,moderate,0.3157,0.4907,0.6303,0.0,3087.812071203529,4771.696396187246,7859.51
Trunk,moderate,0.4372,0.7469,0.7627,0.0,3126.8153831060836,3045.1849521028507,6172.0
Bumper,minor,0.0259,0.683,0.6886,0.0,1393.8264365509451,1599.5693529428788,2993.4
Trunk,moderate,0.2381,0.8827,0.4942,17908.299500252193,2622.441046125992,2918.2448963355787,23448.99
Door,severe,0.6208,0.6658,0.8761,12538.117146635672,6258.228613158952,6951.271437373511,25747.62
Bumper,moderate,0.2517,0.685,0.7054,10298.572333995133,2373.284213351352,4302.776957304825,16974.63
Headlight,moderate,0.2291,0.585,0.6482,8549.728652153657,1117.0552216708074,0.0,9666.78
Trunk,moderate,0.3917,0.9786,0.7848,12550.349749212926,4003.1426723451486,3879.7668366497105,20433.26
Windshield,severe,0.7275,0.7958,0.6359,10364.698024666774,4406.377064344713,0.0,14771.08
Bumper,severe,0.4574,0.5727,0.6972,7886.160365382354,3472.524176789354,3868.7516147076817,15227.44
Hood,moderate,0.1422,0.9779,0.426,18408.667898143467,2734.476725616284,2705.874112714891,23849.02
Light,moderate,0.4268,0.8388,0.9105,0.0,1636.4083584260272,0.0,1636.41
Headlight,moderate,0.1619,0.5538,0.6031,4765.215154387948,861.4340008456519,0.0,5626.65
Hood,severe,0.8857,0.7337,0.6597,10199.149122471146,6265.631799605153,7474.547032207582,23939.33
Hood,moderate,0.4442,0.9757,0.7764,11907.572963055905,4067.6154423967237,5124.779630189304,21099.97
Headlight,minor,0.066,0.9342,0.4445,0.0,1100.9604813618828,0.0,1100.96
Door,severe,0.7019,0.8245,0.4431,9521.164734672735,4156.40344096358,4963.20975254072,18640.78
Bumper,severe,0.9328,0.713,0.8457,0.0,2835.108290467995,7290.538798770015,10125.65
Trunk,moderate,0.3774,0.6445,0.4223,10726.024362496328,4864.479216271341,3204.82716522735,18795.33
Hood,moderate,0.1622,0.9048,0.5601,0.0,3134.7311431340167,2776.06911776307,5910.8
Bumper,minor,0.1041,0.8794,0.7851,0.0,1271.9255923941244,2005.281605047131,3277.21
Door,moderate,0.1,0.8151,0.6011,11280.058500470299,3081.7889989286864,3025.1845772474467,17387.03
Bumper,severe,0.3,0.7604,0.7529,0.0,2375.72034917517,2903.652220890415,5279.37
Door,severe,0.4795,0.5881,0.7086,10907.6338758282,4229.9780946109595,3131.4057690744967,18269.02
Door,severe,0.4603,0.6734,0.6959,11584.557020992133,4132.102143764868,5768.482471683103,21485.14
Headlight,severe,0.5161,0.4713,0.4127,4189.855172487673,2608.1509857508854,0.0,6798.01
Headlight,moderate,0.2243,0.9546,0.7882,8454.326911649112,1422.8338674588701,0.0,9877.16
Light,moderate,0.162,0.9098,0.7558,0.0,1455.6924528869733,0.0,1455.69
Hood,minor,0.0774,0.8291,0.7772,0.0,2428.957526789784,2132.1759716873735,4561.13
Light,minor,0.012,0.872,0.771,0.0,910.0420496323915,0.0,910.04
Bumper,minor,0.0999,0.597,0.6233,0.0,1825.780148634543,2933.96442042928,4759.74
Fender,moderate,0.2579,0.4801,0.7108,0.0,2813.6758964499163,3695.9298794737447,6509.61
Windshield,moderate,0.2226,0.6152,0.9408,0.0,1631.0192049614252,0.0,1631.02
Headlight,severe,0.5962,0.7681,0.4855,7607.566861921268,1764.2303599155796,0.0,9371.8
Light,minor,0.1281,0.6378,0.6055,0.0,948.7959631312592,0.0,948.8
Light,severe,0.7117,0.4518,0.5787,10135.401260858276,1448.0741070129368,0.0,11583.48
Headlight,moderate,0.3223,0.9482,0.7729,0.0,1641.5020629513544,0.0,1641.5
Light,minor,0.032,0.9074,0.9352,0.0,488.02626722404483,0.0,800.0
Hood,moderate,0.1824,0.8673,0.6997,0.0,2998.568346235962,3203.027948355918,6201.6
Windshield,severe,0.5976,0.976,0.5689,11855.998502229566,1989.287307411263,0.0,13845.29
Bumper,moderate,0.2087,0.4821,0.7193,0.0,2279.068330400455,3021.087129610944,5300.16
Light,moderate,0.2198,0.836,0.9596,0.0,1184.3624115400576,0.0,1184.36
Trunk,severe,0.4653,0.8197,0.7005,18439.08031403418,4807.3132403978625,3949.2159843720347,27195.61
Door,moderate,0.4728,0.4942,0.5035,13146.827090799023,4341.554569954751,5904.615166480514,23393.0
Bumper,severe,0.9259,0.6642,0.4213,5764.965263501094,3155.0474125193305,8506.036175573277,17426.05
Bumper,moderate,0.3329,0.6895,0.6031,0.0,2631.9600037034356,5333.592908382067,7965.55
Trunk,moderate,0.2823,0.5099,0.9637,0.0,3393.3501994311464,3618.345464510918,7011.7
Light,minor,0.0812,0.4981,0.7373,0.0,1366.3417133893026,0.0,1366.34
Bumper,minor,0.0314,0.5684,0.4213,0.0,2242.403391031653,1538.9145093535005,3781.32
Fender,moderate,0.3726,0.4988,0.5189,0.0,2943.0185054404415,5094.541902302455,8037.56
Fender,severe,0.476,0.5211,0.7839,4271.860165725065,3154.433597168204,5830.782692688382,13257.08
Light,severe,0.4912,0.4608,0.6354,7790.895513770468,1636.3618858092573,0.0,9427.26
Trunk,moderate,0.2073,0.6049,0.6318,11405.831185354691,2174.2305241308227,2991.316980065041,16571.38
Trunk,severe,0.4205,0.4508,0.8859,13875.040453263817,4777.320149607544,4001.891482535578,22654.25
Light,minor,0.0246,0.6699,0.7235,0.0,1450.2386009583506,0.0,1450.24
Windshield,moderate,0.2084,0.8887,0.5349,5944.802645329944,1951.4294025352926,0.0,7896.23
Bumper,severe,0.8314,0.747,0.4408,7604.507169998073,2981.969742076754,7635.739750847821,18222.22
Fender,moderate,0.1756,0.8323,0.5276,5506.328750596005,2500.1496963544278,2754.3007152977516,10760.78
Windshield,moderate,0.3485,0.6174,0.4764,11643.874793819974,2478.070056262722,0.0,14121.94
Hood,minor,0.0595,0.7053,0.6241,0.0,2438.695437850127,2026.8537885611092,4465.55
Bumper,moderate,0.2449,0.621,0.4365,0.0,1693.338321818558,3480.334068053973,5173.67
Windshield,severe,0.8462,0.5408,0.4421,8611.01474390421,4317.758066173074,0.0,12928.77
Headlight,minor,0.0368,0.8995,0.8163,0.0,636.441504239676,0.0,800.0
Trunk,minor,0.0777,0.9465,0.8609,0.0,2473.146028273903,1753.8982916972636,4227.04
Light,severe,0.5941,0.5561,0.5316,4424.409869366243,1427.0322063939,0.0,5851.44
Door,minor,0.0386,0.6474,0.6012,0.0,3000.0855097717817,2077.520990406305,5077.61
Trunk,moderate,0.1297,0.7594,0.7785,0.0,1908.0484407000724,3967.5801081130235,5875.63
Light,moderate,0.172,0.9521,0.8128,0.0,1725.9349769503226,0.0,1725.93
Trunk,moderate,0.2698,0.6274,0.5925,0.0,2997.2365123988457,4868.250128013804,7865.49
Fender,minor,0.1153,0.9071,0.7076,0.0,2293.9351201550953,2837.053688483885,5130.99
Headlight,severe,0.3,0.6508,0.5724,7426.459299251089,1345.67905632085,0.0,8772.14
Bumper,minor,0.0759,0.5746,0.6659,0.0,2505.1826389685402,3359.413300755761,5864.6
Light,moderate,0.4011,0.9387,0.6869,0.0,1894.0194135726513,0.0,1894.02
Light,severe,0.6863,0.7453,0.5472,5144.263393214408,2002.0299521515626,0.0,7146.29
Windshield,moderate,0.2377,0.7515,0.676,0.0,3414.8766637288695,0.0,3414.88
Windshield,moderate,0.3098,0.9112,0.754,7599.592132218292,1473.4398990276864,0.0,9073.03
Headlight,minor,0.0972,0.7685,0.4953,0.0,851.8779684205125,0.0,851.88
Hood,moderate,0.1334,0.6812,0.5675,9389.776199444017,3066.744570688688,1832.3378126325629,14288.86
Headlight,minor,0.0647,0.4528,0.796,0.0,1017.9750517696107,0.0,1017.98
Door,severe,0.6368,0.7921,0.5034,8218.068647159935,6408.22730309046,6406.351852058303,21032.65
Door,minor,0.0976,0.8853,0.7203,0.0,2479.8953635117714,2609.7155897801576,5089.61
Door,severe,0.4129,0.6922,0.4214,13303.188488103577,4021.362958902728,3985.0574760394275,21309.61
Bumper,minor,0.01,0.7573,0.6864,0.0,2050.113982490395,1929.1606298108939,3979.27
Trunk,moderate,0.3601,0.5607,0.8367,0.0,3380.5846760005106,4420.613193564668,7801.2
Door,minor,0.0675,0.4668,0.5931,0.0,3121.544291797441,2847.5907835204234,5969.14
Hood,minor,0.1274,0.9209,0.9427,0.0,2290.571402697178,2947.705301296983,5238.28
Trunk,minor,0.0551,0.97,0.8534,0.0,2457.301705348974,1769.1740804116505,4226.48
Light,minor,0.0335,0.4507,0.4516,0.0,1091.0504668738545,0.0,1091.05
Fender,minor,0.0464,0.68,0.4323,0.0,2237.959433774217,2172.9324101784355,4410.89
Trunk,moderate,0.1842,0.8142,0.5346,0.0,3121.649668996885,3180.278993428769,6301.93
Fender,severe,0.8335,0.7637,0.8408,0.0,5185.686358050087,8136.627510450508,13322.31
Trunk,minor,0.0419,0.911,0.7022,0.0,1623.2038036612591,2334.0010631384957,3957.2
Fender,severe,0.4612,0.4725,0.8678,5783.141280635749,2783.9013380955575,5338.887034608564,13905.93
Headlight,moderate,0.392,0.7164,0.7127,6259.4731470068755,1977.089685121327,0.0,8236.56
Windshield,severe,0.516,0.7136,0.8976,11664.675171223089,1940.1098986699726,0.0,13604.79
Trunk,severe,0.3,0.6542,0.938,11132.28819542308,3188.387532647419,2962.923776834452,17283.6
Bumper,moderate,0.2543,0.4694,0.9468,0.0,2152.9139108510426,3378.7149563262583,5531.63
Fender,moderate,0.1,0.7584,0.4416,0.0,3111.371531296556,2879.3009349610215,5990.67
Bumper,severe,0.6382,0.7447,0.9601,5229.502526567218,4899.90346779389,4608.94716767847,14738.35
Bumper,minor,0.0549,0.6881,0.8587,0.0,1259.5378472751286,1942.5066455985693,3202.04
Fender,minor,0.0303,0.8217,0.7894,0.0,2643.007756568727,2325.622829665069,4968.63
Hood,minor,0.0607,0.5144,0.8558,0.0,2731.711960061539,1791.7250215421604,4523.44
Fender,moderate,0.2234,0.8958,0.8596,4414.5314876048,2272.497685189982,3516.7326427363196,10203.76
Headlight,moderate,0.2387,0.7273,0.8621,0.0,1008.5897844887512,0.0,1008.59
Hood,severe,0.5303,0.7524,0.9194,17215.480438575756,3227.095391638329,3497.939470523001,23940.52
Fender,moderate,0.1,0.621,0.423,0.0,2022.2588296654826,3102.048129685955,5124.31
Bumper,minor,0.0396,0.6733,0.896,0.0,1791.3061602217165,2190.7547771584586,3982.06
Door,minor,0.062,0.6153,0.4318,0.0,2795.332540916758,1855.537927862352,4650.87
Headlight,moderate,0.1,0.7941,0.8863,9075.467779768747,824.2341096694073,0.0,9899.7
Trunk,minor,0.01,0.7816,0.5488,0.0,1865.5869212225457,1747.450286682522,3613.04
Fender,moderate,0.2249,0.5521,0.8992,7468.028738862779,2696.918227702834,3573.5151314853124,13738.46
Light,moderate,0.3295,0.517,0.6817,0.0,1846.203692415643,0.0,1846.2
Headlight,minor,0.1188,0.8191,0.6796,0.0,1068.812718635031,0.0,1068.81
Bumper,minor,0.0263,0.9307,0.5665,0.0,1200.628742248613,1567.1439979316688,2767.77
Light,minor,0.049,0.5916,0.7335,0.0,1188.8891593524781,0.0,1188.89
Light,moderate,0.2527,0.5752,0.8252,3084.014963935134,1958.465194616406,0.0,5042.48
Door,moderate,0.203,0.6376,0.8493,10809.220176985182,3282.6068530620073,3727.588371627106,17819.42
Fender,severe,0.7158,0.5768,0.9031,6887.517341021653,3900.596377333553,4534.093426378689,15322.21
Hood,moderate,0.4508,0.6432,0.4247,0.0,2969.913012201069,6237.677328566395,9207.59
Light,minor,0.0858,0.751,0.8238,0.0,699.0810801104166,0.0,800.0
Bumper,minor,0.0241,0.6267,0.6183,0.0,1490.172546833545,1826.017396463858,3316.19
Bumper,moderate,0.2228,0.9324,0.7506,7991.228123916733,1503.9321502246116,2929.34654767042,12424.51
Door,moderate,0.2869,0.9113,0.7728,9334.656994657771,3340.7932883328217,3976.967036309397,16652.42
Fender,severe,0.95,0.9221,0.9207,3610.4427575792347,5341.965991107777,6529.226981036165,15481.64
Door,severe,0.6954,0.6363,0.7016,11628.951542645336,4706.862736270658,5062.946332231748,21398.76
Fender,moderate,0.2326,0.5756,0.8927,0.0,3033.3801271582192,3090.7493213274242,6124.13
Light,severe,0.6104,0.7628,0.7082,9644.888227172234,1506.6498941006694,0.0,11151.54
Bumper,minor,0.068,0.7473,0.7243,9454.722136077675,1555.3139043677581,1879.2545834836337,12889.29
Light,moderate,0.1748,0.4964,0.597,8206.108929403195,703.7438901740605,0.0,8909.85
Light,minor,0.0396,0.7432,0.8567,0.0,1195.497806443548,0.0,1195.5
Windshield,severe,0.486,0.78,0.8526,5849.277150326761,1895.2186687017672,0.0,7744.5
Headlight,moderate,0.2385,0.4965,0.7449,5218.956713131144,1905.8508853726269,0.0,7124.81
Windshield,minor,0.021,0.6539,0.7489,0.0,2047.8041928977802,0.0,2047.8
Trunk,severe,0.5612,0.4808,0.6541,15518.020031170823,3977.596097072613,5739.556043194042,25235.17
Headlight,minor,0.01,0.6737,0.4382,0.0,916.6997332987979,0.0,916.7
Headlight,moderate,0.1152,0.8862,0.9226,6795.178741151949,1863.9985584281194,0.0,8659.18
Headlight,moderate,0.2238,0.7095,0.6407,0.0,844.2322822975967,0.0,844.23
Windshield,minor,0.0212,0.8596,0.4351,8177.657807161361,1737.1339348586148,0.0,9914.79
Headlight,minor,0.0723,0.8178,0.864,0.0,844.2405192799056,0.0,844.24
Door,minor,0.0461,0.8055,0.5003,0.0,2951.0123527069213,1879.6994650752627,4830.71
Hood,minor,0.0639,0.5748,0.9343,0.0,1895.0134958772242,1709.8199210151774,3604.83
Bumper,moderate,0.2681,0.9653,0.918,0.0,2203.1007265805033,3591.263419573829,5794.36
Bumper,minor,0.0746,0.7572,0.9152,0.0,2009.2985900229023,2103.5996664600984,4112.9
Headlight,minor,0.0469,0.6593,0.5788,4827.0150463637,1363.0018797946527,0.0,6190.02
Light,minor,0.0209,0.9219,0.4283,0.0,890.7578037203943,0.0,890.76
Door,minor,0.0312,0.682,0.5459,0.0,3261.6222634353057,2087.8389287686628,5349.46
Bumper,severe,0.3,0.878,0.731,5710.671005347581,2041.2045845618732,4443.291777387676,12195.17
Light,moderate,0.299,0.6894,0.4735,0.0,1607.0908870859714,0.0,1607.09
Headlight,moderate,0.225,0.6266,0.7723,12888.45607931073,1829.0814722132147,0.0,14717.54
Bumper,severe,0.4801,0.493,0.8309,6932.979671349821,2663.383827592479,5231.441732677803,14827.81
Trunk,severe,0.6094,0.5203,0.5195,11355.912134875265,4743.2842283074215,5361.471499903204,21460.67
Windshield,moderate,0.2568,0.4969,0.92,11478.658872511565,2431.689407109165,0.0,13910.35
Windshield,moderate,0.2347,0.5941,0.4253,11318.481462646465,1948.9594262241212,0.0,13267.44
Door,minor,0.0874,0.5985,0.714,0.0,3541.601102870707,2995.697949950497,6537.3
Headlight,minor,0.0443,0.8387,0.8893,0.0,909.9672599339075,0.0,909.97
Fender,severe,0.7458,0.7507,0.5783,7379.457000170711,3716.587792972713,4244.535246545973,15340.58
Door,severe,0.733,0.4717,0.7789,8095.147609707004,3753.670458577446,5976.399421039268,17825.22
Light,minor,0.0133,0.9275,0.662,0.0,1000.8762724012522,0.0,1000.88
Headlight,severe,0.4937,0.7617,0.7481,10207.162843935223,1201.264676450592,0.0,11408.43
Light,minor,0.0577,0.9439,0.6239,0.0,1292.0139048143017,0.0,1292.01
Door,minor,0.0239,0.8746,0.9138,14975.859324239382,2640.327945014485,1592.7113111867538,19208.9
Trunk,severe,0.4782,0.8194,0.5757,12990.037819643414,2927.38890067104,5024.988393339806,20942.42
Fender,severe,0.5836,0.6136,0.6701,6485.206095882916,3168.9686802257183,6570.028768242929,16224.2
Hood,moderate,0.1673,0.5908,0.5179,0.0,2827.2977644934654,2347.276369731264,5174.57
Bumper,moderate,0.3753,0.6652,0.5902,4976.2123150157895,3314.963704776483,5715.760582085529,14006.94
Headlight,minor,0.0899,0.8404,0.886,0.0,683.1874625556683,0.0,800.0
Windshield,minor,0.01,0.8575,0.8365,0.0,2093.098889634605,0.0,2093.1
Fender,moderate,0.2746,0.9271,0.7292,0.0,2688.2047350647063,4580.509325302099,7268.71
Trunk,minor,0.0653,0.9644,0.4989,0.0,2465.254735658723,3004.930444695288,5470.19
Door,minor,0.0563,0.6642,0.838,0.0,2636.245732092582,2120.228825958295,4756.47
Trunk,moderate,0.5,0.8659,0.8178,0.0,4379.304913482539,5847.925843314456,10227.23
Trunk,minor,0.0295,0.4863,0.6226,0.0,1686.7721071995068,2629.9623308307887,4316.73
Headlight,minor,0.0234,0.7447,0.8241,0.0,1173.5199554484107,0.0,1173.52
Windshield,severe,0.589,0.9402,0.6953,11346.63100634594,2735.045907230014,0.0,14081.68
Trunk,minor,0.0644,0.6409,0.772,0.0,3145.8121092899955,2869.6966099727724,6015.51
Trunk,minor,0.0532,0.9517,0.6474,0.0,3054.1129921254533,2797.6525111133233,5851.77
Door,severe,0.694,0.7829,0.6234,9501.756900796312,4665.776015563415,5715.169976896964,19882.7
Fender,moderate,0.3072,0.8034,0.4136,0.0,3494.6267354665724,4438.842678145845,7933.47
Bumper,moderate,0.3508,0.9185,0.7733,0.0,3287.2793394138266,3417.7846349364636,6705.06
Hood,minor,0.0693,0.7176,0.4531,12031.570834096108,1908.5709779981664,2791.924412707997,16732.07
Bumper,moderate,0.2143,0.5043,0.9036,5535.648133104665,2460.220232806358,2732.933044517018,10728.8
Door,minor,0.0704,0.6848,0.4471,0.0,2741.3245798766984,2945.1321872087588,5686.46
Door,moderate,0.2589,0.867,0.5155,8999.71270476956,4943.625846858842,3957.546738464488,17900.89
Windshield,moderate,0.1794,0.5765,0.8915,0.0,1760.138687104668,0.0,1760.14
Headlight,moderate,0.2399,0.9789,0.7454,0.0,894.3131761445081,0.0,894.31
Headlight,minor,0.0308,0.53,0.4248,0.0,771.9347064843325,0.0,800.0
Trunk,severe,0.5346,0.8898,0.9325,13734.452307051495,2632.9993992385575,6342.266133115778,22709.72
Trunk,severe,0.3145,0.5212,0.4645,18867.34686228418,3174.5028953017118,3899.6983960247417,25941.55
Bumper,minor,0.0435,0.7341,0.9733,0.0,2520.943509459102,2002.4288122618036,4523.37
Headlight,severe,0.8263,0.6568,0.8944,9375.657880176082,2536.8406918765468,0.0,11912.5
Windshield,moderate,0.2395,0.7738,0.4592,0.0,2488.0345485671314,0.0,2488.03
Door,moderate,0.3758,0.9386,0.7276,14328.07490859124,5092.134084970364,4390.433369117362,23810.64
Trunk,moderate,0.2411,0.5009,0.5034,0.0,1981.5595967834727,2950.927245619069,4932.49
Trunk,moderate,0.2679,0.9304,0.5568,9501.004207003933,3088.715700882493,3713.3317464895717,16303.05
Hood,severe,0.5191,0.5843,0.5092,16209.174226969491,2685.7889178860173,4645.928218732775,23540.89
Fender,minor,0.01,0.6545,0.4438,0.0,1657.194225156061,1781.3716116364108,3438.57
Windshield,moderate,0.2995,0.8918,0.9553,0.0,3368.4107305114935,0.0,3368.41
Trunk,moderate,0.1347,0.4976,0.4967,13878.736177577597,2604.1051863803823,2170.2925557263216,18653.13
Light,moderate,0.1,0.5752,0.5076,0.0,848.3491571177382,0.0,848.35
Trunk,minor,0.0563,0.7635,0.9199,0.0,3428.8554457349837,2044.7563932104274,5473.61
Hood,severe,0.6795,0.6044,0.8424,12593.705278901529,4562.735029920956,5590.601976654491,22747.04
Door,severe,0.6369,0.7389,0.7448,13361.893911755862,6491.707677644412,4399.426791100435,24253.03
Light,minor,0.07,0.9172,0.8238,0.0,1097.5057689840976,0.0,1097.51
Bumper,minor,0.0486,0.4656,0.6914,0.0,1407.8654825947365,1990.965763758166,3398.83
Hood,minor,0.01,0.4727,0.8287,0.0,2381.458841380191,1504.1882664362165,3885.65
Trunk,moderate,0.2295,0.8535,0.4365,0.0,2214.4709122472314,3819.838231483536,6034.31
Fender,moderate,0.2014,0.9507,0.608,4403.5316101826575,2505.3456662631825,4159.241954509418,11068.12
Hood,minor,0.0885,0.5052,0.5749,0.0,3113.4244031779003,2798.862922672411,5912.29
Windshield,minor,0.0445,0.7505,0.5021,0.0,1449.3660880472053,0.0,1449.37
Windshield,minor,0.0473,0.5424,0.9155,0.0,1550.8856160469293,0.0,1550.89
Door,moderate,0.1,0.8619,0.4989,0.0,3694.111329539684,2907.6549282590386,6601.77
Door,minor,0.0206,0.513,0.9552,0.0,3009.6099326628346,2360.9817121187707,5370.59
Fender,moderate,0.479,0.9729,0.9613,0.0,3652.97762533316,4011.144738794491,7664.12
Hood,minor,0.0537,0.9463,0.6583,0.0,2548.3852629272083,2322.466295991452,4870.85
Light,moderate,0.2169,0.8143,0.8976,0.0,802.3127525685928,0.0,802.31
Fender,moderate,0.2472,0.8116,0.9662,7421.00445088417,3033.862570735363,3061.824150231473,13516.69
Hood,minor,0.0295,0.5482,0.5933,0.0,1813.731768125866,2719.5462519908656,4533.28
Headlight,moderate,0.3169,0.9746,0.4352,0.0,2121.2740819435076,0.0,2121.27
Fender,minor,0.0646,0.6262,0.6739,0.0,2373.8348991716716,2150.8572393632994,4524.69
Hood,severe,0.7561,0.8802,0.5627,14733.3696418313,4627.576190107747,6385.664698037348,25746.61
Windshield,moderate,0.2823,0.8432,0.5935,0.0,2350.8547015187455,0.0,2350.85
Headlight,moderate,0.2237,0.6063,0.404,0.0,2157.500972898433,0.0,2157.5
Trunk,moderate,0.1412,0.9557,0.5244,16390.564053243837,2701.5364732572957,2822.925465588766,21915.03
Hood,moderate,0.1933,0.5633,0.709,0.0,2958.625192584327,3211.08130556626,6169.71
Windshield,severe,0.7176,0.8276,0.8805,6668.425918927274,3124.0251542388132,0.0,9792.45
Windshield,severe,0.95,0.7531,0.9637,10949.618515896045,3217.1814611677933,0.0,14166.8
Door,moderate,0.1,0.6061,0.4252,8691.373543564905,3711.7404734998017,2520.5024159113814,14923.62
Door,moderate,0.2419,0.9518,0.4219,0.0,3521.248233778897,4845.312670179278,8366.56
Light,moderate,0.2443,0.862,0.6523,10050.483884479027,1120.9805290752993,0.0,11171.46
Door,minor,0.0836,0.4899,0.4406,0.0,2983.6933701605617,2336.96477113775,5320.66
Trunk,minor,0.0239,0.6392,0.5233,0.0,3212.0705703614794,2166.192610290523,5378.26
Bumper,moderate,0.3226,0.9539,0.5542,0.0,2037.1936643356023,2995.2725982467714,5032.47
Hood,minor,0.0626,0.8029,0.6596,0.0,2162.348010317688,2171.8699236349858,4334.22
Headlight,moderate,0.2019,0.5949,0.7971,0.0,947.5054169309429,0.0,947.51
Headlight,moderate,0.3958,0.6763,0.6291,0.0,1185.631755443072,0.0,1185.63
Light,minor,0.0518,0.5906,0.6933,0.0,601.1951604395738,0.0,800.0
Light,moderate,0.2629,0.5164,0.9249,10704.023469161673,975.179982707363,0.0,11679.2
Bumper,minor,0.0429,0.8738,0.5486,0.0,1669.6443690288675,2291.064770353359,3960.71
Hood,moderate,0.2132,0.5061,0.6502,15133.499061863895,2398.7024408517836,2762.521327130712,20294.72
Door,minor,0.0714,0.7833,0.8319,0.0,2041.138209109924,2394.9182310160595,4436.06
Trunk,minor,0.0375,0.5205,0.4215,0.0,2845.7658071402734,2260.2610825127013,5106.03
Bumper,severe,0.7405,0.9528,0.4906,7759.637476857809,4972.603719854806,5989.35810641771,18721.6
Hood,minor,0.0148,0.5257,0.4688,0.0,1721.4644494215784,2453.987267915749,4175.45
Door,moderate,0.3067,0.7614,0.6664,0.0,4022.356526115772,2724.9110444611238,6747.27
Windshield,minor,0.0955,0.8108,0.7746,0.0,1750.8015404379405,0.0,1750.8
Trunk,minor,0.0501,0.8162,0.8571,0.0,2664.0579554417186,1865.2033264866407,4529.26
Light,moderate,0.2821,0.9266,0.8205,0.0,2098.3307467840577,0.0,2098.33
Fender,minor,0.0195,0.899,0.8943,0.0,2227.5233250122697,2216.6440431375986,4444.17
Windshield,moderate,0.1539,0.8089,0.9785,0.0,2379.8615686588246,0.0,2379.86
Windshield,severe,0.6792,0.8665,0.7969,10041.250904036871,4510.390706591368,0.0,14551.64
Windshield,minor,0.0484,0.7873,0.541,0.0,2565.760426263808,0.0,2565.76
Fender,moderate,0.1,0.7851,0.962,0.0,1860.5982747756157,2609.759200709471,4470.36
Hood,moderate,0.3824,0.4804,0.7843,0.0,4640.265602655057,4369.584496727297,9009.85
Windshield,moderate,0.1867,0.5514,0.9049,0.0,2470.419739400584,0.0,2470.42
Light,minor,0.1183,0.646,0.4747,0.0,775.9137808170583,0.0,800.0
Bumper,severe,0.4689,0.6496,0.5698,10450.786319796258,3059.1425913008165,4932.249586329809,18442.18
Hood,minor,0.01,0.9536,0.7213,0.0,2424.667179914362,1995.3461381088928,4420.01
Trunk,minor,0.0336,0.7843,0.9739,0.0,2114.134380037014,1829.5098638886607,3943.64
Trunk,moderate,0.1731,0.5256,0.6344,13650.790054174235,3459.3131942944674,2702.432412907333,19812.54
Light,minor,0.01,0.903,0.8094,0.0,662.1759841519225,0.0,800.0
Fender,minor,0.0828,0.9297,0.6984,0.0,1902.3232534646174,3576.9604251376513,5479.28
Hood,minor,0.0363,0.598,0.4835,0.0,1439.5062657328424,1756.0686481491375,3195.57
Windshield,minor,0.0628,0.5137,0.7193,0.0,1298.3121442791535,0.0,1298.31
Bumper,minor,0.0739,0.5023,0.5599,0.0,1642.0513963747503,2177.9434309591074,3819.99
Door,severe,0.5679,0.6515,0.4966,0.0,6621.466141663066,6660.314628733944,13281.78
Fender,minor,0.0105,0.6868,0.9019,0.0,2791.3985309140667,1893.9813743497093,4685.38
Fender,severe,0.3948,0.4708,0.7011,6983.18543940172,3572.1477498017252,6108.338442899414,16663.67
Hood,moderate,0.35,0.6436,0.4906,17804.821093051192,2909.2869095288042,4103.803753658915,24817.91
Hood,minor,0.0807,0.8257,0.747,0.0,2260.492293060096,2579.7055811607497,4840.2
Door,moderate,0.1,0.7353,0.4085,0.0,3070.52087277914,2421.340318664832,5491.86
Fender,moderate,0.3048,0.8318,0.8645,7568.380656213267,4425.49444676577,3499.9092715892084,15493.78
Bumper,minor,0.01,0.622,0.7018,0.0,1198.0584721641685,2019.4166197833097,3217.48
Light,severe,0.5221,0.9117,0.4257,0.0,2708.610562447923,0.0,2708.61
Trunk,minor,0.01,0.5259,0.7203,0.0,2189.4794530082218,2078.059630287308,4267.54
Trunk,minor,0.0157,0.5893,0.9148,0.0,2365.6484868698644,1703.0877647064206,4068.74
Headlight,severe,0.3,0.6789,0.7841,8438.08383327703,1459.2679607502062,0.0,9897.35
Bumper,severe,0.7754,0.6961,0.8868,9421.273234986882,2507.479044702054,6809.4440863995305,18738.2
Headlight,minor,0.01,0.8719,0.9761,0.0,1175.62657209882,0.0,1175.63
Fender,minor,0.0869,0.5771,0.7241,0.0,3092.159682463077,1951.4577340327232,5043.62
Windshield,minor,0.0697,0.8247,0.9058,0.0,1190.0880937127822,0.0,1190.09
Hood,severe,0.7516,0.684,0.8675,16752.383815133046,4215.199798818156,6261.387252801412,27228.97
Windshield,moderate,0.2672,0.8226,0.6938,9959.4154606057,2538.0129020032787,0.0,12497.43
Trunk,severe,0.3428,0.8555,0.4878,13288.972862806759,2750.6149438609727,3078.833839828227,19118.42
Light,moderate,0.2303,0.8763,0.8281,0.0,1639.0682157427161,0.0,1639.07
Fender,minor,0.0388,0.8682,0.8929,0.0,2860.543859418372,1753.3918061528525,4613.94
Headlight,moderate,0.2792,0.5996,0.9437,3421.905799351842,1629.383022032504,0.0,5051.29
Bumper,severe,0.7268,0.6843,0.5535,7563.082543646044,3326.8095651609847,5319.840318573185,16209.73
Trunk,moderate,0.2607,0.8967,0.8653,12495.445004548219,2292.928233807105,3657.7034067673417,18446.08
Light,moderate,0.2432,0.7618,0.4377,3363.3709273953946,1065.7235555300222,0.0,4429.09
Fender,moderate,0.2218,0.6767,0.5598,0.0,2736.6575565458247,2647.02576596652,5383.68
Windshield,moderate,0.3982,0.7671,0.9467,0.0,1534.915070697604,0.0,1534.92
Headlight,severe,0.6102,0.9592,0.6971,8170.965915927768,2165.0454352307515,0.0,10336.01
Headlight,minor,0.0387,0.7855,0.8942,0.0,668.8326776606593,0.0,800.0
Windshield,moderate,0.2388,0.6748,0.402,5775.07600514819,3240.257967198338,0.0,9015.33
Fender,moderate,0.2237,0.7388,0.5107,5783.7733366407065,3665.2060639350752,3653.185315587769,13102.16
Hood,severe,0.6761,0.4516,0.5242,11140.729863299166,4814.87816365051,6128.435600194339,22084.04
Fender,moderate,0.2691,0.4947,0.8681,0.0,2636.5305928188764,4301.10181224753,6937.63
Hood,moderate,0.3391,0.7017,0.5969,15549.11760297389,3696.109273193021,4122.513390544891,23367.74
Windshield,severe,0.6016,0.5555,0.4641,8414.7098340432,2614.4226156210266,0.0,11029.13
Windshield,severe,0.9266,0.9266,0.8502,10976.971088094548,4986.0723065147195,0.0,15963.04
Door,moderate,0.2452,0.477,0.5597,10246.679952782277,3620.6103904240877,3035.7050717781417,16903.0
Door,minor,0.059,0.6529,0.8414,0.0,2834.282346676916,1976.976670821661,4811.26
Door,moderate,0.3205,0.6856,0.4493,0.0,3925.1619836563414,3624.1574691587916,7549.32
Light,minor,0.01,0.4883,0.7258,0.0,1334.1904024401156,0.0,1334.19
Fender,moderate,0.2006,0.8596,0.6367,0.0,1904.4909512053723,2972.591124591898,4877.08
Fender,moderate,0.221,0.6695,0.886,0.0,2733.963059123256,3105.894830104238,5839.86
Windshield,minor,0.0336,0.5363,0.4934,0.0,2384.874637212624,0.0,2384.87
Hood,minor,0.1009,0.527,0.5161,0.0,2539.400275018798,2664.110297006234,5203.51
Fender,severe,0.736,0.6918,0.6706,4046.0915602594205,5965.195699563515,6966.580217741676,16977.87
Trunk,minor,0.0552,0.7564,0.8019,0.0,1878.1616286264182,2278.57990639363,4156.74
Hood,minor,0.0656,0.9136,0.5749,0.0,2538.055172141014,2102.3769322776498,4640.43
Bumper,severe,0.3,0.8564,0.8725,7546.442532331276,2072.935613015575,3411.805837982465,13031.18
Windshield,moderate,0.1,0.8668,0.7056,10710.325896902737,2022.069791612586,0.0,12732.4
Trunk,severe,0.4276,0.5667,0.4379,12547.908102266474,3893.876432996253,5619.997297610956,22061.78
Trunk,minor,0.0739,0.7767,0.9705,0.0,2226.825284823117,2338.800591305813,4565.63
Light,moderate,0.2548,0.5754,0.953,0.0,1226.8089194826393,0.0,1226.81
Hood,minor,0.0326,0.5838,0.5097,0.0,2516.832430356404,1687.9884296351165,4204.82
Bumper,minor,0.0592,0.5812,0.6433,0.0,1928.3296886969788,2053.197649702018,3981.53
Door,minor,0.0656,0.4973,0.8464,13390.232770981891,2951.9284915775543,2035.708872031551,18377.87
Door,minor,0.104,0.9118,0.6402,0.0,3462.315440809672,3807.7296658890577,7270.05
Hood,minor,0.1456,0.7244,0.4174,0.0,2049.128818256519,3102.975840733981,5152.1
Trunk,severe,0.3151,0.4783,0.5379,13975.698642386258,3903.041406412276,3254.9727018911767,21133.71
Windshield,moderate,0.1,0.6437,0.4174,9746.586288130722,1438.9896944924478,0.0,11185.58
Headlight,minor,0.0644,0.9502,0.6435,0.0,1648.3561245984627,0.0,1648.36
Hood,moderate,0.1334,0.9544,0.7643,0.0,3535.062781035328,2489.2159362479856,6024.28
Fender,minor,0.01,0.5154,0.9788,0.0,1586.0576653643732,2487.661889119275,4073.72
Door,minor,0.0507,0.5181,0.5785,0.0,3922.2801752360374,2940.4239910013603,6862.7
Hood,minor,0.1199,0.6344,0.9305,0.0,3881.5121476148993,2527.1759869243224,6408.69
Door,minor,0.0462,0.8662,0.4571,0.0,3638.45493319331,2565.1320387020264,6203.59
Door,moderate,0.2119,0.4922,0.9318,12416.569757280475,4517.308168922324,3010.6782720117258,19944.56
Fender,minor,0.0725,0.8906,0.4291,0.0,2626.373585699598,3191.29453275361,5817.67
Hood,moderate,0.2353,0.4606,0.7729,0.0,2898.346100444142,2455.280461787439,5353.63
Door,moderate,0.1628,0.7476,0.8502,0.0,3663.3902572172324,2739.939421021916,6403.33
Fender,moderate,0.3173,0.8124,0.5822,0.0,2422.607168143771,3275.493477970527,5698.1
Fender,moderate,0.1305,0.4681,0.5981,0.0,3722.477701725101,3045.7836827716287,6768.26
Headlight,minor,0.0648,0.9779,0.6113,0.0,735.3269085471002,0.0,800.0
Windshield,moderate,0.3221,0.7729,0.755,8470.526210116981,2685.707316959716,0.0,11156.23
Trunk,severe,0.6898,0.9202,0.729,10929.044107742739,4728.089160866905,6862.782893929132,22519.92
Headlight,minor,0.0133,0.9525,0.6427,0.0,967.6853876267982,0.0,967.69
Light,severe,0.7618,0.916,0.7459,4560.429071552359,2292.1931271185967,0.0,6852.62
Bumper,minor,0.0347,0.8622,0.9363,0.0,1295.1133122123251,1909.027657267596,3204.14
Hood,moderate,0.2254,0.497,0.8205,0.0,3613.9467948968227,2886.140432306854,6500.09
Windshield,minor,0.0794,0.8765,0.8703,0.0,2029.1856517206988,0.0,2029.19
Headlight,minor,0.01,0.7115,0.4634,0.0,1096.8676629537263,0.0,1096.87
Windshield,moderate,0.2582,0.8647,0.4809,11502.63721221786,2396.995637233475,0.0,13899.63
Light,minor,0.0486,0.8318,0.7734,0.0,865.9911462671269,0.0,865.99
Door,minor,0.01,0.7153,0.86,0.0,3862.4971065410155,2029.0262137279171,5891.52
Hood,moderate,0.185,0.5759,0.6275,12706.512741512808,2966.1563307212414,2955.4476331682135,18628.12
Hood,moderate,0.2828,0.6608,0.7609,14791.544370069916,2640.0052231589425,3375.763667985987,20807.31
Bumper,minor,0.0621,0.9182,0.4028,0.0,1770.8494070262138,1945.594476830652,3716.44
Headlight,severe,0.3,0.762,0.5507,8239.613682029205,1137.946615693292,0.0,9377.56
Bumper,minor,0.01,0.8768,0.5612,0.0,2157.987996506016,2803.1824611203515,4961.17
Door,moderate,0.365,0.6306,0.9227,0.0,5788.349156360846,4744.468093160862,10532.82
Bumper,minor,0.01,0.602,0.7931,0.0,1468.5382865563013,2231.1231685698986,3699.66
Windshield,minor,0.0143,0.8758,0.45,0.0,2080.1490919040866,0.0,2080.15
Windshield,severe,0.7441,0.6752,0.4299,5077.16351502674,2726.3154064321056,0.0,7803.48
Fender,moderate,0.198,0.4708,0.6146,5469.506987312775,2836.5900893624826,3204.8859029456203,11510.98
Door,severe,0.4442,0.8354,0.7313,10561.850192557577,4386.596268173447,5803.968607480575,20752.42
Windshield,minor,0.046,0.8701,0.4294,0.0,1926.9178843702398,0.0,1926.92
Door,severe,0.8755,0.9624,0.805,10064.969326085455,4858.358866195567,5347.94535735957,20271.27
Hood,severe,0.4875,0.6647,0.841,11452.861179068768,2771.81344325359,5665.634459433196,19890.31
Door,minor,0.0335,0.5207,0.7366,0.0,2862.09935737389,2087.0116475627965,4949.11
Bumper,moderate,0.3302,0.7734,0.9014,7364.0478032418405,2536.8774415074113,3818.872946662171,13719.8
Headlight,minor,0.01,0.6031,0.9691,0.0,827.233673584227,0.0,827.23
Hood,minor,0.01,0.922,0.5361,0.0,2369.0938682757233,2323.1842065498568,4692.28
Trunk,minor,0.0525,0.7906,0.6971,0.0,2534.7165586220826,2822.675783091403,5357.39
Windshield,severe,0.8013,0.4526,0.6036,5643.502777768712,2683.836883129345,0.0,8327.34
Headlight,minor,0.0982,0.9648,0.58,4286.185325276115,990.1081157761085,0.0,5276.29
Trunk,moderate,0.3586,0.8468,0.4473,11149.075491717262,3976.7471375371983,4494.01525706693,19619.84
Headlight,severe,0.6485,0.6648,0.6005,9417.546438596582,1298.5669274260492,0.0,10716.11
Door,minor,0.0701,0.8017,0.9463,0.0,2881.2226524488224,2730.378978961813,5611.6
Bumper,minor,0.0119,0.7479,0.8865,0.0,1607.653966311921,2116.4699743429587,3724.12
Bumper,moderate,0.4264,0.5886,0.6072,7580.559697431075,2936.2058634032223,5371.04711258155,15887.81
Hood,moderate,0.2643,0.6219,0.9419,0.0,2909.821418800052,3084.258220803178,5994.08
Door,minor,0.0431,0.5228,0.6081,0.0,2993.630600232062,2579.711786902598,5573.34
Fender,moderate,0.3944,0.7896,0.757,0.0,4503.6744911121905,2916.955167358037,7420.63
Windshield,severe,0.7687,0.7905,0.4629,0.0,4010.0062894710763,0.0,4010.01
Bumper,minor,0.01,0.7702,0.5192,0.0,1357.4801524210156,1689.9808741652832,3047.46
Windshield,severe,0.5096,0.8221,0.4927,7336.647264104195,3308.9117265677123,0.0,10645.56
Hood,minor,0.0715,0.8149,0.5371,0.0,1792.3206791901487,1992.5746868372805,3784.9
Door,minor,0.0608,0.7068,0.8199,0.0,2790.673881151925,2606.777135234842,5397.45
Door,severe,0.6333,0.9037,0.9006,10048.635935270004,6186.204815081039,4809.92197995089,21044.76
Fender,minor,0.0674,0.6366,0.6047,0.0,2294.5877963669636,2211.1479936048086,4505.74
Windshield,moderate,0.2156,0.6839,0.6281,0.0,1923.2270350765775,0.0,1923.23
Light,moderate,0.301,0.459,0.4059,0.0,1006.593143505855,0.0,1006.59
Windshield,severe,0.5169,0.7882,0.7713,8806.843297572763,2009.1250245842139,0.0,10815.97
Headlight,severe,0.3,0.905,0.8005,10254.991527528433,1873.1808020656179,0.0,12128.17
Headlight,minor,0.098,0.771,0.6772,0.0,705.1190639574074,0.0,800.0
Fender,minor,0.0721,0.9387,0.7824,0.0,2604.301078191399,2795.1670522501045,5399.47
Fender,severe,0.5302,0.6902,0.6783,5348.009158390288,3852.7410298628206,3707.370213467277,12908.12
Bumper,severe,0.485,0.5246,0.9555,4771.811119993832,2496.8884306626624,4622.007876207024,11890.71
Fender,moderate,0.446,0.7944,0.5383,0.0,3611.123810135205,4444.9645632067195,8056.09
Headlight,minor,0.0623,0.9373,0.8851,0.0,898.5417784941496,0.0,898.54
Light,moderate,0.2301,0.8608,0.7103,11125.149105931738,1884.5477044536733,0.0,13009.7
Trunk,severe,0.4186,0.7957,0.8112,14779.252624397304,3398.2180904043703,4473.090873547235,22650.56
Windshield,moderate,0.3232,0.7022,0.8166,0.0,3551.7611707684755,0.0,3551.76
Hood,minor,0.0447,0.5318,0.8345,0.0,2532.702446780146,2568.947358042357,5101.65
Trunk,minor,0.0325,0.5479,0.856,0.0,2114.170969052147,1874.9136906804695,3989.08
Light,moderate,0.1059,0.941,0.7432,0.0,1356.4758575091194,0.0,1356.48
Hood,moderate,0.2912,0.635,0.882,10142.423335939551,2995.1283170340675,4305.414514224172,17442.97
Light,minor,0.0738,0.6899,0.4303,0.0,774.4888722849146,0.0,800.0
Door,minor,0.01,0.7044,0.4529,0.0,2645.459948731799,2171.2126620626154,4816.67
Hood,minor,0.0825,0.7605,0.7245,0.0,2859.436578656192,3572.0570897713737,6431.49
Headlight,severe,0.7374,0.9582,0.5217,9512.191191314554,1572.6242667192125,0.0,11084.82
Bumper,minor,0.0559,0.9033,0.7047,0.0,2676.8009478327212,2108.0588472621334,4784.86
Bumper,moderate,0.3431,0.6254,0.5307,6836.686482775588,2244.131971985813,3658.185445879179,12739.0
Trunk,severe,0.7195,0.5009,0.8695,11954.640536708215,5593.53376090073,7352.94326720408,24901.12
Bumper,moderate,0.2372,0.6169,0.445,0.0,1941.4872176082276,3244.2596208151817,5185.75
Trunk,moderate,0.1981,0.9093,0.4263,0.0,2852.1923243827896,4476.787934360509,7328.98
Trunk,moderate,0.1793,0.4559,0.4715,0.0,3323.0409346085535,3065.7760097651208,6388.82
Door,moderate,0.2642,0.5685,0.8751,12031.293140218897,4083.480669347152,2934.9032945967033,19049.68
Headlight,moderate,0.3891,0.7128,0.4625,3839.6106759926233,979.653344369912,0.0,4819.26
Headlight,moderate,0.2296,0.7198,0.4533,0.0,1768.6987832580066,0.0,1768.7
Light,moderate,0.2893,0.4983,0.456,0.0,889.2415291553967,0.0,889.24
Windshield,severe,0.412,0.6525,0.7989,11017.724609800049,1454.210064924872,0.0,12471.93
Door,severe,0.4635,0.942,0.8387,10167.00659851668,3760.430714406021,4517.431820603093,18444.87
Trunk,minor,0.0786,0.5203,0.9228,15672.353131875068,3014.7013325161156,2834.0483765519007,21521.1
Light,severe,0.4394,0.5927,0.4145,3311.0139426709698,1536.9442323680205,0.0,4847.96
Bumper,minor,0.0821,0.812,0.5118,0.0,2605.8870817004017,2761.660693023576,5367.55
Fender,minor,0.01,0.4799,0.9659,0.0,2051.3477895125116,1946.8053073171834,3998.15
Light,severe,0.4774,0.6722,0.7276,7701.3912243361665,2099.739206136666,0.0,9801.13
Hood,minor,0.0463,0.6539,0.8493,0.0,1925.677862555077,2104.6038528600066,4030.28
Windshield,severe,0.6302,0.9733,0.7432,8921.676676263529,2313.302748285701,0.0,11234.98
Headlight,minor,0.0563,0.5454,0.649,0.0,1234.1399593032263,0.0,1234.14
Headlight,moderate,0.2306,0.8716,0.8029,6448.1781771427095,1210.918112775881,0.0,7659.1
Fender,moderate,0.1747,0.8148,0.5165,0.0,2512.014652713768,3715.8963441595943,6227.91
Bumper,moderate,0.1196,0.9624,0.6797,0.0,2588.3042583567208,1739.3081266959393,4327.61
Light,severe,0.5965,0.9632,0.6378,7342.169492381726,1686.8320803219917,0.0,9029.0
Door,minor,0.0514,0.977,0.9254,0.0,3123.830654196819,1702.947609152509,4826.78
Door,minor,0.0136,0.8243,0.4426,0.0,2165.69492466032,2692.8933774976854,4858.59
Trunk,moderate,0.251,0.6557,0.9012,0.0,4132.692098692132,3775.603659892479,7908.3
Headlight,severe,0.6932,0.6257,0.9589,6005.530653335245,1713.4375520678752,0.0,7718.97
Windshield,severe,0.4886,0.5329,0.8521,6953.156894243964,2262.6504685670056,0.0,9215.81
Bumper,moderate,0.1578,0.7892,0.9571,0.0,2128.280342257183,2935.4645655232953,5063.74
Light,severe,0.3859,0.4922,0.4115,0.0,1605.23450275847,0.0,1605.23
Light,moderate,0.2848,0.5025,0.4871,0.0,899.4558741010037,0.0,899.46
Bumper,minor,0.0376,0.7703,0.808,5208.368320071207,1863.8934229533168,2251.791325667834,9324.05
Light,minor,0.0171,0.6939,0.618,0.0,961.1969146616943,0.0,961.2
Headlight,minor,0.0302,0.7242,0.8279,0.0,995.5788969141303,0.0,995.58
Fender,severe,0.5856,0.494,0.8331,4549.6102528194915,4352.685638833191,5833.787480651628,14736.08
Light,minor,0.01,0.8042,0.4428,0.0,1049.4626104780575,0.0,1049.46
Hood,severe,0.8806,0.6353,0.6381,16598.72904467938,4087.5311089681836,6560.361264254484,27246.62
Headlight,severe,0.5899,0.7048,0.5353,3619.783645298522,1536.7052532211558,0.0,5156.49
Bumper,minor,0.0749,0.5935,0.4867,0.0,1171.0144030593285,2121.067944357871,3292.08
Bumper,moderate,0.3724,0.6841,0.4075,0.0,2579.4959807289947,3660.464089778931,6239.96
Hood,minor,0.0352,0.8989,0.6308,0.0,1859.6385232271302,2542.781902106074,4402.42
Windshield,minor,0.0554,0.9309,0.5621,0.0,1420.4725613707099,0.0,1420.47
Door,moderate,0.1125,0.666,0.5087,0.0,3178.3987048981985,2510.4012568132725,5688.8
Trunk,moderate,0.1,0.6671,0.7112,0.0,2108.9534331374884,2229.0867452172747,4338.04
Windshield,severe,0.6113,0.5958,0.9628,11316.787732054778,3272.294902332347,0.0,14589.08
Headlight,moderate,0.2236,0.8398,0.7461,4063.9890876248005,1495.4804426043534,0.0,5559.47
Windshield,minor,0.0652,0.9465,0.4285,0.0,1903.214134584424,0.0,1903.21
Door,moderate,0.2117,0.6869,0.6153,12129.287704271605,4151.379616193969,3898.4057827353286,20179.07
Windshield,moderate,0.4035,0.9666,0.6182,0.0,2183.243469606853,0.0,2183.24
Windshield,minor,0.0475,0.5454,0.6253,0.0,1367.2366319106263,0.0,1367.24
Headlight,moderate,0.2077,0.7027,0.4975,0.0,898.3737951808145,0.0,898.37
Fender,minor,0.0663,0.8817,0.5062,0.0,2365.191012510715,2340.6979947994337,4705.89
Headlight,minor,0.0723,0.8669,0.724,0.0,943.8738498226697,0.0,943.87
Door,moderate,0.2531,0.5839,0.9537,0.0,3377.256582003197,3636.2545137019274,7013.51
Headlight,minor,0.0531,0.4909,0.8378,0.0,957.6569678601393,0.0,957.66
Door,minor,0.0416,0.5545,0.8606,0.0,2534.1494943301805,1893.0373422613188,4427.19
Fender,moderate,0.1929,0.7755,0.6197,7727.138544819166,3112.6467549492745,3661.5655242867665,14501.35
Bumper,minor,0.0194,0.7136,0.9723,0.0,1657.5141330579556,2812.652027610686,4470.17
Fender,moderate,0.2433,0.5705,0.9189,2885.9591547887517,4061.163693398245,3250.6148984455863,10197.74
Light,severe,0.5338,0.6186,0.5348,4861.176937176663,1779.8411520074078,0.0,6641.02
Hood,moderate,0.2728,0.7524,0.5436,13095.686929650923,1995.6937454935332,3673.56576107592,18764.95
Door,moderate,0.3497,0.5885,0.7274,0.0,4121.184575935376,2992.1073445744128,7113.29
Windshield,moderate,0.1,0.6085,0.5945,0.0,1819.8642271360761,0.0,1819.86
Windshield,moderate,0.1903,0.5173,0.868,11066.530167018793,1750.9113338428745,0.0,12817.44
Light,moderate,0.2495,0.5186,0.7921,5985.137694470186,790.1355448905533,0.0,6775.27
Light,minor,0.0648,0.6011,0.6715,0.0,1097.0453715935887,0.0,1097.05
Door,moderate,0.1609,0.973,0.5945,0.0,3412.8496875587,2349.7867679693272,5762.64
Windshield,severe,0.6557,0.5002,0.6578,10645.637362629768,4306.2114730053745,0.0,14951.85
Light,moderate,0.1788,0.5676,0.8303,6398.923740523118,1788.23884291447,0.0,8187.16
Bumper,severe,0.3895,0.7532,0.8426,10028.256009877445,1708.2474421654192,4249.847927905278,15986.35
Door,minor,0.0782,0.887,0.4636,0.0,2917.106090550751,3133.556194833985,6050.66
Fender,minor,0.0945,0.559,0.9697,0.0,2125.249005825289,2133.1057994416446,4258.35
Trunk,minor,0.0268,0.8581,0.9434,0.0,2856.1172631538448,2426.15997141039,5282.28
Fender,moderate,0.2945,0.4559,0.7964,5836.755508251983,2420.713690678452,3686.905783166866,11944.37
Hood,severe,0.5569,0.5551,0.7178,0.0,3022.703162430892,4648.418445095935,7671.12
Headlight,severe,0.6332,0.7876,0.431,7570.631395196875,1800.067014312792,0.0,9370.7
Hood,moderate,0.1307,0.6723,0.6017,0.0,2432.8663497766656,3194.714917200889,5627.58
Light,severe,0.5621,0.9432,0.7487,8725.29418773387,1044.4337979015277,0.0,9769.73
Headlight,minor,0.0751,0.8713,0.9759,0.0,1168.8825285699188,0.0,1168.88
Trunk,minor,0.0659,0.9736,0.6629,0.0,2457.5345397814694,2617.9499884474476,5075.48
Hood,minor,0.0533,0.6949,0.931,0.0,1468.5963856194953,2326.8874092784454,3795.48
Fender,minor,0.0374,0.9791,0.9174,0.0,2576.218241374892,2149.065749399965,4725.28
Trunk,minor,0.0284,0.6954,0.4674,0.0,1949.101843953557,2604.97078184053,4554.07
Windshield,moderate,0.1805,0.851,0.8975,0.0,2437.8103118417025,0.0,2437.81
Bumper,minor,0.0422,0.8104,0.8959,0.0,1187.8032774231829,1509.826833255376,2697.63
Bumper,moderate,0.2795,0.7804,0.8676,0.0,3167.9301433994483,3799.3077529489237,6967.24
Door,minor,0.0541,0.8197,0.5296,0.0,2334.065617069045,2735.475888300806,5069.54
Trunk,severe,0.663,0.9434,0.9744,16195.73298317448,3345.177252080403,5824.3555941422355,25365.27
Hood,severe,0.7535,0.8409,0.7285,10862.542240925006,4955.755571667101,6017.709776098193,21836.01
Light,minor,0.0517,0.5718,0.7186,0.0,699.5506940233834,0.0,800.0
Headlight,minor,0.0845,0.8849,0.4329,0.0,944.8723715974812,0.0,944.87
Bumper,minor,0.0786,0.7465,0.583,0.0,1810.8784687646612,2088.230714974567,3899.11
Door,moderate,0.2913,0.9681,0.8932,0.0,3528.792577651785,4148.438439920323,7677.23
Light,severe,0.5864,0.9274,0.7724,10422.390045221639,2146.373529134364,0.0,12568.76
Bumper,moderate,0.4308,0.7208,0.5932,0.0,2635.891837596888,4736.062500153937,7371.95
Fender,moderate,0.1884,0.5461,0.5592,0.0,2136.525313986573,4196.894926272155,6333.42
Door,moderate,0.1,0.6189,0.7811,0.0,2879.1300303526436,2853.7316821758454,5732.86
Door,moderate,0.1136,0.4891,0.6802,0.0,2744.5065177844454,2767.8636962538085,5512.37
Light,minor,0.0334,0.557,0.5682,0.0,1697.6412517781587,0.0,1697.64
Door,severe,0.4382,0.7765,0.4971,10274.341270726036,4604.520925059942,3282.87197458592,18161.73
Light,minor,0.01,0.5105,0.6712,0.0,738.451010141497,0.0,800.0
Door,severe,0.5712,0.8878,0.8328,12583.231119693091,4397.6638719793755,5362.873131106311,22343.77
Bumper,moderate,0.3963,0.8557,0.8846,0.0,1603.9509198075907,3840.4346296612935,5444.39
Trunk,minor,0.0473,0.7317,0.979,10517.593957841467,2527.5556674723316,1464.2213042036863,14509.37
Windshield,severe,0.6181,0.9509,0.542,0.0,3291.125782483723,0.0,3291.13
Trunk,minor,0.0622,0.4735,0.7302,0.0,2595.906253342451,2888.6894671704376,5484.6
Light,severe,0.95,0.6482,0.46,11259.999859147345,1786.7956970197092,0.0,13046.8
Headlight,moderate,0.333,0.6909,0.9776,0.0,1940.7882550675154,0.0,1940.79
Hood,severe,0.5466,0.6604,0.7719,15621.473557012945,3248.59356782916,5130.4186266794095,24000.49
Fender,severe,0.5711,0.9453,0.8327,6752.709953319677,4386.01907264794,5101.542256182609,16240.27
Hood,minor,0.0436,0.7788,0.5836,0.0,2342.732350010037,3127.5492874582333,5470.28
Windshield,moderate,0.2493,0.9509,0.9468,9467.541392517134,1487.798404408796,0.0,10955.34
Fender,moderate,0.2638,0.7792,0.4266,5797.944401125258,2597.79539097072,4096.226591358192,12491.97
Windshield,severe,0.7093,0.5606,0.6533,6530.7448812905095,2976.314920817218,0.0,9507.06
Bumper,moderate,0.361,0.9015,0.4133,0.0,2460.7077233877335,4015.104492081235,6475.81
Headlight,severe,0.5757,0.8469,0.4784,5521.413485665204,2307.983100638812,0.0,7829.4
Door,moderate,0.1892,0.8847,0.4804,0.0,4002.294867027849,2538.048553410046,6540.34
Bumper,moderate,0.1141,0.5573,0.6334,0.0,2366.4795292161352,3670.8893369221178,6037.37
Headlight,severe,0.4727,0.8386,0.965,8441.591989131566,1139.9762088257723,0.0,9581.57
Fender,moderate,0.3939,0.4652,0.698,0.0,3420.8242835394667,3365.6500526507643,6786.47
Door,severe,0.3717,0.791,0.7925,13896.723813765495,4639.056599773429,2909.635891727341,21445.42
Hood,severe,0.4621,0.5959,0.5635,18960.554871976583,2413.848665505432,3383.566048200019,24757.97
Bumper,minor,0.0114,0.4539,0.5516,0.0,1813.0168452546675,2703.042624131649,4516.06
Headlight,severe,0.5939,0.4521,0.944,9679.022337827277,1492.5284943894667,0.0,11171.55
Light,moderate,0.1,0.6912,0.7023,7991.866476694666,1497.317417162241,0.0,9489.18
Headlight,severe,0.5596,0.5609,0.5178,4514.954364295776,1317.7042113099083,0.0,5832.66
Light,moderate,0.3079,0.5116,0.678,0.0,1187.2185344717957,0.0,1187.22
Headlight,moderate,0.4456,0.6838,0.4671,10640.62987929442,1973.4268738649662,0.0,12614.06
Light,minor,0.1067,0.7957,0.5032,0.0,640.7206564357064,0.0,800.0
Hood,minor,0.0788,0.6589,0.5461,0.0,2753.6179555958447,2969.770904155479,5723.39
Hood,severe,0.5392,0.8686,0.4892,11800.884007979468,4687.177546790214,5342.486817810268,21830.55
Door,minor,0.0601,0.4979,0.6099,0.0,3416.5701238386396,2682.6660982749345,6099.24
Headlight,minor,0.01,0.5676,0.7082,0.0,603.6730075243821,0.0,800.0
Trunk,severe,0.4126,0.5597,0.8723,17125.29647210679,4535.982845571842,3813.608770608753,25474.89
Bumper,minor,0.0572,0.8379,0.9673,0.0,2367.122970276175,1961.953550846888,4329.08
Fender,minor,0.0638,0.8068,0.4408,0.0,3351.5529136273954,2511.5827623987443,5863.14
Bumper,minor,0.0825,0.9154,0.6755,0.0,2249.15576217142,2483.574598204316,4732.73
Door,moderate,0.173,0.5459,0.5892,8617.110023724925,3688.139014861565,3029.7015228451983,15334.95
Trunk,severe,0.9262,0.7003,0.659,14737.56417991253,4308.789379551345,6723.86737252521,25770.22
Door,severe,0.713,0.5828,0.5857,11781.598126905357,5557.9196706649755,4623.728603796307,21963.25
Headlight,minor,0.0533,0.9046,0.416,0.0,549.9784630313306,0.0,800.0
Hood,minor,0.0434,0.4991,0.8069,0.0,2271.9815467215526,2185.8532145118675,4457.83
Door,moderate,0.4166,0.953,0.8366,0.0,6227.533016358695,4901.233859501163,11128.77
Trunk,minor,0.0611,0.5721,0.5381,0.0,1682.3082821714715,2933.9704900834367,4616.28
Fender,moderate,0.2177,0.9179,0.6241,6523.817394496723,2592.5714023233245,3147.57145293132,12263.96
Light,moderate,0.2426,0.8918,0.5493,0.0,734.6102799304304,0.0,800.0
Fender,minor,0.0757,0.6942,0.4737,0.0,2370.45314837555,2976.9859844885627,5347.44
Trunk,minor,0.0531,0.9224,0.9192,0.0,2223.188197232796,2672.1003894361297,4895.29
Headlight,severe,0.5216,0.6174,0.8765,8700.182122694372,1635.2388998673955,0.0,10335.42
Hood,moderate,0.3654,0.6409,0.761,0.0,4529.689989325492,5528.843913632756,10058.53
Trunk,severe,0.755,0.6217,0.5162,16900.693387330557,3823.6282513919605,4884.783357320359,25609.1
Hood,moderate,0.2727,0.4588,0.5917,0.0,2294.0046173608243,4075.2997127413955,6369.3
Door,minor,0.01,0.802,0.8578,0.0,2770.979439294214,2361.7951712222166,5132.77
Trunk,moderate,0.1,0.6215,0.9024,0.0,3272.666374633001,3546.9526812720082,6819.62
Door,minor,0.0369,0.6453,0.5389,0.0,3103.196431908329,3192.879344733451,6296.08
Fender,moderate,0.1886,0.7557,0.4265,0.0,2385.3487897342334,2261.6533977479676,4647.0
Trunk,minor,0.0524,0.4683,0.8933,0.0,3157.6228558842195,2254.930610069802,5412.55
Bumper,minor,0.0379,0.7278,0.9321,0.0,1976.1531829713363,2569.2417642468217,4545.39
Trunk,severe,0.6498,0.5123,0.6761,14149.644876181223,4208.786457257178,6047.1329082064985,24405.56
Trunk,moderate,0.269,0.6376,0.4597,12931.080647809884,2486.2187657798886,2828.79723359318,18246.1
Fender,moderate,0.2593,0.8461,0.7837,0.0,4017.766530375951,5170.933703709608,9188.7
Light,severe,0.5125,0.5039,0.4288,7287.766066234627,1863.1205788514433,0.0,9150.89
Windshield,minor,0.0686,0.8792,0.6069,0.0,2378.2357859827553,0.0,2378.24
Headlight,severe,0.7003,0.8342,0.6092,4775.108080320383,1248.6910758776817,0.0,6023.8
Hood,minor,0.074,0.5477,0.8082,0.0,2223.3467088530447,2118.7884943044764,4342.14
Hood,severe,0.6596,0.5982,0.9447,18199.60148672863,4849.554518522764,5114.55110673336,28163.71
Hood,minor,0.0412,0.5582,0.7928,0.0,2764.5763019273104,2476.967929279987,5241.54
Hood,minor,0.1088,0.8261,0.5685,0.0,2942.1214317942727,2753.1613653137533,5695.28
Door,minor,0.0643,0.7694,0.6435,0.0,2764.1760206228773,3332.4990776864165,6096.68
Hood,minor,0.0692,0.6838,0.669,0.0,2666.5440527383357,3111.482412264528,5778.03
Bumper,severe,0.4239,0.8227,0.5703,7892.840950267212,3945.5057188609644,5419.121842195334,17257.47
Hood,severe,0.6455,0.9456,0.876,13541.900689362126,3869.743642492263,7292.743962248418,24704.39
Door,severe,0.3,0.7184,0.7573,12193.510611342661,3871.0049847087002,3296.343988236724,19360.86
Hood,moderate,0.1,0.9028,0.6905,0.0,3384.6850069582474,2640.6529571093674,6025.34
Fender,minor,0.0382,0.579,0.9118,0.0,2562.2614544393145,2703.3938317412517,5265.66
Headlight,minor,0.01,0.8573,0.8525,0.0,617.9821561918543,0.0,800.0
Hood,minor,0.0612,0.8899,0.6584,0.0,2374.5789173723347,2400.4765617580338,4775.06
Trunk,minor,0.0282,0.7016,0.7949,0.0,1919.078988734764,2774.427965961628,4693.51
Door,moderate,0.4473,0.9271,0.9684,0.0,5072.6202574096105,4533.862645902533,9606.48
Bumper,severe,0.5917,0.5418,0.6121,9917.75659528296,2933.0647416323827,5272.772261973719,18123.59
Door,moderate,0.364,0.4891,0.9421,14103.061100000847,4297.467300396629,2972.6905475802564,21373.22
Light,severe,0.5417,0.5946,0.528,3128.035873320076,2621.8221617244567,0.0,5749.86
Windshield,minor,0.0235,0.9039,0.9097,0.0,1545.8976666462772,0.0,1545.9
Bumper,moderate,0.2352,0.9634,0.6009,4037.1561989751945,1614.7345658063152,4307.144247439304,9959.04
Fender,minor,0.0808,0.5758,0.5361,0.0,1940.578606781583,1732.751704107157,3673.33
Windshield,minor,0.0489,0.4712,0.619,0.0,1293.976927829361,0.0,1293.98
Fender,moderate,0.3456,0.5545,0.7937,0.0,3375.2698906781347,3557.1862597738645,6932.46
Windshield,moderate,0.1352,0.4529,0.9133,0.0,2431.842513637827,0.0,2431.84
Fender,minor,0.0362,0.6335,0.8125,0.0,2541.74777171525,2918.0808604779804,5459.83
Bumper,severe,0.597,0.979,0.7963,7745.565976718201,2543.170595647154,5472.837920574502,15761.57
Headlight,severe,0.6519,0.4879,0.7694,3747.6705749250896,1496.6692921466258,0.0,5244.34
Fender,moderate,0.3569,0.8285,0.9135,0.0,2710.705945735281,5516.836831494456,8227.54
Light,severe,0.6,0.9454,0.6989,5538.497735568938,2122.5066461462065,0.0,7661.0
Fender,moderate,0.3023,0.9269,0.5703,4185.302218799459,2956.485732927481,3615.9550482183126,10757.74
Light,minor,0.0986,0.525,0.4626,0.0,1373.5677750025652,0.0,1373.57
Hood,moderate,0.2703,0.7783,0.4818,0.0,3961.0847635333375,3704.0157759953245,7665.1
Fender,moderate,0.2279,0.5961,0.488,0.0,4048.7602531407124,3584.546982793572,7633.31
Windshield,minor,0.0933,0.841,0.8369,0.0,1988.8817143707897,0.0,1988.88
Trunk,minor,0.0417,0.9383,0.9592,11649.023428356799,1674.1559891525314,2568.2072013254306,15891.39
Bumper,moderate,0.3173,0.8806,0.7775,0.0,2689.47667585932,3706.871331133542,6396.35
Trunk,moderate,0.2537,0.4662,0.679,0.0,3267.9157752620085,4305.52536295834,7573.44
Trunk,moderate,0.1695,0.9759,0.4756,0.0,2648.059006223235,3951.192588230337,6599.25
Light,severe,0.6617,0.7784,0.5777,6555.766196088231,2819.682074887793,0.0,9375.45
Bumper,minor,0.0492,0.9038,0.4591,9250.071832138601,1616.870060370093,2452.010649086472,13318.95
Fender,severe,0.7777,0.7777,0.6448,6865.226178521648,5706.640148409495,8601.142150580154,21173.01
Trunk,moderate,0.232,0.5654,0.5904,0.0,2716.079581591423,2402.52828300842,5118.61
Light,moderate,0.3185,0.7889,0.5198,0.0,1418.1327659239819,0.0,1418.13
Door,moderate,0.1,0.5431,0.9027,8861.71379746776,3152.107255791707,2803.1379202549983,14816.96
Headlight,moderate,0.3352,0.4931,0.814,4797.6170374925705,2240.264888192377,0.0,7037.88
Hood,minor,0.0405,0.8227,0.7066,0.0,2674.6762124210477,2465.720917039072,5140.4
Light,severe,0.6595,0.6054,0.4534,4437.569623426085,2152.3466583149298,0.0,6589.92
Windshield,moderate,0.2867,0.7446,0.7835,0.0,2222.3363931916238,0.0,2222.34
Bumper,minor,0.0413,0.9693,0.9214,0.0,2099.6576650547336,2458.8475802702656,4558.51
Fender,minor,0.0456,0.7127,0.7072,0.0,2580.551998328526,3101.3366640096383,5681.89
Trunk,moderate,0.367,0.6344,0.5812,0.0,3759.2398741676625,5372.738547757762,9131.98
Hood,minor,0.1197,0.9388,0.9697,0.0,1901.2910220410952,2119.1950974710544,4020.49
Hood,moderate,0.1,0.7398,0.4771,0.0,2355.4708400173927,2722.237446784319,5077.71
Light,minor,0.051,0.8264,0.7204,0.0,899.0911640044352,0.0,899.09
Hood,minor,0.1238,0.6967,0.9402,0.0,2763.492717556809,3027.1118873870323,5790.6
Trunk,minor,0.0323,0.5213,0.6165,0.0,3043.8303937143432,2041.5928085540181,5085.42
Light,moderate,0.1841,0.5899,0.7987,0.0,826.6582168771512,0.0,826.66
Windshield,minor,0.01,0.8742,0.8275,0.0,1851.2039976435858,0.0,1851.2
Light,moderate,0.3161,0.7957,0.7767,0.0,2084.598237340087,0.0,2084.6
Light,moderate,0.4116,0.7736,0.6246,0.0,1031.985349709529,0.0,1031.99
Trunk,minor,0.0602,0.5259,0.6522,0.0,1640.4804031596027,2779.0197285521176,4419.5
Headlight,severe,0.3,0.4534,0.6488,11949.172404788214,1717.7355632135666,0.0,13666.91
Bumper,moderate,0.3605,0.5288,0.9214,5531.272769208321,1716.463070186976,4055.1267812456076,11302.86
Door,moderate,0.2548,0.4995,0.4106,0.0,3577.160594089828,4160.252242674911,7737.41
Bumper,minor,0.0223,0.5937,0.6892,0.0,1037.7424513576561,1588.604536447092,2626.35
Windshield,moderate,0.3393,0.9484,0.8192,0.0,2884.371761925623,0.0,2884.37
Hood,severe,0.3686,0.8698,0.4973,18438.88955603436,2215.195665136462,2822.542333604072,23476.63
Light,minor,0.0555,0.8956,0.6976,0.0,893.6323800049734,0.0,893.63
Door,minor,0.0241,0.9562,0.4297,0.0,3502.820163352806,2141.558905810217,5644.38
Light,minor,0.0255,0.9554,0.4444,0.0,1064.6168933121276,0.0,1064.62
Headlight,moderate,0.4167,0.9593,0.8719,8116.0679125488505,2274.3379443409617,0.0,10390.41
Hood,severe,0.7501,0.6174,0.7035,17446.933967233734,5340.803502043304,6512.474765234186,29300.21
Windshield,moderate,0.3158,0.8896,0.7128,0.0,2071.457806415782,0.0,2071.46
Fender,minor,0.0705,0.6749,0.4508,0.0,2347.0174172443058,3025.30548749873,5372.32
Light,minor,0.0794,0.5535,0.7721,0.0,1066.6579387221084,0.0,1066.66
Headlight,minor,0.07,0.642,0.7573,0.0,996.9685791125844,0.0,996.97
Trunk,minor,0.088,0.4962,0.7498,13947.740504174259,2889.1281606287603,2788.052029060413,19624.92
Light,moderate,0.1935,0.5766,0.7678,0.0,1676.8521039323243,0.0,1676.85
Fender,moderate,0.3194,0.6588,0.6528,0.0,2964.0844384487223,4756.622802399364,7720.71
Fender,moderate,0.2971,0.9307,0.6086,0.0,3520.4024004950716,2928.877017298289,6449.28
Windshield,minor,0.0679,0.8606,0.834,0.0,2091.1609158449996,0.0,2091.16
Windshield,minor,0.01,0.6843,0.8426,0.0,1163.1117075195766,0.0,1163.11
Trunk,severe,0.7284,0.552,0.7395,15955.507003046025,4873.558231119354,4936.133568018144,25765.2
Headlight,minor,0.0852,0.9702,0.5743,0.0,619.8925340257886,0.0,800.0
Bumper,minor,0.0583,0.7162,0.9624,0.0,1348.5779380599902,2726.741552843643,4075.32
Windshield,moderate,0.3806,0.7972,0.4098,0.0,3492.1777522049647,0.0,3492.18
Door,moderate,0.2879,0.6154,0.7107,0.0,3518.8058993892737,4355.909229516451,7874.72
Trunk,severe,0.401,0.537,0.8318,19302.894975356234,3641.464622395277,3867.3594185100005,26811.72
Door,severe,0.5941,0.9213,0.5949,10179.283520699906,4549.062155548978,5698.785572866201,20427.13
Trunk,severe,0.6881,0.7896,0.527,13372.290206385767,5244.968017264561,6852.68312287666,25469.94
Light,minor,0.0298,0.7894,0.5647,0.0,603.3759977274154,0.0,800.0
Hood,minor,0.1423,0.7911,0.7749,0.0,3227.4813959914068,2717.1678688130987,5944.65
Fender,minor,0.0552,0.7881,0.4581,0.0,1903.3457006981682,2236.9272771070996,4140.27
Bumper,severe,0.5903,0.8306,0.5781,4822.869152095211,2613.7637479188093,6279.71435078953,13716.35
Trunk,minor,0.0246,0.4966,0.4067,0.0,2260.971664784518,2329.032911677801,4590.0
Fender,minor,0.0612,0.7893,0.6871,0.0,1540.9549797125217,2096.9740352190915,3637.93
Door,moderate,0.2673,0.6684,0.7184,0.0,3766.647377729968,3200.80494711063,6967.45
Fender,minor,0.0461,0.4998,0.7345,0.0,1931.0593691459658,2537.2804940031274,4468.34
Windshield,minor,0.0141,0.7464,0.8771,0.0,1888.4505242165328,0.0,1888.45
Bumper,moderate,0.4406,0.4706,0.8492,0.0,2525.301361000394,5529.51110238207,8054.81
Hood,moderate,0.3473,0.9011,0.9408,0.0,4630.130148118207,4296.311415100073,8926.44
Fender,minor,0.0531,0.7775,0.619,0.0,2081.387145434142,3084.8511114909593,5166.24
Door,severe,0.6998,0.8997,0.9593,13381.538864317892,4803.212644041407,5557.880642702257,23742.63
Fender,minor,0.0661,0.5642,0.6855,0.0,1687.058531298469,3058.1917972838573,4745.25
Fender,moderate,0.2338,0.9219,0.4656,7039.0304099109135,2942.3108634801383,2840.94661512899,12822.29
Headlight,severe,0.6747,0.5787,0.8117,9389.719894447133,1179.7259289813383,0.0,10569.45
Windshield,minor,0.0769,0.7341,0.6486,5197.617279222631,2144.184785468959,0.0,7341.8
Door,moderate,0.2057,0.8852,0.5387,13929.508370115245,3821.3061008086925,2833.988962245516,20584.8
Hood,moderate,0.2943,0.9262,0.6771,14736.770843956461,3281.0776742443836,4909.3023724320265,22927.15
Door,minor,0.071,0.7946,0.5325,0.0,3110.230006297512,1854.7849757556994,4965.01
Windshield,moderate,0.3291,0.8419,0.6619,0.0,2451.370016637401,0.0,2451.37
Door,severe,0.5647,0.9569,0.8318,11352.200650851692,5310.970280514474,6854.737813289511,23517.91
Trunk,moderate,0.2943,0.8548,0.5657,11051.592108295361,2243.9034418844244,4147.171971190696,17442.67
Light,minor,0.0825,0.5396,0.444,0.0,916.7065617152876,0.0,916.71
Bumper,moderate,0.3936,0.5374,0.7592,8297.29810442558,2406.209704449859,4290.607734574842,14994.12
Hood,severe,0.4862,0.6512,0.4593,10523.231804420962,4786.401637957468,6010.402866503592,21320.04
Fender,minor,0.0395,0.4551,0.6026,0.0,2483.056114712872,1875.0826396274983,4358.14
Bumper,minor,0.0789,0.8498,0.6263,0.0,1903.9956732113837,2192.7650234165076,4096.76
Trunk,moderate,0.2099,0.4513,0.446,0.0,2293.757414933771,2555.6843767378596,4849.44
Windshield,severe,0.3648,0.8415,0.9324,7715.686723993261,2734.7611735741725,0.0,10450.45
Light,moderate,0.1807,0.5159,0.7774,4756.9830512838425,1060.6063663430834,0.0,5817.59
Light,severe,0.6224,0.7477,0.8182,4712.367883188181,1037.2495866383529,0.0,5749.62
Headlight,minor,0.068,0.6991,0.7737,4404.344310269742,743.2879382566674,0.0,5147.63
Light,minor,0.034,0.6586,0.5048,0.0,1048.5091540428516,0.0,1048.51
Trunk,moderate,0.2769,0.6965,0.9428,0.0,2896.243817724208,4325.233866732586,7221.48
Windshield,severe,0.3,0.7887,0.4172,5593.910935041365,3133.650671869907,0.0,8727.56
Bumper,minor,0.0639,0.9105,0.6855,0.0,1796.8378748519958,2346.101440493112,4142.94
Light,moderate,0.3214,0.5305,0.7914,0.0,1547.0167541321682,0.0,1547.02
Headlight,minor,0.0454,0.5079,0.9291,0.0,1163.1569262456176,0.0,1163.16
Door,moderate,0.1,0.5113,0.8538,0.0,3113.4682022498814,2105.5303385810985,5219.0
Windshield,moderate,0.3864,0.7037,0.8496,0.0,2319.0763225719534,0.0,2319.08
Bumper,moderate,0.3392,0.469,0.9576,0.0,1903.8882091567382,4328.0580272911075,6231.95
Headlight,minor,0.0212,0.697,0.9794,0.0,1440.0218450269936,0.0,1440.02
Door,moderate,0.1436,0.8303,0.679,11310.82218775864,3918.200046754663,2552.627359524159,17781.65
Door,minor,0.01,0.5073,0.9412,13602.40181570108,3696.086459733784,2074.6991027620397,19373.19
Hood,severe,0.6949,0.5575,0.9517,15018.579773164802,4586.791229905198,6516.000204115215,26121.37
Light,minor,0.0503,0.4711,0.4286,0.0,957.9580893904722,0.0,957.96
Fender,moderate,0.1898,0.696,0.8651,2954.776938083742,3012.4823194202354,3482.451780204689,9449.71
Bumper,moderate,0.4075,0.8699,0.7022,5680.06355903158,2075.368441057237,3807.7243886548604,11563.16
Light,moderate,0.3385,0.5327,0.4037,0.0,1468.6018861556674,0.0,1468.6
Door,moderate,0.2284,0.9437,0.9649,10818.466958976278,3397.618069326886,3281.596634385234,17497.68
Hood,moderate,0.2311,0.6442,0.7879,15830.075468176536,2979.8935651055285,2671.4312501960894,21481.4
Hood,minor,0.0981,0.7407,0.7235,0.0,2034.0188863884082,1809.9493158944122,3843.97
Fender,moderate,0.4406,0.7879,0.7729,6143.533915429822,2761.9822906126315,3761.9911137379813,12667.51
Fender,moderate,0.2874,0.5502,0.8659,6513.07601783952,3784.7593024587172,3526.171407383429,13824.01
Door,moderate,0.1211,0.9617,0.6847,0.0,2592.0369390880987,3174.4914800707807,5766.53
Light,minor,0.0311,0.6789,0.9322,0.0,909.9749497570314,0.0,909.97
Headlight,minor,0.0661,0.6517,0.7947,0.0,1302.6211780237059,0.0,1302.62
Headlight,severe,0.6653,0.7482,0.4829,5156.403832526756,1401.7466746141972,0.0,6558.15
Windshield,minor,0.0408,0.8618,0.7701,0.0,1240.1466718462873,0.0,1240.15
Windshield,moderate,0.2471,0.666,0.9457,0.0,2729.9350804168957,0.0,2729.94
Windshield,moderate,0.1265,0.4996,0.6318,6834.919839122686,1958.106132613995,0.0,8793.03
Windshield,severe,0.6876,0.7919,0.5338,6488.971905958021,4474.4872604915545,0.0,10963.46
Fender,severe,0.876,0.5069,0.6311,4453.679749764062,4866.604411999434,5711.7201666226865,15032.0
Windshield,minor,0.0109,0.7765,0.6771,0.0,1343.8979892699253,0.0,1343.9
Bumper,minor,0.0425,0.648,0.4479,0.0,1928.1445483579262,2790.2249991224603,4718.37
Windshield,minor,0.1019,0.9079,0.8897,9250.283171603247,2076.7056907658975,0.0,11326.99
Door,minor,0.0201,0.8985,0.8528,0.0,2497.575906941783,2094.2860030631523,4591.86
Bumper,minor,0.01,0.9262,0.4783,0.0,1217.1426987812104,1593.5839778256927,2810.73
Door,minor,0.0632,0.604,0.4748,0.0,3982.540990838232,3209.2806802976356,7191.82
Bumper,minor,0.0433,0.7482,0.6567,0.0,2038.5229908326562,2047.6614616148497,4086.18
Door,minor,0.0351,0.8603,0.7522,0.0,2421.988959229826,1883.5200699871477,4305.51
Windshield,minor,0.0112,0.8698,0.6079,0.0,1749.2057945336007,0.0,1749.21
Bumper,moderate,0.2404,0.6373,0.8632,0.0,1975.220657679987,3087.6772547527717,5062.9
Bumper,moderate,0.3477,0.6889,0.9427,0.0,3264.044109153576,3568.9400331086385,6832.98
Door,severe,0.7591,0.5945,0.4607,12650.550734752494,6625.488014087529,6836.220101117479,26112.26
Windshield,minor,0.0521,0.9498,0.932,0.0,1270.6738315914492,0.0,1270.67
Light,severe,0.7047,0.4888,0.4522,4588.991270463118,2515.1783560086155,0.0,7104.17
Bumper,severe,0.4701,0.5706,0.412,5114.810001155126,1664.0205337788423,3992.7991897858856,10771.63
Fender,minor,0.0671,0.8122,0.8576,0.0,2414.7968695313016,1747.7266155188267,4162.52
Fender,moderate,0.2927,0.8582,0.9739,0.0,3486.0027136084823,3075.9422464793224,6561.94
Fender,moderate,0.1966,0.8225,0.7988,0.0,2853.879695691508,3856.120161265559,6710.0
Trunk,moderate,0.1549,0.8195,0.8464,15333.943415754233,3160.9723074784033,2871.4213748751486,21366.34
Headlight,moderate,0.1836,0.9288,0.4378,7749.039227588236,1564.5352669778665,0.0,9313.57
Hood,severe,0.5989,0.5988,0.6527,12545.933334731191,4946.496243301133,5083.0234963181665,22575.45
Door,minor,0.0587,0.6217,0.4073,0.0,3781.943673365755,1657.7347515254173,5439.68
Windshield,minor,0.0599,0.8735,0.8131,0.0,1685.5114109613748,0.0,1685.51
Light,minor,0.0605,0.6263,0.697,0.0,831.5519439491535,0.0,831.55
Fender,minor,0.0796,0.5726,0.5939,2964.083401413771,2583.792657078822,2444.7005026257075,7992.58
Fender,minor,0.0709,0.9151,0.5807,0.0,1671.583446774951,2212.358601963536,3883.94
Bumper,moderate,0.2765,0.8712,0.774,0.0,2041.5253230279618,4554.0532610338705,6595.58
Headlight,minor,0.0363,0.5764,0.7826,0.0,1549.3000994895926,0.0,1549.3
Door,moderate,0.2371,0.529,0.7331,0.0,4266.878493079081,3336.7551993219295,7603.63
Door,minor,0.0257,0.7891,0.6495,0.0,3184.924724973116,2792.0920985739194,5977.02
Bumper,minor,0.039,0.4956,0.9736,0.0,2168.892818422811,2360.3715597058417,4529.26
Hood,moderate,0.1406,0.5765,0.5722,15451.847631008135,3087.5439012099237,2621.7966965115866,21161.19
Trunk,severe,0.651,0.5302,0.8092,10407.15568540606,4093.97068729387,5640.161957866783,20141.29
Light,minor,0.0605,0.8111,0.4743,0.0,635.7299711050317,0.0,800.0
Windshield,severe,0.7865,0.6059,0.4472,10393.25228749726,3488.7566357686783,0.0,13882.01
Windshield,moderate,0.4197,0.7958,0.8661,6559.05719192735,2428.2164531482804,0.0,8987.27
Windshield,severe,0.6714,0.5579,0.7942,8950.478355915428,3073.106017733852,0.0,12023.58
Fender,minor,0.0967,0.4514,0.5296,0.0,2698.5623470759697,3128.9618375611058,5827.52
Trunk,moderate,0.1544,0.8972,0.6354,0.0,1956.6833615311182,2981.292040564262,4937.98
Hood,severe,0.7123,0.4988,0.6851,15369.523665228557,5489.54977166569,6300.919861404041,27159.99
Trunk,severe,0.6377,0.4921,0.5697,15285.914395160991,4922.91032967287,5022.880823483564,25231.71
Bumper,moderate,0.2791,0.6957,0.5983,0.0,1360.2074699106618,3067.6877958929517,4427.9
Headlight,minor,0.1054,0.8118,0.4625,0.0,1302.1422326240852,0.0,1302.14
Light,moderate,0.2442,0.72,0.6389,0.0,1284.4574141797414,0.0,1284.46
Hood,minor,0.0273,0.7789,0.8969,0.0,1878.1032750072393,2422.8316622340094,4300.93
Light,moderate,0.314,0.5857,0.9759,0.0,1303.929331032093,0.0,1303.93
Fender,minor,0.0752,0.8665,0.6935,0.0,2744.5486202504762,2656.514795330718,5401.06
Bumper,moderate,0.1707,0.7569,0.7626,4689.462664275853,1665.1892949586563,2064.4525369682287,8419.1
Headlight,moderate,0.1894,0.8302,0.618,0.0,965.1713107499561,0.0,965.17
Windshield,minor,0.0425,0.4902,0.7329,0.0,2230.0225886421786,0.0,2230.02
Light,minor,0.0494,0.934,0.5938,0.0,762.3112392849474,0.0,800.0
Light,moderate,0.4403,0.5567,0.9579,0.0,1740.3879656173156,0.0,1740.39
Hood,minor,0.033,0.7947,0.5838,0.0,2131.237239944719,2586.0511211825697,4717.29
Light,minor,0.108,0.9506,0.4576,7064.194858216934,1210.1859149365478,0.0,8274.38
Trunk,severe,0.5674,0.4715,0.801,12424.246511325771,4171.7927901706935,5942.436342672307,22538.48
Door,moderate,0.318,0.9116,0.4007,0.0,5047.130441813373,4547.00992694346,9594.14
Door,severe,0.7108,0.8453,0.849,8273.113927330978,5208.027204207645,4590.30866960794,18071.45
Trunk,moderate,0.3493,0.5321,0.9333,0.0,4262.1956969758285,4226.383746011125,8488.58
Hood,moderate,0.2216,0.935,0.8583,0.0,3150.9513711737586,3373.507291933176,6524.46
Windshield,moderate,0.1697,0.5252,0.9455,0.0,1723.9105026070486,0.0,1723.91
Hood,moderate,0.1919,0.6742,0.4057,15770.771925575693,3290.850942261994,2568.1771307857994,21629.8
Bumper,severe,0.5978,0.7081,0.5377,9173.793594408584,4378.352127695433,5461.421302794117,19013.57
Hood,minor,0.0704,0.709,0.7292,0.0,2365.0613839944695,2567.2264265886647,4932.29
Door,moderate,0.3819,0.5453,0.8805,0.0,4950.922523947079,4657.928518436212,9608.85
Trunk,minor,0.0466,0.884,0.7564,0.0,1676.4992226146653,2512.66030703338,4189.16
Light,moderate,0.1828,0.5314,0.5976,0.0,1407.2997527086254,0.0,1407.3
Light,severe,0.3272,0.5908,0.9268,11781.696080859057,1019.1004760807474,0.0,12800.8
Bumper,severe,0.6264,0.7707,0.8614,5973.323070523188,3678.9828589863064,5908.790147809787,15561.1
Windshield,moderate,0.1744,0.611,0.468,0.0,2626.446188592947,0.0,2626.45
Fender,moderate,0.2816,0.4867,0.5417,0.0,3110.599862907202,5098.473138117005,8209.07
Light,minor,0.102,0.8427,0.8229,9190.091687322813,1154.6285824234772,0.0,10344.72
Door,moderate,0.395,0.5481,0.9492,0.0,4219.165302532739,4050.9932866047156,8270.16
Trunk,moderate,0.1959,0.7206,0.5093,0.0,2677.5127185602846,3145.9258962362214,5823.44
Hood,minor,0.0621,0.8765,0.9475,0.0,2063.669785675271,2104.6552590278047,4168.33
Bumper,moderate,0.2471,0.8613,0.6775,8116.291284204521,1684.5619474998473,4252.043758788632,14052.9
Trunk,moderate,0.416,0.6357,0.6585,0.0,3418.312262552107,5180.953683447856,8599.27
Headlight,moderate,0.2329,0.6571,0.5506,0.0,924.9172803160006,0.0,924.92
Trunk,moderate,0.1,0.703,0.4345,10774.326185316075,2740.889313694171,3207.899637268179,16723.12
Door,moderate,0.4354,0.8631,0.6267,0.0,3545.2118447886696,6503.5967146924795,10048.81
Fender,moderate,0.1102,0.9214,0.4855,0.0,2768.817054459251,2980.0299751745124,5748.85
Trunk,moderate,0.1551,0.5666,0.6728,0.0,2600.4596478025246,2314.466474403688,4914.93
Hood,minor,0.0934,0.4922,0.9316,0.0,2038.9373294206853,3387.705592938923,5426.64
Door,severe,0.6444,0.9731,0.7195,11783.06496839572,7425.7050649695475,5548.892990759462,24757.66
Bumper,severe,0.63,0.7172,0.9653,4728.190388947838,4052.6614195924553,5879.1915714034485,14660.04
Windshield,moderate,0.3645,0.719,0.9239,0.0,2862.803884734455,0.0,2862.8
Bumper,moderate,0.1804,0.8218,0.7972,9762.085292414731,2338.3888237416836,3488.6767372737363,15589.15
Light,minor,0.0152,0.5234,0.5335,0.0,792.7126127441344,0.0,800.0
Light,moderate,0.4071,0.8716,0.4752,0.0,1849.7667872677594,0.0,1849.77
Door,moderate,0.3327,0.6736,0.5687,0.0,3426.7091989624696,4465.2540342324955,7891.96
Light,minor,0.0846,0.5486,0.6185,0.0,1069.3215264249625,0.0,1069.32
Light,minor,0.1034,0.7916,0.6419,0.0,1545.4039861223152,0.0,1545.4
Door,minor,0.058,0.4573,0.7623,0.0,2960.2826874828847,1865.2176943926734,4825.5
Headlight,minor,0.0674,0.7007,0.5745,0.0,1282.333032631187,0.0,1282.33
Bumper,moderate,0.1405,0.6903,0.6052,0.0,2507.4565497595686,2011.6527581930004,4519.11
Windshield,moderate,0.3624,0.7321,0.7557,0.0,1645.0580641374106,0.0,1645.06
Hood,moderate,0.3777,0.9653,0.7718,0.0,2756.249754686474,3272.3543729480034,6028.6
Hood,minor,0.0398,0.5396,0.6445,0.0,2345.3999393021695,2717.622261509498,5063.02
Headlight,moderate,0.246,0.4669,0.8836,3621.9723856832534,1076.9213289662803,0.0,4698.89
Light,minor,0.0474,0.6595,0.4624,0.0,881.738528352244,0.0,881.74
Door,minor,0.0255,0.8592,0.4101,0.0,2579.7336636277805,1875.7667968674157,4455.5
Headlight,moderate,0.1946,0.4992,0.9023,3682.0029642618206,857.475649676189,0.0,4539.48
Fender,minor,0.0452,0.9193,0.5371,0.0,2297.3409196250423,2417.8977485890973,4715.24
Hood,severe,0.9212,0.7933,0.9537,17092.71015355029,4873.584853660396,8051.889348559526,30018.18
Bumper,moderate,0.2976,0.4672,0.6637,0.0,2501.7275338186732,3544.4887157111075,6046.22
Hood,minor,0.0563,0.8348,0.6525,0.0,2855.3924451772746,1918.7805089629621,4774.17
Light,minor,0.0739,0.8958,0.6554,0.0,879.4379967418954,0.0,879.44
Fender,minor,0.0302,0.7895,0.8061,0.0,3148.7442170606105,1947.7342658346327,5096.48
Trunk,minor,0.053,0.7109,0.6717,0.0,2527.888631619007,2339.188969414711,4867.08
Trunk,moderate,0.2719,0.8368,0.8716,12286.26429043896,2445.3172164563416,3403.8252880676414,18135.41
Fender,severe,0.5209,0.9397,0.7663,6622.949438056173,4200.618310954437,5340.1515482758,16163.72
Light,moderate,0.1334,0.4981,0.9028,0.0,948.2774200711914,0.0,948.28
Door,minor,0.0815,0.8965,0.5182,0.0,3326.6146123479757,2380.4246072816836,5707.04
Bumper,severe,0.5334,0.7479,0.4967,8791.891833780097,3057.4979751293795,4699.0824518683685,16548.47
Headlight,moderate,0.4531,0.7808,0.6732,0.0,1226.629764952357,0.0,1226.63
Door,moderate,0.2794,0.4832,0.4524,14560.252412491105,2879.082602944135,3175.338733535172,20614.67
Windshield,minor,0.0328,0.6109,0.4114,0.0,1961.6809563697484,0.0,1961.68
Bumper,minor,0.01,0.4503,0.4337,0.0,2453.3742054211475,2111.3696052408623,4564.74
Door,minor,0.0413,0.792,0.7979,13305.013794500821,2950.1759210447863,1932.8032796531802,18187.99
Hood,moderate,0.2643,0.8559,0.5347,14147.204841427802,3556.0284622984896,3965.6270589498763,21668.86
Bumper,moderate,0.3368,0.5239,0.7951,0.0,1895.55443214598,4481.70532165208,6377.26
Trunk,minor,0.0599,0.5226,0.5647,0.0,2854.7510370323707,1694.9242981943398,4549.68
Headlight,minor,0.01,0.7402,0.5775,0.0,815.4340968277891,0.0,815.43
Windshield,moderate,0.4088,0.4562,0.9057,0.0,2563.1443282142077,0.0,2563.14
Bumper,moderate,0.2012,0.5698,0.7326,0.0,1983.8292196376242,3955.2480344277415,5939.08
Trunk,moderate,0.1115,0.7458,0.6127,0.0,3609.199225421523,2715.2149955852074,6324.41
Bumper,moderate,0.4016,0.9429,0.9051,0.0,2734.3626749521777,6064.759424550808,8799.12
Light,moderate,0.341,0.9195,0.8585,0.0,1191.9186146031084,0.0,1191.92
Hood,severe,0.6253,0.5361,0.873,17683.339257243308,4137.865035816442,7001.614668093641,28822.82
Door,minor,0.0835,0.5038,0.8992,0.0,2358.18290679277,3036.9741690705664,5395.16
Fender,minor,0.1314,0.4597,0.4459,0.0,2633.9619578741626,3024.022695887137,5657.98
Fender,moderate,0.2593,0.6073,0.942,3120.0718409640244,3558.6107901291675,4175.873863427623,10854.56
Door,moderate,0.2174,0.466,0.8031,0.0,4044.8919248962225,3719.2948005551543,7764.19
Hood,minor,0.035,0.7042,0.9798,0.0,2345.393970122173,1993.0459990934507,4338.44
Hood,minor,0.0471,0.5054,0.8668,0.0,2220.4477424641136,1878.1409492105688,4098.59
Bumper,minor,0.0231,0.794,0.9623,0.0,1274.6357453886233,1583.6037707618004,2858.24
Bumper,moderate,0.3871,0.51,0.9706,0.0,2279.4267204461116,3261.642253505626,5541.07
Light,minor,0.0865,0.7234,0.8739,0.0,1089.652609246945,0.0,1089.65
Headlight,moderate,0.295,0.4985,0.9716,0.0,1421.049228861504,0.0,1421.05
Bumper,minor,0.0962,0.6558,0.4332,0.0,2096.8821488233802,2562.3625145543724,4659.24
Trunk,severe,0.5204,0.5579,0.9008,13187.604973646208,2661.303136120725,6109.685989606746,21958.59
Hood,minor,0.0254,0.9191,0.7568,0.0,1649.247646247387,2260.91843201634,3910.17
Fender,severe,0.4657,0.9797,0.906,7141.892323423935,4928.236981054892,4578.320422795188,16648.45
Windshield,minor,0.0855,0.5718,0.6688,0.0,2228.669851419322,0.0,2228.67
Windshield,minor,0.0726,0.7575,0.6853,4816.7879107168565,2509.4117544304286,0.0,7326.2
Door,moderate,0.2579,0.4886,0.6087,13407.114667972957,3546.4610720162236,2973.6040645797407,19927.18
Windshield,severe,0.7741,0.6773,0.877,9448.456244615514,3991.6658758004683,0.0,13440.12
Light,moderate,0.2586,0.5429,0.564,9893.52318610425,1168.3423683222848,0.0,11061.87
Fender,minor,0.047,0.7299,0.6833,0.0,2226.7973797269456,2444.8327148755184,4671.63
Windshield,severe,0.3617,0.4667,0.6089,9228.816751978584,3451.2117491846475,0.0,12680.03
Fender,moderate,0.3129,0.9534,0.9107,0.0,3389.4269412931963,4125.707684376476,7515.13
Door,minor,0.0546,0.5679,0.8232,0.0,3447.575263265987,3242.86998287512,6690.45
Fender,moderate,0.2586,0.8293,0.759,0.0,3398.9159535246486,3074.4092696757484,6473.33
Bumper,moderate,0.3502,0.8192,0.5564,0.0,2224.718617336827,4100.764076724771,6325.48
Bumper,minor,0.0256,0.8382,0.8529,0.0,1030.3978840891925,1989.1538045648313,3019.55
Fender,minor,0.01,0.8765,0.6821,0.0,2636.6622527397926,1429.9103451573415,4066.57
Windshield,moderate,0.3277,0.7345,0.4734,6877.289955040697,3037.285705646821,0.0,9914.58
Light,minor,0.0168,0.7348,0.7227,0.0,875.3423993915484,0.0,875.34
Headlight,moderate,0.182,0.9011,0.7406,4028.8421152830633,1759.7373028101122,0.0,5788.58
Windshield,minor,0.0611,0.4816,0.711,9802.318614903254,1441.1293961275558,0.0,11243.45
Bumper,moderate,0.2064,0.5307,0.4696,0.0,2438.8651737249384,2430.340165902689,4869.21
Light,minor,0.0166,0.4548,0.5389,0.0,955.4770512672626,0.0,955.48
Door,severe,0.8155,0.7727,0.978,16138.8086904863,5786.2521387938,9161.649911407629,31086.71
Door,moderate,0.3882,0.4691,0.4699,15907.393877227727,3036.002662397268,4528.682787738528,23472.08
Hood,moderate,0.1526,0.8347,0.9142,0.0,3157.3613080579103,2291.9274139694294,5449.29
Hood,severe,0.4499,0.9052,0.7287,11809.838043841391,3373.234064969634,5307.914833246227,20490.99
Bumper,moderate,0.3139,0.5934,0.9011,7570.374238414797,2078.140870363971,3421.304014520407,13069.82
Hood,moderate,0.2813,0.8313,0.5122,0.0,3685.5252190041783,3097.9532554631337,6783.48
Windshield,moderate,0.1188,0.8215,0.8096,0.0,1608.6322201569856,0.0,1608.63
Windshield,minor,0.01,0.6434,0.4336,0.0,1259.6302736351913,0.0,1259.63
Windshield,moderate,0.358,0.9562,0.6715,0.0,2232.4879006654164,0.0,2232.49
Trunk,minor,0.0497,0.8038,0.4327,0.0,1753.2713993405803,2969.4678373526317,4722.74
Trunk,minor,0.0461,0.7205,0.7171,0.0,1939.7396000038514,1963.5045239568356,3903.24
Headlight,moderate,0.3264,0.8673,0.5631,10338.577943756603,910.100331281708,0.0,11248.68
Hood,severe,0.6087,0.5163,0.6817,15937.290093204694,4679.1177554519,5811.665539959087,26428.07
Door,severe,0.4513,0.7198,0.6247,9033.808668255459,4810.486042416699,3500.2157046460975,17344.51
Door,moderate,0.1093,0.5746,0.6809,10639.962820620207,2700.1007649878316,3594.0495333485323,16934.11
Headlight,severe,0.5169,0.7113,0.5428,3481.153620540317,1546.5253441118905,0.0,5027.68
Light,moderate,0.1,0.9666,0.5388,0.0,981.8272082539783,0.0,981.83
Trunk,moderate,0.4531,0.7554,0.5774,0.0,3003.476357626741,4804.84693935962,7808.32
Fender,minor,0.051,0.609,0.7631,0.0,2631.1199489554874,2958.1614488503774,5589.28
Light,minor,0.0497,0.5329,0.503,0.0,1280.9584882872625,0.0,1280.96
Hood,moderate,0.197,0.8432,0.9326,0.0,2549.8523213037283,2263.3740886252826,4813.23
Windshield,minor,0.0979,0.5767,0.8772,0.0,1782.317147976132,0.0,1782.32
Bumper,minor,0.0696,0.7589,0.9263,0.0,1594.665327004793,3064.4670753003625,4659.13
Fender,moderate,0.319,0.6671,0.495,0.0,3945.406621423878,2831.88648401826,6777.29
Light,minor,0.0286,0.7567,0.6255,0.0,1029.4133366344709,0.0,1029.41
Bumper,minor,0.0459,0.6291,0.4474,7907.584002779016,1278.4374233087642,1784.8078839361933,10970.83
Headlight,moderate,0.2896,0.9593,0.4142,5919.887569095576,1524.778251197247,0.0,7444.67
Light,severe,0.95,0.6462,0.6564,11926.706659080044,3344.411466448706,0.0,15271.12
Headlight,moderate,0.187,0.9108,0.8442,0.0,1535.6714645537634,0.0,1535.67
Hood,severe,0.5244,0.6859,0.4426,11494.959136125748,5409.030228000056,3569.314045766981,20473.3
Windshield,moderate,0.1,0.5221,0.9518,0.0,2292.1261672810238,0.0,2292.13
Bumper,moderate,0.2762,0.6558,0.5803,7922.228671573622,2765.6142465084063,4126.187829148445,14814.03
Trunk,minor,0.0457,0.5619,0.4655,0.0,1960.055505867527,1912.8308163753084,3872.89
Hood,minor,0.0104,0.5629,0.6617,0.0,2599.310630065233,2496.8451553907535,5096.16
Fender,minor,0.1,0.4805,0.5777,0.0,2748.3411611121637,2046.355960580679,4794.7
Fender,moderate,0.2404,0.6508,0.4832,6725.422190139342,2758.2424578122764,3400.364332097155,12884.03
Fender,minor,0.0727,0.5124,0.9009,0.0,1862.0224814437167,2575.0677474802774,4437.09
Hood,moderate,0.2678,0.4631,0.8233,0.0,2426.394241434708,3870.524692144849,6296.92
Fender,minor,0.0588,0.6003,0.5845,0.0,1989.7088320016464,2042.0473041044388,4031.76
Hood,moderate,0.1,0.839,0.6071,0.0,2356.87080908292,3062.255781055656,5419.13
Headlight,minor,0.0754,0.6091,0.5162,0.0,1721.8896809628973,0.0,1721.89
Headlight,severe,0.5247,0.5348,0.5461,10254.54033419998,1352.2472995707165,0.0,11606.79
Bumper,moderate,0.1,0.9157,0.5809,5390.124048966449,1809.2963259890166,2815.5616990995613,10014.98
Hood,minor,0.0168,0.5314,0.8694,0.0,2459.3850611302905,2922.1206015790394,5381.51
Hood,moderate,0.1,0.7051,0.7191,0.0,2159.977447779358,2520.4257365246217,4680.4
Door,moderate,0.3084,0.8668,0.9578,13497.458042224504,4426.13083698595,4437.52175059385,22361.11
Trunk,severe,0.3751,0.7921,0.8513,15193.928104072216,3440.26527131595,5339.7695413871015,23973.96
Light,moderate,0.436,0.5189,0.9741,0.0,1334.7026955528572,0.0,1334.7
Windshield,moderate,0.2228,0.6512,0.5268,9552.849042086138,1605.671139109296,0.0,11158.52
Headlight,moderate,0.1758,0.533,0.6044,8764.251808909125,933.584399431631,0.0,9697.84
Light,moderate,0.3881,0.5573,0.9153,5692.498913165204,1781.8922702266764,0.0,7474.39
Fender,moderate,0.1772,0.8463,0.7178,0.0,2585.0756604030107,3138.5581297843155,5723.63
Hood,moderate,0.243,0.8911,0.5609,0.0,3773.262196665936,2640.443682464865,6413.71
Bumper,minor,0.01,0.4609,0.8746,0.0,1683.4260965348672,2566.5578479641995,4249.98
Bumper,severe,0.6349,0.8997,0.9438,5093.04864235909,3079.406257757804,4481.498061337129,12653.95
Door,minor,0.0967,0.9725,0.8612,0.0,2131.6166507593334,2798.568263734291,4930.18
Hood,moderate,0.2768,0.5228,0.7931,17872.18131166002,2489.7066502092657,4390.467485428174,24752.36
Windshield,severe,0.8835,0.6331,0.4976,8659.345876696243,3688.902405543683,0.0,12348.25
Door,moderate,0.3141,0.9434,0.6898,11821.143622556148,4394.735161760736,4549.439616201435,20765.32
Windshield,minor,0.0412,0.9268,0.7287,0.0,2240.5695337092816,0.0,2240.57
Fender,minor,0.0557,0.6834,0.8628,0.0,2064.952531576336,1841.9959915951345,3906.95
Trunk,severe,0.6201,0.5014,0.8951,18121.06270404464,6093.930296852679,5606.460305047473,29821.45
Fender,severe,0.6399,0.5019,0.7093,4202.228999125412,4127.598779608512,5144.858021326475,13474.69
Hood,moderate,0.213,0.5476,0.7974,0.0,2892.812445429353,3570.4373600891277,6463.25
Bumper,moderate,0.3734,0.7628,0.6736,0.0,3322.8564670754135,4436.604432808332,7759.46
Windshield,moderate,0.1697,0.8518,0.7361,0.0,1965.1380986512777,0.0,1965.14
Trunk,severe,0.6485,0.5766,0.5628,11654.267552028745,3297.717609820984,7845.558824469189,22797.54
Trunk,minor,0.0446,0.9381,0.4152,0.0,1801.3524815570688,2216.610026333581,4017.96
Headlight,minor,0.0683,0.6882,0.9376,0.0,887.7975128185237,0.0,887.8
Fender,moderate,0.2263,0.5641,0.5882,0.0,2395.032045049874,3485.0845393493787,5880.12
Trunk,severe,0.6121,0.9772,0.7676,15412.067266756054,2880.990946120182,6414.955974298637,24708.01
Trunk,moderate,0.192,0.7171,0.4747,0.0,3778.84834591923,3194.58397025227,6973.43
Door,moderate,0.1755,0.7196,0.4369,9063.286172069153,4230.775323880916,2446.0080694277194,15740.07
Fender,minor,0.0656,0.8159,0.697,0.0,2325.4951194791547,2961.9386199093556,5287.43
Fender,moderate,0.1268,0.8961,0.6182,0.0,2653.8712802670957,1976.112485885971,4629.98
Hood,moderate,0.2845,0.5436,0.552,14107.001691615687,3811.4101713947257,3278.333769870186,21196.75
Trunk,minor,0.0699,0.676,0.8972,0.0,2767.730532889559,2572.4482431282586,5340.18
Trunk,minor,0.0323,0.477,0.4894,0.0,2269.390508291211,2967.677983631127,5237.07
Light,severe,0.6471,0.917,0.6156,7466.121063521954,2129.0073646083124,0.0,9595.13
Trunk,severe,0.6425,0.7523,0.8691,11036.43071795497,5302.832527316997,5465.290122499691,21804.55
Windshield,minor,0.0843,0.7088,0.9687,0.0,1289.2158433995098,0.0,1289.22
Windshield,minor,0.0695,0.9396,0.7172,0.0,2169.2127620479464,0.0,2169.21
Door,moderate,0.1,0.6114,0.746,0.0,3013.6535683690413,3793.1040393187877,6806.76
Door,moderate,0.3014,0.6659,0.7015,0.0,3593.166739991036,3211.4402073774013,6804.61
Door,minor,0.0734,0.9337,0.8177,0.0,3251.5086016548967,2739.0424087923393,5990.55
Bumper,moderate,0.4132,0.6203,0.5175,0.0,1532.0751095500702,4083.4592701041665,5615.53
Hood,moderate,0.2863,0.9212,0.9086,0.0,2879.1784578610022,3572.1248681164184,6451.3
Trunk,minor,0.041,0.4717,0.9199,0.0,2765.0264791499417,1799.9824568157094,4565.01
Trunk,moderate,0.1697,0.6769,0.7949,0.0,2510.173434084641,3520.03391902847,6030.21
Fender,moderate,0.1592,0.8469,0.7645,0.0,3481.0332993451266,1961.84097403505,5442.87
Light,severe,0.6084,0.9017,0.9375,7447.980839299073,1728.075096982451,0.0,9176.06
Headlight,moderate,0.2038,0.6349,0.4723,0.0,1575.9187564275185,0.0,1575.92
Headlight,severe,0.656,0.4502,0.6253,5052.312698241056,1029.0859033175593,0.0,6081.4
Trunk,moderate,0.1813,0.6537,0.9019,0.0,2905.575156783516,2939.6799271346013,5845.26
Fender,severe,0.8204,0.7846,0.9538,3824.8588439128152,5661.109966850054,6579.85150197462,16065.82
Headlight,minor,0.0224,0.6043,0.5283,0.0,890.8828571785602,0.0,890.88
Bumper,minor,0.0801,0.472,0.9191,0.0,1738.1270652132828,2873.6976763259754,4611.82
Door,moderate,0.1137,0.5172,0.5703,0.0,2309.2588830095665,2077.0115276242204,4386.27
Trunk,minor,0.01,0.6694,0.9715,0.0,2616.597744510893,1453.9629560560118,4070.56
Door,minor,0.0379,0.9302,0.6535,0.0,3227.7614514195757,2390.470824599118,5618.23
Light,minor,0.0428,0.806,0.7644,0.0,1091.0203441788897,0.0,1091.02
Trunk,minor,0.01,0.4963,0.6602,0.0,2306.487761844372,2583.744138291563,4890.23
Windshield,severe,0.786,0.9655,0.8801,8337.113274604055,4038.580605980291,0.0,12375.69
Hood,moderate,0.2499,0.5573,0.5813,0.0,3113.344930698284,4100.798748600038,7214.14
Hood,moderate,0.2044,0.6022,0.8541,0.0,3334.902407431384,2913.6119136573725,6248.51
Headlight,moderate,0.2367,0.8198,0.6042,0.0,1003.1070477422536,0.0,1003.11
Light,minor,0.0639,0.8745,0.6256,0.0,1724.3476401293274,0.0,1724.35
Hood,moderate,0.1153,0.6965,0.4406,13202.094994821287,2761.5508413639955,2465.6419938423746,18429.29
Light,moderate,0.236,0.7997,0.7525,3980.0742248347387,1084.7153505027654,0.0,5064.79
Bumper,severe,0.5823,0.7909,0.5129,4677.967368325462,2389.1861697448153,4873.484405012289,11940.64
Windshield,minor,0.0482,0.5884,0.7512,0.0,1787.5610611857783,0.0,1787.56
Fender,severe,0.628,0.4745,0.459,7207.459466242187,3119.9021013865477,6514.204731272793,16841.57
Windshield,severe,0.3419,0.5372,0.9266,7044.426884066552,1984.911897680596,0.0,9029.34
Light,moderate,0.2832,0.9494,0.9792,6584.207969587478,1025.6999591903946,0.0,7609.91
Door,minor,0.064,0.527,0.8504,0.0,2490.0056825255506,1700.7107827493692,4190.72
Door,severe,0.5568,0.4517,0.8118,12031.159200459675,4670.3925002153,6328.509022135888,23030.06
Light,moderate,0.1494,0.796,0.6179,3471.58678831846,1819.5833337694642,0.0,5291.17
Headlight,moderate,0.3116,0.909,0.4238,0.0,1944.4114510663599,0.0,1944.41
Windshield,severe,0.6688,0.9118,0.8359,11076.447219063417,2828.7992533198576,0.0,13905.25
Bumper,minor,0.0517,0.7495,0.727,0.0,1798.6087324275713,2370.7907571054634,4169.4
Door,moderate,0.4011,0.7227,0.8031,12607.00066794549,3582.7202601070007,4017.6221915166548,20207.34
Windshield,moderate,0.2902,0.9532,0.4612,0.0,2227.3106469253785,0.0,2227.31
Trunk,moderate,0.2232,0.7764,0.6529,0.0,2581.638648810886,3768.2937796419797,6349.93
Fender,moderate,0.1762,0.7633,0.8274,0.0,2060.6684902214965,3336.5730561713367,5397.24
Fender,minor,0.0336,0.9645,0.8683,0.0,2675.2900763382163,1740.4793447373077,4415.77
Windshield,moderate,0.2915,0.6308,0.8702,11253.570661592525,2660.273333264,0.0,13913.84
Door,minor,0.0785,0.6635,0.9247,0.0,2725.084056594911,1997.295223602607,4722.38
Hood,minor,0.1012,0.8224,0.9407,0.0,1773.1011189685591,2955.9856387270547,4729.09
Windshield,minor,0.015,0.4763,0.7531,0.0,1574.7443373648518,0.0,1574.74
Hood,minor,0.0566,0.507,0.4031,0.0,2167.075087983681,2267.7331868869987,4434.81
Windshield,minor,0.0564,0.76,0.6265,0.0,1799.143536447498,0.0,1799.14
Bumper,minor,0.061,0.6379,0.9227,0.0,1879.168803726659,2139.3666798666586,4018.54
Windshield,minor,0.0493,0.7051,0.6183,0.0,1706.9746921334395,0.0,1706.97
Light,minor,0.06,0.7089,0.755,0.0,1468.5298761692818,0.0,1468.53
Windshield,severe,0.6765,0.5314,0.754,5650.9508225790105,4408.972235977041,0.0,10059.92
Headlight,moderate,0.1884,0.6064,0.5054,2905.8972549250625,1851.9383428465874,0.0,4757.84
Headlight,moderate,0.3837,0.7997,0.6026,0.0,1270.067191096729,0.0,1270.07
Headlight,moderate,0.2129,0.8402,0.5052,5130.220841524495,1380.7105935630505,0.0,6510.93
Windshield,moderate,0.2481,0.5772,0.7947,8925.737157237274,2818.8984662827124,0.0,11744.64
Light,minor,0.0534,0.5719,0.8359,0.0,812.6109949030732,0.0,812.61
Trunk,moderate,0.1504,0.9599,0.9382,0.0,2137.609063895491,2687.3286068819775,4824.94
Windshield,minor,0.027,0.6997,0.7543,12870.847495688811,1385.7758164832724,0.0,14256.62
Bumper,severe,0.4439,0.6641,0.9084,5483.950032958975,2057.282940673395,4345.54876216136,11886.78
Windshield,minor,0.0737,0.5472,0.7972,0.0,1894.1309888467658,0.0,1894.13
Fender,severe,0.6267,0.6073,0.6464,3836.8034502144715,3592.8998302646846,5998.034957748079,13427.74
Fender,minor,0.0622,0.6337,0.7265,0.0,2497.125003769466,2028.3470497785647,4525.47
Light,moderate,0.2134,0.4692,0.5941,6626.987554976675,1624.0718721808253,0.0,8251.06
Light,severe,0.7428,0.4637,0.59,6772.252349822321,2239.312636065534,0.0,9011.56
Hood,minor,0.0357,0.7192,0.951,0.0,2887.8917614551806,2904.67108402814,5792.56
Bumper,minor,0.0658,0.8965,0.9214,0.0,2453.4793902110528,2234.564315024734,4688.04
Hood,moderate,0.182,0.7047,0.8283,17355.885805519192,2140.0889347758134,2799.7961903458245,22295.77
Trunk,moderate,0.2839,0.6687,0.7994,14670.916524932662,3580.4043373943728,4077.4821818343803,22328.8
Fender,moderate,0.1,0.9641,0.6241,0.0,1946.2845163154113,3311.6443726541006,5257.93
Trunk,moderate,0.2328,0.4941,0.4031,0.0,3048.9272719304345,3701.3527637159914,6750.28
Light,moderate,0.2435,0.4877,0.5724,4143.385030937071,858.8142206185026,0.0,5002.2
Bumper,moderate,0.1812,0.6126,0.8049,6543.385025667379,1369.0589597062822,2820.663962110747,10733.11
Fender,moderate,0.1977,0.7549,0.7863,0.0,2866.3969806474133,2781.4481065187865,5647.85
Trunk,moderate,0.3337,0.5446,0.4557,13968.770498245405,3082.1821839158697,5231.080369836312,22282.03
Bumper,minor,0.0707,0.8713,0.8726,0.0,1542.3645425611708,2608.7740202546224,4151.14
Windshield,moderate,0.1,0.7537,0.717,0.0,1421.450809642363,0.0,1421.45
Light,severe,0.4506,0.6318,0.717,5051.451631904791,1582.8290040566449,0.0,6634.28
Windshield,minor,0.0312,0.4798,0.5553,0.0,984.3114694872568,0.0,984.31
Light,minor,0.0451,0.6821,0.4173,0.0,591.1900632401882,0.0,800.0
Fender,minor,0.0868,0.8227,0.5027,0.0,2811.254569255965,2306.0918687104477,5117.35
Hood,moderate,0.2009,0.6707,0.4965,0.0,2482.4846987177157,3565.4014849766963,6047.89
Trunk,moderate,0.4266,0.6337,0.8012,10337.683121168377,2225.4758239921107,5109.612372575487,17672.77
Fender,moderate,0.247,0.8002,0.407,0.0,2765.810548098087,3712.3285659485027,6478.14
Fender,moderate,0.193,0.9726,0.6021,7179.113022755597,2137.955585848757,2326.5408500486947,11643.61
Door,severe,0.5787,0.7171,0.6641,8105.242618805493,6231.49077815282,6491.995679265897,20828.73
Door,moderate,0.263,0.9788,0.6623,0.0,3458.236349617266,3049.4641915989982,6507.7
Hood,minor,0.01,0.7293,0.6624,0.0,2391.290871436058,2006.1741433976251,4397.47
Fender,moderate,0.1451,0.7466,0.5399,0.0,2228.2392177393517,3087.267272322405,5315.51
Light,minor,0.0644,0.5354,0.9502,0.0,1151.9515023564063,0.0,1151.95
Hood,moderate,0.4414,0.7827,0.4605,16497.47426708412,3332.9849502815987,4566.882148328311,24397.34
Windshield,moderate,0.1591,0.9458,0.9195,0.0,1978.2901250334544,0.0,1978.29
Fender,minor,0.0106,0.6596,0.4197,0.0,2110.4836511848785,2819.667905764497,4930.15
Fender,severe,0.6416,0.78,0.696,6508.1637860225865,4149.90173552295,6980.387284552482,17638.45
Door,minor,0.01,0.5714,0.649,0.0,3510.004071332183,2153.2506707122507,5663.25
Headlight,severe,0.3,0.7759,0.7132,0.0,1240.2267138072198,0.0,1240.23
Windshield,severe,0.6691,0.5357,0.953,11828.091167326535,1912.4344433761676,0.0,13740.53
Door,severe,0.6219,0.6262,0.453,9077.451352828837,6175.223199045029,3854.007582232787,19106.68
Windshield,minor,0.0441,0.6623,0.499,0.0,2619.5600917066845,0.0,2619.56
Door,moderate,0.1466,0.6611,0.6961,8790.138077976184,4489.9815387904055,3761.2980710101388,17041.42
Hood,minor,0.0661,0.8071,0.5824,0.0,2145.332850068799,1690.4747896452911,3835.81
Headlight,moderate,0.1,0.798,0.6837,11225.583652932655,685.1858370023862,0.0,11910.77
Windshield,minor,0.0584,0.6641,0.6241,0.0,2286.342601253806,0.0,2286.34
Headlight,moderate,0.1475,0.9201,0.9221,10298.556042265163,1102.762623765354,0.0,11401.32
Headlight,minor,0.0716,0.7504,0.4874,0.0,555.9546629857441,0.0,800.0
Hood,moderate,0.1801,0.677,0.7094,11632.79605516655,3445.9811222880794,2923.3163826965915,18002.09
Fender,minor,0.0545,0.4857,0.807,0.0,2915.202659271507,1974.8510784851962,4890.05
Door,minor,0.0932,0.5831,0.6524,0.0,3739.1667673580437,2036.063405432347,5775.23
Windshield,moderate,0.4253,0.5179,0.8097,4729.213670635566,2166.1213030434387,0.0,6895.33
Headlight,minor,0.0501,0.6732,0.8334,0.0,610.3550375465753,0.0,800.0
Headlight,minor,0.0684,0.8681,0.6363,0.0,782.6395121910226,0.0,800.0
Door,minor,0.0645,0.9318,0.7431,0.0,3660.214042435513,2101.2460868302055,5761.46
Trunk,severe,0.5519,0.898,0.7705,12971.952930127392,5508.428942539956,5620.305862093911,24100.69
Trunk,moderate,0.3474,0.7091,0.7212,0.0,3570.928450003801,3923.8920616392797,7494.82
Headlight,moderate,0.3091,0.4873,0.7667,0.0,1366.4955316239332,0.0,1366.5
Fender,minor,0.0809,0.5214,0.4447,0.0,3573.6917688482295,1995.7060507299393,5569.4
Trunk,moderate,0.3782,0.8072,0.5077,17668.7161603535,4065.209196118235,4210.312724538717,25944.24
Hood,minor,0.0385,0.826,0.602,0.0,2303.2095681259925,2288.4588903172707,4591.67
Fender,minor,0.046,0.832,0.5137,0.0,2518.0331985373036,1862.771100527877,4380.8
Hood,minor,0.0396,0.6725,0.8402,0.0,1825.019432447886,1513.5567158627564,3338.58
Door,minor,0.0119,0.7629,0.9551,0.0,1972.427266788731,2093.500659516624,4065.93
Fender,severe,0.6034,0.6416,0.9698,5232.549363631476,3528.3280444879088,3851.461986569852,12612.34
Hood,minor,0.0615,0.5296,0.9638,0.0,2481.3872152160757,1636.093127689395,4117.48
Fender,moderate,0.3129,0.4635,0.6424,6197.114830780849,2931.8984990954386,4796.761052948357,13925.77
Trunk,severe,0.6803,0.5045,0.4173,14967.426609928603,3662.5219810557874,8008.86450700701,26638.81
Bumper,severe,0.7921,0.9023,0.5776,0.0,4187.715650875711,7072.221089645309,11259.94
Windshield,moderate,0.3382,0.621,0.5819,0.0,1988.403900565291,0.0,1988.4
Hood,moderate,0.219,0.6221,0.4153,0.0,2303.166194673594,2693.6936395075577,4996.86
Bumper,moderate,0.2873,0.6741,0.755,0.0,2016.1965076371037,2695.6214521122456,4711.82
Windshield,moderate,0.1,0.4527,0.9358,0.0,1716.9770272023002,0.0,1716.98
Light,severe,0.6459,0.4736,0.4677,8630.919527217855,2455.937351510852,0.0,11086.86
Fender,minor,0.0397,0.9583,0.4594,0.0,1708.0290764079461,2929.9384894044915,4637.97
Headlight,minor,0.01,0.7878,0.7849,0.0,515.826106296244,0.0,800.0
Bumper,minor,0.0479,0.4527,0.7736,0.0,2254.85737042943,2244.330273278942,4499.19
Hood,moderate,0.1912,0.5079,0.4727,0.0,3122.435394595636,2498.585781762349,5621.02
Fender,moderate,0.1285,0.4912,0.6706,4033.8262549176043,1973.371390381024,2581.256460023571,8588.45
Fender,minor,0.0429,0.9203,0.8733,0.0,3291.6481482497747,3100.7478116330544,6392.4
Door,moderate,0.125,0.764,0.6281,0.0,2856.706179004403,2807.7417710895406,5664.45
Door,severe,0.8424,0.9415,0.8127,11360.442929062618,5577.609091320619,9810.567237302113,26748.62
Bumper,severe,0.6828,0.9536,0.6384,4541.896222686155,4382.668459964937,6542.651063117369,15467.22
Trunk,severe,0.3364,0.5452,0.7541,15046.327051950851,3704.4322554919904,4427.188988687377,23177.95
Light,moderate,0.2805,0.8847,0.5677,0.0,1940.3548324211472,0.0,1940.35
Trunk,severe,0.6529,0.8155,0.6714,15557.182486195925,4442.320390663304,7508.171250409974,27507.67
Fender,minor,0.0626,0.9744,0.8518,6263.092089589127,2143.591570101316,2255.1551615496523,10661.84
Windshield,moderate,0.1,0.8048,0.5227,0.0,1921.4540160847112,0.0,1921.45
Windshield,minor,0.0759,0.7531,0.6205,0.0,1906.518892455065,0.0,1906.52
Light,minor,0.0697,0.8822,0.5747,0.0,1248.0979161774812,0.0,1248.1
Trunk,severe,0.7139,0.6172,0.4622,14392.392074375963,5897.876993766446,5410.650342239902,25700.92
Headlight,severe,0.7456,0.6233,0.4376,5507.366388607747,2907.286242631036,0.0,8414.65
Bumper,minor,0.0685,0.9675,0.72,0.0,1105.4038997309613,2625.2309729495687,3730.63
Trunk,minor,0.0321,0.7101,0.4659,0.0,2885.356359029714,1644.792630780835,4530.15
Hood,minor,0.01,0.7892,0.8287,0.0,2723.4105482498103,1874.3282565921002,4597.74
Trunk,moderate,0.1299,0.8913,0.9472,13674.343949663045,3282.88397742962,2158.100755138433,19115.33
Door,severe,0.5608,0.7743,0.5871,0.0,4120.378111821681,6529.178181811686,10649.56
Fender,minor,0.0789,0.6961,0.7005,0.0,2655.5035987846077,3196.680746244666,5852.18
Light,moderate,0.3528,0.4767,0.6055,0.0,859.6547921372882,0.0,859.65
Windshield,moderate,0.2456,0.5775,0.437,0.0,3128.98606609286,0.0,3128.99
Hood,severe,0.5035,0.8169,0.6768,17285.31241805788,2608.8373624156075,4088.865511468407,23983.02
Bumper,severe,0.6703,0.7938,0.8694,0.0,4020.2399969045796,7365.061704893752,11385.3
Hood,moderate,0.1467,0.5869,0.8923,0.0,3154.8434416357836,3308.913726220372,6463.76
Door,moderate,0.3521,0.6422,0.9626,0.0,5449.450041073421,3877.098612033656,9326.55
Fender,severe,0.6947,0.6766,0.8027,3663.210547121839,5002.908604163394,5491.878532873728,14158.0
Trunk,minor,0.0214,0.4504,0.5102,0.0,1725.5034781414622,1758.6696464334782,3484.17
Headlight,moderate,0.4379,0.5415,0.619,9094.424260366872,1267.6438687430134,0.0,10362.07
Door,severe,0.315,0.6846,0.66,9821.408936102565,3942.858356454352,4385.784555334683,18150.05
Fender,minor,0.0201,0.8333,0.6359,0.0,2182.398172057415,2100.256237041515,4282.65
Trunk,minor,0.0362,0.7896,0.7749,0.0,2037.7633359662502,2773.173455279769,4810.94
Door,moderate,0.1682,0.7958,0.6604,0.0,3781.6369438470547,2364.1545092483575,6145.79
Trunk,minor,0.0126,0.9233,0.888,0.0,1865.5296893080626,2164.1835766923355,4029.71
Hood,minor,0.0891,0.7151,0.887,0.0,2760.0134833394886,1788.5011430419336,4548.51
Fender,minor,0.0609,0.5855,0.9157,5118.400855118377,1744.2878074585965,1829.3410713272638,8692.03
Fender,minor,0.08,0.7307,0.9573,0.0,2411.486436346928,2703.5223114821724,5115.01
Light,minor,0.0157,0.9143,0.8824,0.0,1419.1841149455017,0.0,1419.18
Door,moderate,0.3387,0.8294,0.5763,0.0,4638.119816729742,4424.82337741665,9062.94
Door,moderate,0.1345,0.918,0.6457,0.0,3379.712609215498,2924.304415662067,6304.02
Door,minor,0.0465,0.6266,0.8168,0.0,3429.3128350180523,2266.3557747866435,5695.67
Hood,moderate,0.2701,0.7217,0.5293,0.0,3786.5693408481,3079.874430727053,6866.44
Bumper,minor,0.021,0.8012,0.5724,0.0,1776.9207736053781,1926.7173324625678,3703.64
Fender,moderate,0.1632,0.7957,0.4041,0.0,3468.274307659442,3092.3819775356146,6560.66
Door,severe,0.5273,0.4544,0.8772,13902.008185340403,5991.943811608725,5873.047749861964,25767.0
Headlight,moderate,0.2722,0.6786,0.4604,0.0,1777.3473567916462,0.0,1777.35
Hood,minor,0.0585,0.8095,0.7052,0.0,1796.6022860747391,3052.6135342187495,4849.22
Light,moderate,0.205,0.7239,0.7119,0.0,753.6985611820528,0.0,800.0
Bumper,minor,0.0167,0.58,0.7795,0.0,1931.1450823535483,2113.0599512737253,4044.21
Bumper,severe,0.5238,0.6375,0.9419,7836.804549028062,2569.6398108136636,5549.754725854077,15956.2
Light,moderate,0.1656,0.6073,0.8207,4655.469029632324,1103.8951828733962,0.0,5759.36
Fender,minor,0.0912,0.6148,0.7195,0.0,2229.0956102932064,2482.6386213077362,4711.73
Trunk,minor,0.0728,0.6286,0.9542,0.0,2583.2629938122186,2148.390491627884,4731.65
Headlight,severe,0.7022,0.8239,0.4043,6580.612978381576,2776.529007397339,0.0,9357.14
Fender,severe,0.6603,0.7305,0.503,3399.068511688568,3791.2897527835216,4700.645310322493,11891.0
Light,moderate,0.2759,0.6006,0.7861,0.0,1525.9866878503192,0.0,1525.99
Bumper,severe,0.4815,0.7936,0.8733,8901.420579373962,1615.100683595674,4606.672626063521,15123.19
Light,minor,0.0662,0.7425,0.6677,11135.32222847242,571.1813420259831,0.0,11706.5
Hood,severe,0.6033,0.5817,0.5469,16028.474933216767,3816.48837902942,5343.95128822216,25188.91
Fender,minor,0.0586,0.6814,0.5541,0.0,2156.433851844719,2183.8116307931846,4340.25
Trunk,moderate,0.41,0.6141,0.9185,0.0,2594.8925843098336,4656.101497626318,7250.99
Light,moderate,0.1335,0.9261,0.7612,0.0,1145.2517936120332,0.0,1145.25
Bumper,severe,0.5527,0.6285,0.7114,6329.587123732597,2933.1054310214927,4910.493572197888,14173.19
Door,moderate,0.3339,0.9043,0.619,8446.864635841968,4880.7531151147905,5716.444828689303,19044.06
Light,minor,0.0361,0.835,0.4027,0.0,1252.568467475615,0.0,1252.57
Fender,severe,0.6034,0.4856,0.6554,7561.7809029308655,3494.0883711839138,5575.606204474,16631.48
Windshield,moderate,0.2144,0.676,0.8571,0.0,2028.719162533577,0.0,2028.72
Door,moderate,0.1584,0.7961,0.9138,11855.178425170172,3071.805135303401,2474.4136534421464,17401.4
Light,minor,0.0635,0.8501,0.7039,0.0,826.9560350352222,0.0,826.96
Trunk,minor,0.0726,0.5056,0.5779,0.0,2056.289677715544,1892.9298273474722,3949.22
Light,minor,0.0289,0.8621,0.6672,0.0,1312.513055239664,0.0,1312.51
Bumper,minor,0.0696,0.6922,0.4668,0.0,1231.343508011035,2738.3871975223856,3969.73
Bumper,moderate,0.1,0.8469,0.4677,0.0,2459.0632241884027,2223.6511735887693,4682.71
Headlight,moderate,0.3154,0.7141,0.7683,0.0,1714.0489716999978,0.0,1714.05
Trunk,minor,0.1083,0.7447,0.7682,0.0,3119.688480143472,2541.797355417064,5661.49
Fender,severe,0.426,0.5223,0.7463,7466.119452769758,3062.364666886934,3675.4660965260737,14203.95
Fender,minor,0.0441,0.6143,0.4014,0.0,2131.947152291486,2594.5477951735415,4726.49
Trunk,minor,0.0361,0.5721,0.8238,0.0,2420.4604908611973,1616.2282016683891,4036.69
Bumper,moderate,0.3769,0.6006,0.8861,8140.4906379435,3020.2535075071846,5304.8200286501,16465.56
Trunk,moderate,0.1779,0.8081,0.5442,12613.466600179045,3888.1018289657354,3063.7813056720197,19565.35
Bumper,minor,0.01,0.9126,0.4642,0.0,1770.289173524655,1814.39190080788,3584.68
Trunk,minor,0.0967,0.4753,0.8073,0.0,3107.291088626339,2185.0628235784743,5292.35
Door,moderate,0.3395,0.8464,0.7682,9624.108646165932,4291.440865979147,4276.046621159862,18191.6
Door,moderate,0.2342,0.594,0.9631,0.0,4195.022565516236,4448.325900789776,8643.35
Windshield,moderate,0.2581,0.9705,0.7649,0.0,2103.4249808372883,0.0,2103.42
Bumper,severe,0.6469,0.7504,0.7846,6339.967186850792,3767.41768471909,6606.141591003941,16713.53
Hood,moderate,0.358,0.755,0.6317,0.0,3192.8023353456056,3294.244181423224,6487.05
Fender,severe,0.5004,0.5974,0.8785,3254.523677201014,5370.693059294303,5391.137913854045,14016.35
Headlight,minor,0.0832,0.9064,0.9469,0.0,817.1399752504774,0.0,817.14
Light,moderate,0.2712,0.7464,0.5281,0.0,2004.3826642506458,0.0,2004.38
Door,severe,0.555,0.6144,0.7151,15018.071974937202,6040.146543670641,3985.7918090962016,25044.01
Trunk,moderate,0.2679,0.5582,0.9749,0.0,3284.7705190003862,5049.705303916483,8334.48
Hood,moderate,0.1784,0.6163,0.7643,0.0,2492.216178016702,2181.308489470744,4673.52
Fender,minor,0.0342,0.6706,0.867,0.0,2104.0837009197585,1861.5190657073479,3965.6
Bumper,severe,0.6637,0.7083,0.6447,9444.43501915484,3370.93812654838,6031.171140486497,18846.54
Headlight,moderate,0.1125,0.9681,0.6512,3310.8310867028695,1376.0135628833418,0.0,4686.84
Hood,moderate,0.4267,0.5575,0.4763,0.0,3537.7616611630874,4037.4957359043724,7575.26
Light,minor,0.0604,0.9542,0.4004,0.0,870.6643973781131,0.0,870.66
Bumper,minor,0.0232,0.757,0.5021,0.0,2075.001203295393,2302.3277386365353,4377.33
Hood,minor,0.0689,0.5741,0.8087,0.0,2568.488454926093,3198.2019799492664,5766.69
Bumper,moderate,0.385,0.6689,0.7478,0.0,2686.9898273035624,5216.590845133756,7903.58
Light,minor,0.0506,0.7389,0.5146,0.0,1106.5770148170154,0.0,1106.58
Bumper,minor,0.0445,0.9423,0.6366,0.0,2046.8775122781572,1719.4772776580328,3766.35
Light,minor,0.0583,0.7278,0.557,0.0,1105.1697637091715,0.0,1105.17
Light,moderate,0.1341,0.777,0.621,0.0,1199.3460061860592,0.0,1199.35
Bumper,moderate,0.269,0.5349,0.5413,0.0,2576.811950168788,2957.7724314189295,5534.58
Fender,severe,0.5393,0.7451,0.7058,7816.778100431229,4529.849860919972,4200.371830024358,16547.0
Windshield,moderate,0.3148,0.8589,0.7829,0.0,2428.0181985462755,0.0,2428.02
Hood,moderate,0.2002,0.6802,0.9298,9701.60359226846,3819.2897843089663,3305.906660022135,16826.8
Light,moderate,0.2724,0.8388,0.9251,0.0,995.2767868235151,0.0,995.28
Light,minor,0.0655,0.7953,0.7044,0.0,1369.3049621862447,0.0,1369.3
Hood,severe,0.6489,0.8932,0.7501,15725.607761812287,5118.186523044351,6035.639332496582,26879.43
Headlight,severe,0.7955,0.4898,0.6561,3126.8042136532727,2686.238737519977,0.0,5813.04
Light,minor,0.0529,0.5752,0.5757,0.0,1461.797861816366,0.0,1461.8
Headlight,moderate,0.255,0.5172,0.4952,0.0,979.0808092579827,0.0,979.08
Fender,severe,0.5349,0.9476,0.9285,3112.3886992976054,2810.1110748092287,4223.480143007247,10145.98
Fender,moderate,0.2237,0.4948,0.8275,0.0,2594.655695201815,3183.1921062609285,5777.85
Door,moderate,0.3598,0.9152,0.8136,13182.770892186987,5603.546669737993,4750.894660075883,23537.21
Light,minor,0.0722,0.8267,0.5046,0.0,977.8515184970852,0.0,977.85
Hood,moderate,0.2816,0.8051,0.8614,0.0,2780.7477396077143,2401.1357240357815,5181.88
Trunk,moderate,0.1855,0.6157,0.4033,0.0,2836.118384364394,2794.8972483156235,5631.02
Windshield,minor,0.0599,0.6105,0.7209,0.0,1870.771166788313,0.0,1870.77
Windshield,moderate,0.1692,0.7012,0.6329,9860.047847308248,1385.3050360954437,0.0,11245.35
Light,minor,0.0394,0.8678,0.5561,0.0,1409.2002753691393,0.0,1409.2
Hood,moderate,0.2872,0.6697,0.9533,0.0,4247.574510796297,4240.826767666991,8488.4
Fender,minor,0.0335,0.5799,0.578,0.0,3088.8029762855635,1941.8069504330633,5030.61
Door,minor,0.01,0.4696,0.6862,0.0,2569.449558261289,2576.9016661717055,5146.35
Headlight,moderate,0.3628,0.6511,0.8478,5646.051050164544,861.0222791368566,0.0,6507.07
Bumper,minor,0.01,0.684,0.6292,0.0,1708.6026304575512,1525.7389607600612,3234.34
Windshield,moderate,0.176,0.6576,0.7761,0.0,2229.663576261673,0.0,2229.66
Door,minor,0.0648,0.9686,0.6316,0.0,2978.989666946632,2115.0085201099146,5094.0
Hood,minor,0.0561,0.5191,0.8971,0.0,2821.526468065281,2693.9984401499855,5515.52
Bumper,moderate,0.2244,0.6344,0.866,0.0,1736.3272887861654,2466.6982100537566,4203.03
Windshield,minor,0.0356,0.5301,0.928,0.0,1978.1842363584044,0.0,1978.18
Light,minor,0.01,0.4914,0.8854,0.0,1219.0949772863614,0.0,1219.09
Bumper,moderate,0.1984,0.7752,0.9001,0.0,2613.4709945808563,3566.3560513543157,6179.83
Light,severe,0.5753,0.5167,0.4899,10152.488813808106,2519.1898172588153,0.0,12671.68
Hood,severe,0.4779,0.5081,0.679,15103.469833566027,3044.4466524288655,5405.120139749539,23553.04
Bumper,moderate,0.2383,0.6375,0.5477,0.0,1791.5929805079109,2839.002070498518,4630.6
Bumper,moderate,0.3485,0.9523,0.7823,10241.993018813211,2092.6158432284756,4063.1092445059944,16397.72
Hood,minor,0.0434,0.8237,0.5201,0.0,1927.169779202691,2453.4319586287743,4380.6
Trunk,moderate,0.3175,0.9462,0.8942,18673.374309411403,3604.4144101645606,3562.837322054956,25840.63
Trunk,moderate,0.2136,0.64,0.9261,15858.241503810697,3823.53966714333,2866.781143143559,22548.56
Door,moderate,0.1,0.6197,0.6223,0.0,2954.7020457259246,2482.2209519598646,5436.92
Trunk,severe,0.6502,0.7443,0.5689,12249.724029428919,4182.790550226393,6528.208997621168,22960.72
Trunk,minor,0.01,0.8521,0.7509,0.0,2007.091503094993,2165.039415864071,4172.13
Door,severe,0.3869,0.6964,0.4039,8378.421656784325,3960.148633926236,3805.867788863556,16144.44
Trunk,moderate,0.4155,0.6959,0.599,17396.69007140081,4437.253764199407,3291.9571326304963,25125.9
Door,minor,0.0193,0.6187,0.8005,0.0,2074.6165055168094,2324.7778826542185,4399.39
Fender,minor,0.0501,0.6913,0.7202,0.0,1524.4502607082961,2793.1118939514936,4317.56
Hood,moderate,0.2555,0.9226,0.4337,0.0,2462.439544378925,4685.209249353643,7147.65
Light,moderate,0.2484,0.9799,0.8123,0.0,1126.6152274879055,0.0,1126.62
Hood,minor,0.0885,0.7581,0.4613,0.0,3005.6683024206523,3262.164671146582,6267.83
Trunk,minor,0.0656,0.5908,0.595,0.0,2018.1701306994837,2469.1002778997363,4487.27
Headlight,minor,0.0186,0.5138,0.6955,0.0,609.2486695189166,0.0,800.0
Fender,minor,0.0604,0.817,0.4525,0.0,2015.785420764422,2766.2661648503536,4782.05
Trunk,moderate,0.3018,0.8541,0.909,0.0,2541.5965542762847,4571.066785111323,7112.66
Door,moderate,0.1588,0.7334,0.9036,0.0,3498.9775940385266,2971.7662930862275,6470.74
Trunk,minor,0.0236,0.7747,0.9189,0.0,3208.289227588239,3040.798817838279,6249.09
Bumper,minor,0.0626,0.6602,0.8184,0.0,1935.7945031532574,3047.524468559786,4983.32
Bumper,moderate,0.1909,0.7769,0.7858,4586.434083630514,2339.114134636552,3085.7853004118697,10011.33
Door,moderate,0.3916,0.4524,0.56,7579.061094201403,4500.722504897297,5819.387863136859,17899.17
Hood,moderate,0.2025,0.8452,0.8179,0.0,3865.3011233935076,4473.628554459156,8338.93
Bumper,moderate,0.2811,0.7889,0.9172,6603.387229672471,2656.220141625258,3835.7173532085035,13095.32
Hood,severe,0.48,0.9392,0.5354,13480.611373248908,3413.900422605863,6245.297105303603,23139.81
Hood,severe,0.7416,0.4963,0.9561,16292.20814509202,3236.049480071193,5801.033236851389,25329.29
Fender,minor,0.0264,0.7551,0.9262,0.0,2174.3767036578265,3082.0227702917246,5256.4
Bumper,moderate,0.2424,0.6404,0.5911,0.0,2471.9382554504746,2560.277156753166,5032.22
Trunk,minor,0.0263,0.9342,0.662,0.0,2761.5353360726185,1601.2620307307513,4362.8
Trunk,severe,0.5761,0.5933,0.517,14152.171663643212,3831.3434087444525,5094.029204594379,23077.54
Light,moderate,0.1195,0.4533,0.5415,0.0,1032.6795766000414,0.0,1032.68
Trunk,minor,0.0852,0.8213,0.8145,0.0,1979.6284741603467,2882.915176663325,4862.54
Door,moderate,0.4257,0.7357,0.7192,10005.04737891708,4420.386225462271,4611.7691524557285,19037.2
Door,minor,0.01,0.4959,0.494,0.0,3772.7124173634693,2531.4633036134546,6304.18
Bumper,severe,0.5584,0.9707,0.8344,7181.349575175759,2593.816572019791,4381.719782006884,14156.89
Bumper,moderate,0.4132,0.5986,0.9321,6736.076084293861,2880.197094486003,4507.286777310358,14123.56
Light,moderate,0.1547,0.6288,0.6306,0.0,1401.1554321944136,0.0,1401.16
Bumper,severe,0.3897,0.5361,0.9718,8588.091477274822,2164.02875991899,3860.3226180818256,14612.44
Headlight,moderate,0.2777,0.9244,0.5664,0.0,1489.9569491963202,0.0,1489.96
Headlight,moderate,0.2678,0.9111,0.4617,6301.20026859698,1350.1719143270373,0.0,7651.37
Light,severe,0.5612,0.905,0.5293,9770.970637583454,1251.083519310457,0.0,11022.05
Light,moderate,0.2973,0.8759,0.8405,0.0,1386.0044145072823,0.0,1386.0
Bumper,minor,0.1034,0.6204,0.9143,0.0,2530.4839747718765,3014.2553714327287,5544.74
Windshield,moderate,0.3611,0.5219,0.4519,0.0,3150.97075083954,0.0,3150.97
Fender,moderate,0.1,0.8998,0.4785,0.0,2709.4026405712484,2588.863001242031,5298.27
Headlight,moderate,0.275,0.6973,0.5866,3976.5121986375393,1425.829541956253,0.0,5402.34
Light,minor,0.0559,0.6849,0.719,0.0,1381.8866607461607,0.0,1381.89
Windshield,minor,0.0189,0.6593,0.7589,0.0,1974.3879010604512,0.0,1974.39
Light,moderate,0.4171,0.7711,0.5037,6930.239589328841,1897.8589974359916,0.0,8828.1
Bumper,moderate,0.2651,0.7869,0.4665,5330.215357377765,3159.6940419167604,4491.549676950153,12981.46
Door,severe,0.6849,0.9575,0.6149,0.0,5545.306331055337,5153.02604526718,10698.33
Fender,moderate,0.103,0.488,0.7577,3327.5309135984544,2157.626638168929,2516.0073528903836,8001.16
Headlight,moderate,0.3129,0.4582,0.737,3759.6154925673745,968.2517190463395,0.0,4727.87
Headlight,minor,0.0955,0.6235,0.8494,0.0,1174.2207030356124,0.0,1174.22
Door,minor,0.0147,0.7843,0.6033,0.0,2825.914567380019,1602.0228714924635,4427.94
Fender,minor,0.042,0.4955,0.5205,0.0,1579.5578947089568,1961.3054094813112,3540.86
Fender,minor,0.042,0.605,0.8115,4073.398704446304,2416.823369889027,2982.90402317107,9473.13
Windshield,moderate,0.1,0.9221,0.8854,0.0,1995.2837757973728,0.0,1995.28
Trunk,moderate,0.3215,0.6952,0.515,10530.2414039329,3563.932562354262,2882.6180285964047,16976.79
Fender,moderate,0.1,0.63,0.6654,0.0,2287.2956083706426,1940.8084603803136,4228.1
Light,minor,0.0308,0.6952,0.7698,0.0,1231.9526270582433,0.0,1231.95
Light,minor,0.0431,0.9019,0.7509,0.0,1417.0027129121142,0.0,1417.0
Fender,moderate,0.3524,0.7535,0.7759,0.0,3609.042408231994,4471.635328282374,8080.68
Hood,minor,0.0741,0.8062,0.7048,0.0,2306.887859514647,3063.6242657536695,5370.51
Trunk,severe,0.612,0.7737,0.7325,15019.11517540576,3467.3072231528668,7379.356970687624,25865.78
Headlight,moderate,0.2094,0.7882,0.7527,10682.668509345182,1679.6667627676497,0.0,12362.34
Door,minor,0.0546,0.7681,0.9352,0.0,2700.235079547602,1730.6792296802726,4430.91
Bumper,minor,0.01,0.6966,0.7424,0.0,1291.3009493962943,2112.065834268359,3403.37
Door,moderate,0.264,0.6616,0.5602,7979.9485800574275,3113.9437543538734,2693.9074861249114,13787.8
Headlight,minor,0.072,0.4852,0.6785,0.0,1053.8336785103106,0.0,1053.83
Headlight,minor,0.0404,0.6831,0.4077,0.0,825.9531689386445,0.0,825.95
Fender,minor,0.0355,0.6879,0.8268,0.0,1573.2424965591129,2098.347938918148,3671.59
Hood,severe,0.6012,0.5556,0.4215,11751.077358520388,3703.007927232855,4570.447614415615,20024.53
Windshield,minor,0.0374,0.8043,0.5026,0.0,2268.1651697189163,0.0,2268.17
Door,moderate,0.1,0.4545,0.8825,0.0,4234.725466399132,3111.26920654938,7345.99
Fender,severe,0.7305,0.8598,0.9126,0.0,3323.653602902076,6347.0357654772315,9670.69
Windshield,severe,0.6381,0.5637,0.4937,0.0,2758.783648137121,0.0,2758.78
Bumper,moderate,0.1932,0.7496,0.4528,10101.242783613257,1784.9203468614708,2906.92049619034,14793.08
Bumper,severe,0.6514,0.5323,0.7128,7813.462227638582,2591.458123506008,4482.659032461079,14887.58
Fender,minor,0.0291,0.7749,0.6043,0.0,2855.1666291137476,2352.2829289418573,5207.45
Bumper,minor,0.0298,0.9275,0.7184,0.0,1211.2519332482664,1853.4886832208654,3064.74
Headlight,minor,0.0337,0.8588,0.4206,0.0,860.7014048897997,0.0,860.7
Bumper,severe,0.5707,0.8867,0.8996,8987.675602835356,3094.904288729288,5549.30570055375,17631.89
Light,moderate,0.1252,0.6994,0.5376,0.0,777.0894911186147,0.0,800.0
Headlight,minor,0.1136,0.7788,0.7232,0.0,790.4633893725894,0.0,800.0
Light,minor,0.0508,0.6722,0.7387,0.0,808.4691803923308,0.0,808.47
Door,minor,0.0291,0.6771,0.6518,0.0,2449.397308678639,2195.7859733806067,4645.18
Headlight,moderate,0.1954,0.463,0.7271,0.0,735.0205900972695,0.0,800.0
Fender,minor,0.024,0.7038,0.8029,0.0,2759.606596316605,2151.503816714018,4911.11
Headlight,moderate,0.1654,0.4978,0.5063,0.0,959.1059662200088,0.0,959.11
Fender,moderate,0.5,0.976,0.5547,0.0,2541.0619460852513,4729.933511638264,7271.0
Trunk,moderate,0.2789,0.5271,0.7631,0.0,3153.094824285215,2300.4820038035105,5453.58
Light,moderate,0.2916,0.691,0.524,11443.93115625126,864.7699942903758,0.0,12308.7
Hood,moderate,0.2715,0.5061,0.409,0.0,3962.61689297146,3286.4394404569903,7249.06
Trunk,severe,0.7664,0.8312,0.4127,12360.03066457759,5575.843237880685,7953.799434973764,25889.67
Fender,moderate,0.217,0.6579,0.7412,0.0,2758.755781568535,3583.473436027845,6342.23
Door,moderate,0.2219,0.5156,0.5042,0.0,3150.7786299732743,4686.564238432955,7837.34
Bumper,minor,0.0218,0.6396,0.7725,0.0,1886.570790940178,1994.0217124724143,3880.59
Bumper,moderate,0.294,0.6819,0.6531,8925.75277670415,2821.577705563908,4670.721749161534,16418.05
Headlight,minor,0.0639,0.9103,0.5243,0.0,1306.6020496561807,0.0,1306.6
Light,minor,0.058,0.6144,0.5425,7600.226505936661,1065.8420827464197,0.0,8666.07
Headlight,moderate,0.2999,0.964,0.4223,6637.128711134335,921.1116192748857,0.0,7558.24
Trunk,minor,0.0402,0.9663,0.6935,0.0,2306.069033568418,2917.034469991348,5223.1
Bumper,minor,0.01,0.6652,0.5291,0.0,1723.1693434504155,2099.764523622163,3822.93
Bumper,minor,0.0921,0.5478,0.5784,0.0,1949.6286273214173,3027.674711864551,4977.3
Door,severe,0.4968,0.9659,0.4306,13672.669668149068,3913.3264272999727,4509.312439738372,22095.31
Windshield,moderate,0.1499,0.4758,0.4417,8329.011141849838,1722.739771708548,0.0,10051.75
Hood,moderate,0.1719,0.8371,0.9226,0.0,3065.421851343277,2392.62527369756,5458.05
Light,moderate,0.2488,0.9327,0.7478,11928.195420566439,1622.6823444255692,0.0,13550.88
Fender,moderate,0.2512,0.769,0.4244,0.0,3696.7272698285824,3025.865974194002,6722.59
Trunk,minor,0.0204,0.7246,0.588,0.0,2244.9246144282315,2038.8891460958116,4283.81
Trunk,minor,0.0527,0.5079,0.6036,0.0,3070.058704053173,1684.3300263576511,4754.39
Headlight,moderate,0.1,0.6639,0.8463,0.0,1194.1302705023845,0.0,1194.13
Door,severe,0.4303,0.6941,0.9098,9366.91986549527,4518.065209234518,3540.5803837407193,17425.57
Hood,minor,0.0595,0.6173,0.4808,0.0,2727.4338010171646,2039.2437409460156,4766.68
Fender,moderate,0.1,0.6533,0.6863,3533.2762816782965,1989.4723007328423,2778.7190422006383,8301.47
Light,moderate,0.373,0.5793,0.6512,7697.3329128099585,768.6370395480926,0.0,8465.97
Headlight,minor,0.0305,0.9325,0.425,0.0,987.6095866169735,0.0,987.61
Door,severe,0.4303,0.5831,0.8493,11349.672056552226,4475.693169259878,3974.8547687667938,19800.22
Headlight,minor,0.0127,0.813,0.6876,0.0,753.4356872175704,0.0,800.0
Windshield,moderate,0.2705,0.4581,0.9732,0.0,2646.209850121359,0.0,2646.21
Door,severe,0.5425,0.6888,0.6704,13201.094114531199,4662.305886557568,6076.573999261724,23939.97
Light,minor,0.0633,0.8848,0.5333,0.0,1190.6817611706033,0.0,1190.68
Light,minor,0.0361,0.9282,0.7329,0.0,543.1682371843317,0.0,800.0
Door,minor,0.0487,0.7493,0.4012,0.0,2435.3212348247744,1753.330605144599,4188.65
Windshield,moderate,0.1049,0.9194,0.4724,8463.594904287685,2487.1463248943687,0.0,10950.74
Trunk,moderate,0.4241,0.8663,0.4436,11165.725567077367,3106.144643582553,5063.2483976608155,19335.12
Windshield,minor,0.01,0.7721,0.6377,0.0,1683.6368469132617,0.0,1683.64
Headlight,moderate,0.2184,0.5428,0.669,0.0,769.8535675425649,0.0,800.0
Door,severe,0.9226,0.6101,0.7735,9732.910387505246,8442.1325263495,6716.405670953093,24891.45
Hood,severe,0.5427,0.5582,0.7444,11244.10936527825,4313.350723065325,4475.42367479833,20032.88
Headlight,severe,0.7101,0.7627,0.7829,3590.750255006164,2894.7696934366263,0.0,6485.52
Fender,moderate,0.3636,0.7831,0.4251,0.0,3921.971699556735,4485.200118778137,8407.17
Fender,minor,0.0217,0.6102,0.9142,7941.202956290545,2130.1542500858914,2418.1104691056617,12489.47
Headlight,minor,0.1212,0.9184,0.9252,0.0,1136.1071648794948,0.0,1136.11
Headlight,moderate,0.4203,0.5663,0.5836,10801.847522178734,953.7069692553373,0.0,11755.55
Headlight,severe,0.6207,0.6614,0.8166,8641.266251996614,1216.3061820916098,0.0,9857.57
Door,severe,0.4519,0.5302,0.8212,13065.069297144706,3627.0647568327895,4213.876229282313,20906.01
Trunk,severe,0.4972,0.9702,0.5124,13446.296658065234,2890.1900980291875,5391.293673102224,21727.78
Fender,moderate,0.3017,0.9368,0.8964,6819.1718037115215,3856.7297105878897,3471.3419782295796,14147.24
Headlight,moderate,0.3066,0.8636,0.8891,0.0,1819.475625987052,0.0,1819.48
Fender,moderate,0.2811,0.5568,0.6369,5986.5867834524815,3093.5346162497012,2758.0994772062973,11838.22
Light,minor,0.0174,0.6404,0.5109,0.0,843.546799583804,0.0,843.55
Headlight,minor,0.0696,0.4942,0.4325,0.0,516.2487924902592,0.0,800.0
Windshield,minor,0.0474,0.6716,0.6032,0.0,1134.2169069841948,0.0,1134.22
Bumper,minor,0.0567,0.6456,0.8801,0.0,1460.3136352604004,2640.1608276027123,4100.47
Headlight,moderate,0.1739,0.8355,0.9251,0.0,1501.415945853588,0.0,1501.42
Light,minor,0.01,0.5049,0.4262,0.0,598.371891863106,0.0,800.0
Trunk,moderate,0.1156,0.9294,0.6646,0.0,2981.9409375801824,3546.9814697564134,6528.92
Light,moderate,0.2927,0.5119,0.4903,8160.166921922388,1625.9596367730985,0.0,9786.13
Windshield,minor,0.0438,0.65,0.645,0.0,1197.9475760634216,0.0,1197.95
Hood,minor,0.0396,0.909,0.6414,0.0,2083.1373425567376,2051.5483860854683,4134.69
Headlight,moderate,0.4189,0.4974,0.5765,0.0,879.8691806879297,0.0,879.87
Bumper,severe,0.5547,0.7913,0.448,6663.436731056964,3045.152305949907,4030.439416329481,13739.03
Trunk,severe,0.7271,0.7866,0.5119,11149.004065062847,4942.3361522711775,7256.930094583776,23348.27
Bumper,moderate,0.106,0.6869,0.4083,0.0,1996.4657859374042,2125.163251604776,4121.63
Trunk,moderate,0.2925,0.6953,0.5504,16229.003895328991,3457.7704013533057,3717.5472563661947,23404.32
Hood,minor,0.0756,0.6873,0.7175,17517.870896692493,1866.2981563772137,2298.5184578861067,21682.69
Bumper,minor,0.01,0.6707,0.713,0.0,1384.25094164706,2503.096782221758,3887.35
Hood,moderate,0.1,0.8061,0.4069,16325.764485664113,2597.5249957010114,2702.1196215156588,21625.41
Headlight,minor,0.0336,0.6592,0.8586,0.0,810.9128672116976,0.0,810.91
Trunk,severe,0.8638,0.9344,0.7725,15366.724984012315,5586.963571655122,6231.599872279186,27185.29
Bumper,severe,0.5618,0.9714,0.5704,9283.255663220632,2405.9673910341457,3620.595657444976,15309.82
Fender,moderate,0.2987,0.9342,0.4588,7206.980004851878,3416.1897279222094,4446.865807013586,15070.04
Bumper,minor,0.0109,0.5889,0.6101,0.0,1432.218128214972,1861.0519171873214,3293.27
Hood,moderate,0.3747,0.4656,0.8995,13299.97639458707,3824.5075787157602,6039.498996617844,23163.98
Light,moderate,0.2092,0.8447,0.419,3915.4550378772406,1020.646361054138,0.0,4936.1
Door,severe,0.3549,0.5298,0.8348,9330.181242729268,4039.813833020576,3556.145126939747,16926.14
Door,severe,0.8506,0.7018,0.877,11307.5459430134,7691.7678664725445,6094.37317842376,25093.69
Windshield,moderate,0.2337,0.7003,0.51,0.0,1977.0942449150514,0.0,1977.09
Headlight,moderate,0.2689,0.7559,0.9068,0.0,1469.6871845000767,0.0,1469.69
Fender,moderate,0.3678,0.6053,0.5895,4012.274070509186,3547.750725468115,3273.0975097927453,10833.12
Trunk,moderate,0.2562,0.8512,0.559,13565.446280421633,4149.129574025069,2651.4931846458016,20366.07
Trunk,moderate,0.3881,0.5247,0.9389,0.0,4296.668013387732,3141.202693195606,7437.87
Light,severe,0.5892,0.5866,0.7064,9622.242106972319,1116.256546520445,0.0,10738.5
Hood,severe,0.4375,0.8656,0.5797,11027.272896215425,4453.262958304297,4073.332035875809,19553.87
Door,moderate,0.3618,0.5206,0.666,0.0,4574.000244085499,3208.0915056272634,7782.09
Hood,moderate,0.2228,0.6729,0.6549,15384.255710632397,3707.6376829498945,3310.8767117741045,22402.77
Fender,minor,0.026,0.7403,0.9523,0.0,2580.210530071882,2464.5455498434962,5044.76
Bumper,severe,0.7217,0.5122,0.4773,6365.072159821007,3571.2163506156653,5945.9982549356455,15882.29
Fender,minor,0.0241,0.8526,0.9341,0.0,1638.4849081559876,2991.9869401809146,4630.47
Bumper,moderate,0.2809,0.6397,0.4572,0.0,1288.6318267471122,3022.187159202515,4310.82
Door,minor,0.0435,0.8826,0.5665,0.0,2706.392099021111,2033.8117814114137,4740.2
Door,severe,0.5692,0.8877,0.9378,10173.432178887426,6413.483530715439,5734.93646337319,22321.85
Headlight,moderate,0.2175,0.9349,0.687,0.0,1747.928660884081,0.0,1747.93
Light,moderate,0.1724,0.8017,0.9298,0.0,841.2572797060976,0.0,841.26
Hood,minor,0.0256,0.6155,0.8171,0.0,2659.1635951934186,2707.6064452046776,5366.77
Bumper,severe,0.653,0.6286,0.4889,4529.1956230071755,4489.719077458432,7467.787502677386,16486.7
Light,severe,0.6388,0.7394,0.8147,7274.647140510945,1398.1867103135976,0.0,8672.83
Trunk,moderate,0.2801,0.9374,0.5436,0.0,4259.167841800325,3366.157621556151,7625.33
Fender,minor,0.0703,0.8846,0.5659,0.0,2639.3182734080638,2103.844427192939,4743.16
Hood,minor,0.0294,0.5158,0.7582,0.0,2787.7980268237247,2580.0197129364824,5367.82
Fender,minor,0.0837,0.6463,0.5504,0.0,1900.5068717004674,1810.673923670257,3711.18
Door,severe,0.5554,0.9357,0.9586,12393.993493871485,4587.211657802824,7307.180880277673,24288.39
Hood,severe,0.6882,0.8396,0.5851,13358.922674443269,3582.2123787705136,5268.495092472172,22209.63
Hood,minor,0.0299,0.8467,0.5824,0.0,2641.2739713032556,2274.5799110286816,4915.85
Headlight,minor,0.0584,0.905,0.888,0.0,803.4180239430318,0.0,803.42
Bumper,minor,0.0623,0.5634,0.5731,0.0,2267.9514512263972,2030.9095234025217,4298.86
Bumper,severe,0.7334,0.7242,0.7094,6521.23279495901,4546.887077362796,6930.87654833419,17999.0
Headlight,severe,0.4804,0.724,0.7359,6983.863069737301,1860.126215447923,0.0,8843.99
Windshield,minor,0.0864,0.7906,0.6888,0.0,1896.2493136287605,0.0,1896.25
Light,minor,0.0718,0.636,0.8619,0.0,574.1124555228942,0.0,800.0
Headlight,severe,0.7716,0.8927,0.9732,10956.697035917334,1594.402337732925,0.0,12551.1
Hood,severe,0.5882,0.6697,0.6584,11076.810745696694,4284.277871972135,5583.5809116109485,20944.67
Bumper,severe,0.7182,0.7054,0.4651,5707.411328736065,4968.813045331264,5978.715804040302,16654.94
Windshield,moderate,0.293,0.9405,0.9304,0.0,2537.5888631830344,0.0,2537.59
Trunk,moderate,0.266,0.9466,0.8757,16997.80024871146,2787.8419860379145,3352.923923930003,23138.57
Door,severe,0.5996,0.7727,0.8261,14123.607953640334,5486.792803560843,5093.6149769142285,24704.02
Fender,minor,0.0379,0.9067,0.9737,0.0,2163.4338991310406,2624.07120270136,4787.51
Fender,severe,0.3,0.8911,0.7637,4321.6893519589785,3166.4332691649247,2744.452708383314,10232.58
Trunk,moderate,0.1085,0.5211,0.4863,14099.964212861154,3366.4498724787613,2977.584046155817,20444.0
Hood,minor,0.0576,0.8809,0.5416,0.0,1863.8065573388033,1976.9142184041573,3840.72
Fender,minor,0.0255,0.835,0.7193,8396.397967673534,2510.6490470692847,1927.4170190375592,12834.46
Windshield,minor,0.0461,0.8486,0.4948,0.0,2394.2058247754367,0.0,2394.21
Fender,severe,0.529,0.6863,0.8554,5292.41289286292,3143.840737705663,4605.344523394409,13041.6
Door,moderate,0.1947,0.5631,0.9174,8225.71839792325,2601.898484489748,2406.757076097809,13234.37
Hood,moderate,0.2909,0.9574,0.9571,0.0,3388.761654859287,3157.932243035385,6546.69
Headlight,moderate,0.1958,0.6781,0.5122,5347.328292763428,1593.3962614962861,0.0,6940.72
Windshield,moderate,0.5,0.7369,0.6643,0.0,2476.6866472614465,0.0,2476.69
Light,severe,0.95,0.7708,0.7059,9379.589813221144,2434.6617251891475,0.0,11814.25
Headlight,minor,0.01,0.8797,0.8036,0.0,760.3771981688989,0.0,800.0
Headlight,severe,0.5416,0.6391,0.5114,8288.477190900823,2291.422979908539,0.0,10579.9
Headlight,moderate,0.3491,0.5505,0.7301,7249.4036868247385,1814.2222558117398,0.0,9063.63
Trunk,severe,0.3558,0.6756,0.7984,14278.776562227562,3356.22731045142,3644.161654702466,21279.17
Door,moderate,0.3248,0.5683,0.9468,0.0,4109.528649723353,4790.09132797909,8899.62
Fender,minor,0.1289,0.6875,0.7932,0.0,3167.9364604055395,3154.155736697614,6322.09
Windshield,severe,0.3222,0.8834,0.736,10726.736257943336,3628.039085054935,0.0,14354.78
Bumper,moderate,0.2296,0.6028,0.4567,0.0,2569.1340114445343,3450.1942034493186,6019.33
Door,minor,0.065,0.628,0.5913,0.0,3577.5916038800237,3138.680924533136,6716.27
Door,minor,0.0888,0.8634,0.9027,0.0,2821.7415586927723,2392.8140732632746,5214.56
Trunk,minor,0.0336,0.8587,0.5346,0.0,2510.1693343745237,2437.3394886614296,4947.51
Hood,minor,0.0311,0.9234,0.4857,0.0,1990.0000522112034,2097.864724573916,4087.86
Hood,moderate,0.3239,0.6688,0.6617,0.0,3185.3399430189256,3162.409204494273,6347.75
Door,minor,0.1105,0.8337,0.8543,0.0,2998.650643181024,2429.8547177970845,5428.51
Fender,severe,0.419,0.7443,0.6776,7746.070675559946,4710.246276324193,4701.9405131151725,17158.26
Fender,moderate,0.216,0.8098,0.864,3285.627784841908,3098.206713252087,4604.583872293485,10988.42
Headlight,minor,0.0355,0.4602,0.4764,0.0,949.605210753502,0.0,949.61
Headlight,moderate,0.1875,0.7866,0.441,10835.209205056084,747.1523368431622,0.0,11582.36
Windshield,minor,0.0411,0.4828,0.7971,0.0,1079.21198384627,0.0,1079.21
Trunk,severe,0.3798,0.702,0.4868,12173.08104109041,3359.8763255438707,3380.8652163351408,18913.82
Fender,minor,0.0716,0.5712,0.592,0.0,2677.74746480615,3105.614602248272,5783.36
Trunk,minor,0.0805,0.8178,0.7756,0.0,3500.1185882422415,2115.371642214189,5615.49
Trunk,moderate,0.1,0.7167,0.8747,0.0,3011.0081114976488,2238.863293162634,5249.87
Door,minor,0.0377,0.9069,0.789,0.0,2852.6431194788006,2073.200924090448,4925.84
Bumper,moderate,0.227,0.8678,0.7701,8864.8068147403,3149.3695413793625,2751.988738625055,14766.17
Bumper,moderate,0.3202,0.6795,0.4345,7597.614342312132,2461.2599309028865,4925.621908755001,14984.5
Fender,minor,0.0404,0.9722,0.8009,0.0,2383.143112083013,2843.02104742436,5226.16
Windshield,severe,0.7384,0.885,0.9065,7383.169747661558,3362.5703839628077,0.0,10745.74
Fender,severe,0.6424,0.6328,0.5753,7522.147451338165,4934.8549376143765,6330.646931163604,18787.65
Fender,minor,0.0537,0.7314,0.5003,0.0,2559.6170981370283,2021.4382292872958,4581.06
Windshield,moderate,0.1659,0.8375,0.6055,11768.752809408867,2265.808111743469,0.0,14034.56
Hood,severe,0.7848,0.7422,0.4959,16847.328150196332,4131.309622684509,6088.429012524143,27067.07
Hood,minor,0.0479,0.5332,0.5411,0.0,2630.7210037492296,1909.738599268726,4540.46
Windshield,minor,0.0535,0.8694,0.5264,0.0,1253.987118969611,0.0,1253.99
Door,moderate,0.2641,0.9609,0.8547,12781.555012169958,4836.642411838435,4452.410514811256,22070.61
Headlight,minor,0.0679,0.8134,0.6006,0.0,1139.0180257414647,0.0,1139.02
Light,moderate,0.1647,0.5201,0.9055,0.0,1549.347474323576,0.0,1549.35
Light,moderate,0.1958,0.7876,0.8806,5003.233662162447,686.8042376715046,0.0,5690.04
Hood,moderate,0.2517,0.9342,0.8608,0.0,2414.958834774323,2916.659793704884,5331.62
Headlight,minor,0.015,0.8801,0.6769,3602.7341552294797,1441.1462063625402,0.0,5043.88
Hood,severe,0.4202,0.7761,0.4459,10606.32688199848,3840.0555691206246,3681.152397975449,18127.53
Bumper,severe,0.6943,0.9167,0.6884,5888.961802253259,2625.175327285349,5434.764462922304,13948.9
Trunk,moderate,0.2089,0.5295,0.8873,0.0,2886.119947063204,2980.245492539828,5866.37
Light,moderate,0.3439,0.963,0.4198,0.0,1118.8039032980223,0.0,1118.8
Hood,moderate,0.4163,0.7022,0.6783,12469.886222640309,3897.1727106928174,4336.666023871945,20703.72
Light,minor,0.0751,0.736,0.9506,0.0,758.2848551166894,0.0,800.0
Bumper,severe,0.7334,0.7965,0.8583,8185.197171370615,5115.531158075205,4234.859890343056,17535.59
Headlight,moderate,0.2863,0.6851,0.6448,0.0,1398.3587319606067,0.0,1398.36
Light,moderate,0.1,0.8075,0.6391,0.0,1743.21222155676,0.0,1743.21
Hood,severe,0.3,0.926,0.4912,12263.36864252547,2150.2700813320726,3942.355311343395,18355.99
Bumper,severe,0.7341,0.5738,0.9076,5487.798901735879,2825.432406973098,6561.0778417004985,14874.31
Windshield,minor,0.0256,0.8331,0.6804,0.0,2020.8991669229633,0.0,2020.9
Hood,minor,0.0296,0.7429,0.8275,0.0,3084.905647853573,2579.014720639015,5663.92
Hood,minor,0.0797,0.9518,0.9666,0.0,2717.9836846582784,2919.60638459172,5637.59
Headlight,minor,0.0753,0.8723,0.4626,0.0,948.7709330661582,0.0,948.77
Door,moderate,0.1147,0.5148,0.6913,10909.044547470012,2939.8539354312497,2633.1959692686974,16482.09
Fender,moderate,0.1627,0.5519,0.5864,7494.873503882009,1837.3531673059592,2572.119925428374,11904.35
Hood,moderate,0.2648,0.734,0.6775,0.0,2105.632952182793,4615.175609716166,6720.81
Headlight,moderate,0.2904,0.7411,0.9622,0.0,1521.296566603977,0.0,1521.3
Hood,minor,0.0666,0.914,0.6942,0.0,2424.6592844220972,1789.7428315311247,4214.4
Windshield,severe,0.7459,0.8165,0.8205,11880.560683335827,3683.722946603275,0.0,15564.28
Fender,moderate,0.2676,0.5201,0.736,0.0,2510.4767815697905,4528.911494666516,7039.39
Trunk,moderate,0.268,0.8658,0.8584,16129.57450749714,2937.3523675242277,3981.8423082519303,23048.77
Headlight,minor,0.0208,0.8519,0.9609,0.0,1134.1450959446865,0.0,1134.15
Headlight,moderate,0.3707,0.9625,0.8501,3234.6578282731716,1011.9378093488474,0.0,4246.6
Hood,moderate,0.1848,0.803,0.6287,13452.586354830655,3318.8072431635355,4013.3608933971104,20784.75
Windshield,severe,0.5275,0.4607,0.5562,5458.059779937589,2381.0767613751805,0.0,7839.14
Door,minor,0.0489,0.7946,0.5185,0.0,2527.6808284070944,2225.4796345392447,4753.16
Door,moderate,0.3355,0.725,0.813,0.0,4709.47154015528,3206.4088976507337,7915.88
Door,minor,0.1104,0.5529,0.6659,0.0,2839.8938499311907,2829.2458111823535,5669.14
Bumper,severe,0.3,0.6059,0.5884,3967.8419163863637,2425.085273300566,3303.8263708608642,9696.75
Headlight,minor,0.0146,0.7006,0.6916,0.0,994.1658884150036,0.0,994.17
Headlight,minor,0.0581,0.4885,0.9306,0.0,730.7909152704368,0.0,800.0
Windshield,moderate,0.2869,0.8738,0.9427,0.0,2371.716485634773,0.0,2371.72
Headlight,moderate,0.2732,0.948,0.7336,0.0,862.1751037677975,0.0,862.18
Fender,severe,0.3631,0.5539,0.5005,4634.8110224371585,2531.991736333004,3313.1473478166617,10479.95
Windshield,moderate,0.2569,0.6869,0.5959,0.0,2507.2207872653125,0.0,2507.22
Headlight,minor,0.0406,0.551,0.8386,0.0,1151.9910314234655,0.0,1151.99
Windshield,moderate,0.3843,0.8162,0.9466,11177.939267999622,2288.401282131522,0.0,13466.34
Bumper,moderate,0.3984,0.8326,0.6664,0.0,3133.27501169606,5179.870440267976,8313.15
Fender,minor,0.0313,0.5883,0.7023,0.0,1955.9103099513648,2252.486403268678,4208.4
Bumper,severe,0.6084,0.8042,0.8086,8161.742498068077,4291.979576576176,4953.394557104947,17407.12
Door,minor,0.0203,0.5803,0.6229,0.0,3263.181827197862,2620.487463906817,5883.67
Door,moderate,0.2857,0.7586,0.81,0.0,3996.4171451737034,2926.835108136384,6923.25
Headlight,moderate,0.261,0.6835,0.6835,8859.569728347704,935.3891063334811,0.0,9794.96
Door,severe,0.9298,0.934,0.5331,15164.494009259117,6514.761978075595,8101.368392121177,29780.62
Headlight,moderate,0.4168,0.6498,0.5418,0.0,1709.9823306912406,0.0,1709.98
Headlight,minor,0.1264,0.9,0.8748,0.0,933.241765770048,0.0,933.24
Windshield,moderate,0.2477,0.8382,0.7007,9338.905237870977,2127.528932806275,0.0,11466.43
Fender,minor,0.0956,0.8321,0.8803,0.0,2394.493850301228,2487.6510985248588,4882.14
Fender,severe,0.7103,0.6644,0.8472,0.0,3630.929229782464,8153.251138632452,11784.18
Bumper,severe,0.4149,0.9124,0.5585,7096.758291891608,3190.536382236129,5007.799028389397,15295.09
Fender,moderate,0.2611,0.5209,0.7131,7921.136492232994,3577.039878844967,3001.12436022558,14499.3
Trunk,moderate,0.1515,0.7706,0.5293,0.0,2608.693736203356,3542.9560748938775,6151.65
Fender,moderate,0.1,0.9655,0.7754,4887.1380106314255,1931.3412031762894,2317.1426415899314,9135.62
Fender,moderate,0.2836,0.6296,0.8222,0.0,1981.6301317386472,2567.889545428984,4549.52
Hood,minor,0.0462,0.6002,0.4363,12856.644977989887,1663.152489935538,2530.3396374437243,17050.14
Trunk,severe,0.6218,0.7697,0.7162,12708.126035922809,3926.6083963089923,7020.265361839796,23655.0
Trunk,moderate,0.1236,0.8022,0.4395,11893.275089570736,1899.5553489005772,2248.253413139717,16041.08
Trunk,moderate,0.2419,0.73,0.9166,0.0,2841.420574157763,4160.608512392247,7002.03
Windshield,minor,0.0539,0.7953,0.5096,0.0,1492.058664271445,0.0,1492.06
Fender,minor,0.0334,0.53,0.5395,0.0,2211.3726412977135,2966.3452815238434,5177.72
Headlight,minor,0.01,0.5084,0.5161,0.0,568.9357867460992,0.0,800.0
Headlight,moderate,0.3898,0.6569,0.6366,6253.30182762017,2361.076081324684,0.0,8614.38
Fender,moderate,0.2557,0.8981,0.8199,0.0,3073.426084267636,3091.796497580523,6165.22
Windshield,severe,0.3,0.7023,0.6723,10727.15564857626,3037.2397484449534,0.0,13764.4
Headlight,moderate,0.2182,0.9176,0.5549,3342.4210659177006,1957.2639011186327,0.0,5299.68
Hood,moderate,0.4292,0.5841,0.4476,0.0,2663.2567771888926,3568.7357752739886,6231.99
Bumper,severe,0.4351,0.5012,0.6535,10024.652355807684,3240.024435177497,4354.792361929481,17619.47
Bumper,moderate,0.258,0.9122,0.5915,0.0,2800.394014391117,3971.588910077933,6771.98
Hood,severe,0.5271,0.7054,0.9101,11633.950377277162,4856.5415627467455,5116.299729628211,21606.79
Headlight,severe,0.7051,0.9778,0.5579,3793.7581815602853,1189.1012611763013,0.0,4982.86
Trunk,severe,0.643,0.6164,0.9218,16081.09645535239,4125.172178409415,8005.668763242392,28211.94
Door,severe,0.4031,0.7927,0.4756,11230.451303500182,3506.2411514941723,3829.015229035983,18565.71
Headlight,minor,0.1053,0.6324,0.9774,0.0,1246.076690261829,0.0,1246.08
Headlight,minor,0.0305,0.8763,0.9061,0.0,1515.8156675971059,0.0,1515.82
Windshield,minor,0.025,0.774,0.7753,0.0,1949.0993859390564,0.0,1949.1
Hood,minor,0.0632,0.4977,0.5872,0.0,2453.628798313066,2339.7708672189424,4793.4
Light,moderate,0.1846,0.4679,0.8606,0.0,1218.506839729935,0.0,1218.51
Door,minor,0.057,0.5257,0.6196,0.0,3414.1021228596937,2120.0672763284533,5534.17
Light,moderate,0.3988,0.5457,0.8782,0.0,1884.4390574369827,0.0,1884.44
Trunk,severe,0.6167,0.5972,0.434,14340.658956996756,3544.2516045529496,4539.423962886681,22424.33
Light,minor,0.0574,0.945,0.4811,0.0,1579.0706447031537,0.0,1579.07
Light,moderate,0.3157,0.7845,0.9698,0.0,1117.5297932432736,0.0,1117.53
Fender,severe,0.95,0.5571,0.544,5347.540461225806,6320.924197125477,7326.540302741143,18995.0
Windshield,minor,0.0771,0.8647,0.8992,0.0,1762.8499378487943,0.0,1762.85
Headlight,minor,0.0356,0.5319,0.5259,3884.466383497054,1547.5996219408605,0.0,5432.07
Light,minor,0.01,0.8642,0.7355,0.0,1204.0106154987018,0.0,1204.01
Hood,minor,0.01,0.6548,0.7756,0.0,2352.9258975947537,1920.2288421250555,4273.15
Trunk,severe,0.4232,0.4663,0.6215,15320.317907968318,3432.6457425403582,3924.4075819898176,22677.37
Headlight,minor,0.1224,0.7744,0.9372,0.0,1275.961292862834,0.0,1275.96
Trunk,severe,0.5343,0.5627,0.7289,15290.009958174767,3780.4754666341605,3818.119303695857,22888.6
Door,severe,0.4496,0.6241,0.4683,0.0,4724.573102876864,5806.737156159946,10531.31
Bumper,moderate,0.1081,0.7861,0.4013,0.0,1613.3680927983758,2796.420870587262,4409.79
Bumper,moderate,0.264,0.6698,0.4962,0.0,3008.3310981612235,3570.608874025512,6578.94
Bumper,minor,0.0748,0.6064,0.482,0.0,2199.090610995539,2706.3320894132435,4905.42
Hood,minor,0.0773,0.4638,0.5925,0.0,2329.014210242405,2139.911333297065,4468.93
Door,minor,0.071,0.8416,0.5146,0.0,3344.604655192779,2288.492280633152,5633.1
Fender,minor,0.0472,0.4889,0.4213,0.0,2271.309487374816,1632.682442896189,3903.99
Fender,severe,0.4881,0.8586,0.4546,5510.742706848154,4976.505920342621,4762.076394749968,15249.33
Bumper,moderate,0.1681,0.7848,0.692,0.0,2321.9697324804565,2909.373135527013,5231.34
Bumper,minor,0.01,0.6412,0.9765,0.0,1691.7078767791281,2478.1129961566694,4169.82
Door,severe,0.7638,0.9534,0.4393,15977.55675156231,4780.372979470105,7529.47150590881,28287.4
Door,moderate,0.1368,0.4934,0.9631,7661.802449160349,3017.5150563890693,1857.766906601406,12537.08
Headlight,minor,0.1085,0.9527,0.8068,0.0,855.5930493825939,0.0,855.59
Hood,moderate,0.2511,0.9397,0.5743,15928.060846974586,2489.000308542854,3201.8410968443136,21618.9
Door,severe,0.6313,0.5264,0.9795,13770.63518484139,5536.064952158023,4914.064480081522,24220.76
Trunk,moderate,0.2458,0.6629,0.605,0.0,2681.3022621297755,2717.1277129754694,5398.43
Headlight,minor,0.0501,0.805,0.7082,0.0,765.2271655784846,0.0,800.0
Headlight,moderate,0.1178,0.8983,0.655,0.0,1204.8528650891294,0.0,1204.85
Door,minor,0.0693,0.7388,0.6404,9494.529580066224,3665.521568450551,2765.3202807055563,15925.37
Door,moderate,0.3569,0.8764,0.856,0.0,5433.723312487773,3324.5495555956177,8758.27
Door,minor,0.0632,0.9757,0.7852,0.0,2914.2564910704473,2166.930079257815,5081.19
Light,moderate,0.2086,0.8666,0.625,0.0,1600.9936921557564,0.0,1600.99
Headlight,severe,0.4708,0.5287,0.518,9258.003482077638,946.048478123475,0.0,10204.05
Door,severe,0.6631,0.8577,0.615,9202.674262977513,4907.6371693919755,5753.816696211496,19864.13
Headlight,minor,0.0533,0.7556,0.4113,0.0,660.463129360694,0.0,800.0
Headlight,minor,0.0154,0.4897,0.6119,0.0,958.6543015948608,0.0,958.65
Headlight,moderate,0.289,0.7151,0.5015,10270.420911909832,861.6461309386565,0.0,11132.07
Light,moderate,0.2935,0.867,0.9732,4992.815507659689,1363.4674040250525,0.0,6356.28
Door,minor,0.073,0.7334,0.5829,0.0,3077.110737685023,3005.6740416112434,6082.78
Windshield,minor,0.05,0.8126,0.8511,0.0,2215.75833312606,0.0,2215.76
Headlight,severe,0.7204,0.807,0.8665,7555.320368390967,2716.4036169861815,0.0,10271.72
Door,severe,0.7656,0.7073,0.429,8280.547187680953,7453.706911024549,6777.496109700044,22511.75
Hood,severe,0.6858,0.884,0.938,0.0,3970.471271172052,5315.292184129786,9285.76
Windshield,severe,0.5839,0.9672,0.5793,6383.3296135303435,2450.0486725527207,0.0,8833.38
Windshield,moderate,0.4101,0.9332,0.5534,10991.84625936818,2616.962364775166,0.0,13608.81
Bumper,minor,0.1164,0.8038,0.5765,0.0,2546.6093109745957,3218.2334584299037,5764.84
Door,moderate,0.2622,0.8017,0.4029,11153.092075181721,3256.148885688839,3855.5654817656646,18264.81
Trunk,severe,0.5944,0.7805,0.8588,12596.309655117086,3615.420463012351,4234.998365896281,20446.73
Door,minor,0.0706,0.4784,0.6967,0.0,2364.1667577662647,2078.1216698462026,4442.29
Light,moderate,0.1678,0.7864,0.9469,0.0,1091.9216835354077,0.0,1091.92
Headlight,severe,0.6337,0.6219,0.6937,4017.9897657152,2525.2990171321153,0.0,6543.29
Bumper,moderate,0.15,0.5929,0.4646,0.0,2497.2705550962455,2895.360296163195,5392.63
Headlight,moderate,0.3638,0.4627,0.4452,6136.005075253347,1885.5474448956684,0.0,8021.55
Headlight,severe,0.562,0.461,0.4593,6507.126532685049,1125.6084044578452,0.0,7632.73
Bumper,minor,0.0763,0.7442,0.6875,0.0,1116.7553368207098,2517.001073291125,3633.76
Bumper,minor,0.115,0.5807,0.5861,0.0,2735.9305644304986,1791.272938093637,4527.2
Hood,minor,0.0585,0.6209,0.5356,0.0,1575.329889015808,1912.3230344923165,3487.65
Windshield,severe,0.8297,0.5989,0.6778,5620.984701247276,4899.514618475802,0.0,10520.5
Hood,minor,0.0463,0.8803,0.9229,0.0,3271.2372730611673,1738.8464064929824,5010.08
Door,moderate,0.1188,0.5612,0.899,11840.384421716626,2520.177281431772,2458.6731825866736,16819.23
Hood,minor,0.0817,0.5867,0.6447,0.0,1969.7249494760183,2178.5966588295314,4148.32
Light,moderate,0.1503,0.9707,0.4769,8078.2862069429075,1513.4701102546844,0.0,9591.76
Windshield,severe,0.9047,0.8771,0.7765,8030.443978628512,4582.952210878817,0.0,12613.4
Bumper,minor,0.0388,0.5661,0.8685,0.0,1649.5313355626765,1784.0637402479522,3433.6
Door,minor,0.0474,0.9638,0.9114,0.0,2412.0629222684256,2503.7450479418344,4915.81
Door,moderate,0.2491,0.7881,0.8803,0.0,3536.644090119519,3182.4078923321367,6719.05
Fender,minor,0.0656,0.7261,0.9333,0.0,1791.8949340078677,2699.9344984666254,4491.83
Bumper,minor,0.072,0.81,0.9533,0.0,2471.9170519765435,2384.8175127442946,4856.73
Headlight,minor,0.0514,0.6269,0.8261,0.0,881.4936887022371,0.0,881.49
Trunk,severe,0.8052,0.6243,0.8351,15118.64171093919,5318.843493271033,8900.016505776623,29337.5
Windshield,minor,0.0496,0.8006,0.5598,6207.6184578626635,2439.9604858434277,0.0,8647.58
Trunk,minor,0.01,0.9026,0.4183,0.0,1938.223365621346,1687.2365137304128,3625.46
Bumper,minor,0.0862,0.8991,0.6142,0.0,1441.3923943289692,2374.3257291780387,3815.72
Light,severe,0.4561,0.5317,0.7686,6836.307786348262,2144.534297602345,0.0,8980.84
Light,moderate,0.3533,0.7369,0.547,0.0,1094.5368348372024,0.0,1094.54
Hood,moderate,0.4214,0.6828,0.5656,0.0,3684.6249168403615,5547.717378324518,9232.34
Light,minor,0.049,0.6365,0.5497,0.0,576.3617790108127,0.0,800.0
Headlight,minor,0.0145,0.5625,0.4338,0.0,1404.1428976000614,0.0,1404.14
Hood,severe,0.5254,0.5596,0.5695,15164.23740921848,5009.0592405665475,5475.422494775583,25648.72
Bumper,severe,0.9101,0.8445,0.5057,7882.24808531438,3522.2631718626667,8592.42011242167,19996.93
Hood,minor,0.0343,0.8559,0.6225,0.0,2512.106135944339,1937.203682698167,4449.31
Fender,minor,0.0172,0.644,0.7733,0.0,3063.4068942194413,1730.5231988213197,4793.93
Light,moderate,0.2465,0.6076,0.6917,0.0,1554.9963584304928,0.0,1555.0
Light,minor,0.027,0.8488,0.7893,0.0,530.5863350359015,0.0,800.0
Windshield,minor,0.021,0.7105,0.6711,0.0,2108.4883224074956,0.0,2108.49
Trunk,moderate,0.1264,0.8182,0.8151,0.0,1973.7800524652484,2384.0743899719923,4357.85
Light,moderate,0.4078,0.8192,0.5144,10282.456169016003,1151.290934381262,0.0,11433.75
Light,minor,0.01,0.8047,0.8272,0.0,828.2375568543802,0.0,828.24
Bumper,moderate,0.237,0.8742,0.6254,0.0,1884.3566467274945,2985.208292277699,4869.56
Bumper,severe,0.5918,0.8142,0.426,7621.137024760429,4117.389978013323,5549.42786346572,17287.95
Door,moderate,0.2527,0.9346,0.8858,9916.023572669328,3694.3040591647887,4782.556969341331,18392.88
Door,moderate,0.272,0.9635,0.6742,13577.269358465528,3945.3343365519277,3721.05650284826,21243.66
Hood,moderate,0.2025,0.9373,0.9427,0.0,3820.0046989356724,2686.4232836467922,6506.43
Windshield,minor,0.0601,0.8198,0.9222,0.0,1633.215902405035,0.0,1633.22
Trunk,moderate,0.2438,0.9031,0.8408,0.0,3256.7222351084215,2744.1678889746486,6000.89
Windshield,minor,0.035,0.6908,0.7802,0.0,1083.396734383644,0.0,1083.4
Light,minor,0.0552,0.938,0.7977,0.0,588.7096517350795,0.0,800.0
Headlight,moderate,0.2477,0.8189,0.7051,10789.175924207118,929.4722452038998,0.0,11718.65
Fender,moderate,0.3319,0.5167,0.8136,4042.2841774796957,3333.7593347356215,3206.6123364343007,10582.66
Bumper,minor,0.1075,0.5254,0.4132,0.0,2225.255623238602,3637.585034047387,5862.84
Door,minor,0.0791,0.9637,0.9431,0.0,3601.4522447936247,2798.877662409371,6400.33
Fender,minor,0.0874,0.7582,0.6703,0.0,3082.7207130915986,3251.6628810118186,6334.38
Hood,severe,0.499,0.5159,0.4124,16263.849019097495,3209.2596866146973,6359.314843344739,25832.42
Light,moderate,0.144,0.4643,0.8541,0.0,1295.1067374328538,0.0,1295.11
Trunk,moderate,0.3173,0.4627,0.7954,0.0,2335.803851726225,2522.1982388220777,4858.0
Trunk,minor,0.1361,0.6161,0.4093,0.0,2062.7004349253707,2371.094813381792,4433.8
Fender,minor,0.0307,0.8072,0.4436,0.0,2892.2404677416116,2915.5620093251623,5807.8
Windshield,moderate,0.1,0.8734,0.9762,0.0,2334.0932260602167,0.0,2334.09
Light,severe,0.6408,0.6033,0.7518,5494.840280941483,3085.1807708260567,0.0,8580.02
Bumper,moderate,0.1809,0.6286,0.7238,0.0,2915.916349969736,3728.927465037964,6644.84
Windshield,minor,0.042,0.5255,0.5916,0.0,2417.404980693568,0.0,2417.4
Trunk,moderate,0.1,0.476,0.6919,0.0,2536.9367890653393,2769.3740501925085,5306.31
Light,minor,0.0343,0.8608,0.8048,0.0,647.2611840333099,0.0,800.0
Door,severe,0.4725,0.7992,0.8786,10830.723033272809,5838.907354918481,5033.018334287878,21702.65
Light,moderate,0.2503,0.658,0.9623,0.0,1203.2517224770095,0.0,1203.25
Headlight,moderate,0.3033,0.7283,0.4964,0.0,2243.353825823636,0.0,2243.35
Headlight,moderate,0.2933,0.4729,0.8421,0.0,923.8575110568228,0.0,923.86
Light,severe,0.4724,0.7072,0.8838,0.0,1868.0837155560516,0.0,1868.08
Trunk,moderate,0.1773,0.4845,0.594,0.0,3755.6418953578996,3664.8676432970133,7420.51
Trunk,moderate,0.3204,0.7792,0.9333,0.0,2993.7090820092035,3294.2850902151777,6287.99
Hood,minor,0.0949,0.7967,0.7983,10230.014474886448,2045.0490692843937,2574.062861864765,14849.13
Bumper,moderate,0.2761,0.4769,0.9501,6338.357573124899,1977.5353949258324,3007.325333970467,11323.22
Headlight,severe,0.8237,0.7495,0.7033,10557.674118252839,2619.932126977743,0.0,13177.61
Light,severe,0.7139,0.5436,0.6728,5213.72067688006,3095.8552645322766,0.0,8309.58
Windshield,moderate,0.2337,0.5409,0.5003,0.0,3105.874340910927,0.0,3105.87
Light,moderate,0.2584,0.9737,0.6353,6482.65349069414,1217.8526475181145,0.0,7700.51
Bumper,moderate,0.1817,0.7796,0.5843,0.0,2419.704316684694,3353.383065173188,5773.09
Fender,severe,0.7053,0.5501,0.4809,4707.186542613346,5000.7676038659965,5384.120973330702,15092.08
Windshield,moderate,0.2848,0.8635,0.5389,10917.012173345436,2538.470027015939,0.0,13455.48
Door,minor,0.01,0.7671,0.5304,0.0,2906.12166404512,2731.889486661485,5638.01
Door,moderate,0.223,0.5811,0.7696,0.0,3673.6147505576355,3490.6657631549665,7164.28
Bumper,moderate,0.1734,0.5431,0.922,0.0,2433.1756428838057,3035.373796224524,5468.55
Hood,moderate,0.2583,0.5691,0.8274,0.0,4492.68891592161,3367.086360909914,7859.78
Hood,minor,0.0486,0.6958,0.7283,0.0,2387.548021154677,2602.970759305697,4990.52
Windshield,severe,0.6166,0.9219,0.6593,0.0,3137.4754893864847,0.0,3137.48
Trunk,minor,0.056,0.6832,0.4106,0.0,3013.7167221636782,2931.243216042297,5944.96
Fender,severe,0.3961,0.4847,0.8296,5238.962239741297,3342.8376567883565,3253.7101620184144,11835.51
Bumper,minor,0.037,0.565,0.7712,0.0,1848.3650014112934,1730.4432358883323,3578.81
Headlight,minor,0.0435,0.4681,0.5491,0.0,858.0621696655387,0.0,858.06
Windshield,minor,0.0206,0.5986,0.4918,0.0,1523.653056830582,0.0,1523.65
Fender,moderate,0.1842,0.6252,0.686,0.0,1886.4996482537488,2767.4104337155977,4653.91
Door,moderate,0.2763,0.8005,0.4741,11324.672045669455,4475.967911770912,3555.9592286230463,19356.6
Light,severe,0.645,0.5315,0.7788,8410.801311125628,2088.130014385236,0.0,10498.93
Door,moderate,0.3316,0.7259,0.4079,10331.016014154804,3744.291283246017,3446.3206830835684,17521.63
Fender,minor,0.0673,0.7592,0.426,0.0,2744.2747104990713,2947.6702415034933,5691.94
Bumper,moderate,0.1665,0.6759,0.9036,0.0,2997.463880417139,2574.2543510628534,5571.72
Door,minor,0.0463,0.9585,0.5397,0.0,3076.9098252540402,2222.69832199334,5299.61
Headlight,moderate,0.3072,0.6987,0.7482,0.0,1319.051827936548,0.0,1319.05
Windshield,minor,0.01,0.5442,0.7284,0.0,1389.7287724247738,0.0,1389.73
Fender,severe,0.775,0.4862,0.4635,4281.310498154758,5199.050665786509,7291.002845661865,16771.36
Light,severe,0.6878,0.963,0.4439,2927.7945920124453,1427.7613990600184,0.0,4355.56
Trunk,severe,0.4243,0.5211,0.8337,11340.507739312432,3289.668245515245,5151.085051517117,19781.26
Fender,moderate,0.4083,0.7565,0.4606,0.0,3692.38951549061,5530.676698174925,9223.07
Fender,severe,0.8674,0.8837,0.6967,3808.089230249357,6220.88334426794,6192.470483652761,16221.44
Windshield,moderate,0.2792,0.5516,0.7426,11330.94615306033,3151.6913605706513,0.0,14482.64
Hood,moderate,0.2443,0.4782,0.42,14292.828500035146,2050.0263811086597,3758.304559232923,20101.16
Fender,moderate,0.1,0.9105,0.875,0.0,2097.971088629252,2189.298058608558,4287.27
Trunk,minor,0.039,0.8882,0.7035,0.0,2143.81216830775,2113.2919895587065,4257.1
Hood,severe,0.4457,0.6996,0.6312,12810.92360010917,3268.6371539451616,4107.297045666671,20186.86
Headlight,moderate,0.2021,0.8026,0.5126,0.0,1078.0264323627712,0.0,1078.03
Windshield,minor,0.0682,0.7482,0.6707,0.0,1359.6475993587303,0.0,1359.65
Trunk,moderate,0.169,0.6259,0.5142,0.0,2156.631589499547,2801.1440227446965,4957.78
Windshield,moderate,0.2543,0.4711,0.653,6823.793620243829,2779.7721046624674,0.0,9603.57
Windshield,moderate,0.2067,0.964,0.7637,0.0,3321.4587421846295,0.0,3321.46
Bumper,minor,0.01,0.5407,0.805,0.0,1221.785470720512,2557.5593940203266,3779.34
Door,moderate,0.2652,0.6259,0.747,0.0,2572.6628960790435,4605.941983859008,7178.6
Door,severe,0.5595,0.5204,0.7932,14751.746246020593,5833.114921964006,6086.571702603782,26671.43
Headlight,moderate,0.2919,0.6361,0.5438,0.0,908.6038897505255,0.0,908.6
Trunk,minor,0.0812,0.809,0.6581,0.0,1728.2566034635051,2449.217842233535,4177.47
Windshield,moderate,0.2061,0.4534,0.7041,0.0,2494.4350667031526,0.0,2494.44
Windshield,minor,0.0708,0.8943,0.5223,0.0,1275.2660723389854,0.0,1275.27
Hood,moderate,0.2017,0.7544,0.4557,0.0,2676.9695223638596,3818.6621135075725,6495.63
Door,severe,0.6794,0.8274,0.5092,12699.084114250863,7167.5836809570665,6475.084055577626,26341.75
Bumper,moderate,0.298,0.6046,0.7279,0.0,2115.240963897245,4234.211801691483,6349.45
Bumper,minor,0.01,0.6895,0.7122,0.0,1855.359409391358,1547.1681740267113,3402.53
Light,severe,0.7453,0.4701,0.5975,3154.1231655797524,2220.763196940963,0.0,5374.89
Fender,severe,0.6629,0.7945,0.7815,7197.107878088839,4171.9561318965525,6168.028082617407,17537.09
Door,minor,0.022,0.6261,0.9104,0.0,3215.9873131143872,2121.3647673148143,5337.35
Headlight,minor,0.066,0.8711,0.4014,0.0,1152.4453947943787,0.0,1152.45
Door,moderate,0.2569,0.8217,0.7379,10150.425373626334,3491.310189758668,4159.06123754099,17800.8
Trunk,moderate,0.3512,0.7063,0.6595,0.0,3854.6375523501383,4096.318193210365,7950.96
Headlight,minor,0.0398,0.7144,0.9556,0.0,1545.9673482702874,0.0,1545.97
Headlight,severe,0.5858,0.7103,0.8541,3968.7036273975464,2906.7767156554337,0.0,6875.48
Fender,moderate,0.1866,0.8338,0.7152,0.0,3304.0440573228907,2683.8537505084955,5987.9
Bumper,moderate,0.3333,0.763,0.8963,0.0,2052.472444068036,4918.165560509434,6970.64
Fender,moderate,0.4231,0.5581,0.4461,7788.100215148032,3789.234421327279,3702.463481398022,15279.8
Door,moderate,0.1802,0.9663,0.9694,13751.106732587592,3484.8192676424615,3233.018548285418,20468.94
Light,moderate,0.1203,0.8942,0.9345,0.0,657.7586588274891,0.0,800.0
Hood,minor,0.0764,0.9361,0.9101,0.0,3294.734161772463,3275.4812615711585,6570.22
Trunk,minor,0.0342,0.9229,0.4687,0.0,2322.6220995277013,2317.01453342288,4639.64
Trunk,minor,0.0304,0.7039,0.9592,0.0,2372.354130347938,1822.7041901081166,4195.06
Light,severe,0.5121,0.4844,0.522,8205.342607787547,2643.888679140459,0.0,10849.23
Bumper,severe,0.4536,0.6745,0.6463,4286.650720666587,3910.6326825557608,5361.447256698407,13558.73
Fender,severe,0.6791,0.9321,0.4051,7209.795272744798,5865.360092438942,4362.91778420858,17438.07
Windshield,minor,0.1194,0.4557,0.8575,0.0,1739.4955145438098,0.0,1739.5
Headlight,minor,0.0754,0.71,0.6573,0.0,1414.862563524937,0.0,1414.86
Hood,minor,0.0385,0.8848,0.8349,0.0,1437.5412294850005,1620.6176425096023,3058.16
Light,minor,0.0193,0.9747,0.4635,0.0,773.372724964179,0.0,800.0
Door,severe,0.3,0.7711,0.8265,9990.954524250146,3600.2149091657902,5499.352530565186,19090.52
Windshield,moderate,0.2328,0.7608,0.6391,0.0,3451.071894172745,0.0,3451.07
Door,minor,0.0733,0.7667,0.6126,0.0,3438.6776946831674,3044.6431868080826,6483.32
Door,moderate,0.3316,0.7041,0.4154,0.0,3320.094444127086,3631.053271253096,6951.15
Door,minor,0.01,0.8631,0.7484,0.0,3584.8069193722836,2290.248364640952,5875.06
Fender,moderate,0.4639,0.9297,0.7752,0.0,3199.471077577792,5245.842583237271,8445.31
Trunk,severe,0.3304,0.5963,0.5067,14595.673162291352,3449.416448272634,3639.952718967535,21685.04
Windshield,moderate,0.1433,0.7708,0.9737,0.0,1897.356987660236,0.0,1897.36
Fender,severe,0.6054,0.729,0.4951,7444.159244693609,3864.629940591771,4885.821231876401,16194.61
Trunk,severe,0.6546,0.8273,0.4958,17275.03134114406,3525.4766474414537,4625.7127164709555,25426.22
Headlight,minor,0.0418,0.571,0.8161,0.0,1548.3549225439203,0.0,1548.35
Fender,moderate,0.1161,0.7393,0.5732,7107.442425608354,2334.9502653212835,1828.4523641444935,11270.85
Fender,moderate,0.1615,0.5576,0.7296,0.0,3072.040140729619,2190.4305774930153,5262.47
Windshield,minor,0.0503,0.4967,0.804,0.0,2284.337556092338,0.0,2284.34
Light,severe,0.4197,0.643,0.6399,7554.123250656047,1380.1109832191185,0.0,8934.23
Door,minor,0.0606,0.9081,0.7686,0.0,3525.0741094124965,2463.9171618882115,5988.99
Trunk,moderate,0.2311,0.9302,0.5221,0.0,2728.949640540922,3015.8833304609607,5744.83
Bumper,moderate,0.243,0.8286,0.8102,0.0,1698.6719256256113,4559.523582694771,6258.2
Hood,minor,0.0462,0.6385,0.4925,0.0,3229.820833136737,2183.753714748563,5413.57
Door,severe,0.7059,0.7854,0.7608,0.0,5507.46659822031,5938.307854244887,11445.77
Fender,minor,0.0846,0.8695,0.4805,0.0,1660.2729526393937,2844.587300621588,4504.86
Headlight,severe,0.5683,0.6389,0.8236,3259.9451264385725,1980.8313894908536,0.0,5240.78
Headlight,minor,0.0651,0.607,0.4667,0.0,606.3002607148358,0.0,800.0
Hood,moderate,0.2495,0.5719,0.5249,0.0,2998.42361982487,4864.472093326314,7862.9
Trunk,minor,0.0806,0.9269,0.658,0.0,2129.2233503082134,1922.4078819752367,4051.63
Fender,minor,0.0219,0.6691,0.9113,0.0,2101.3012456295332,2131.887848639689,4233.19
Headlight,moderate,0.1523,0.4844,0.8486,0.0,1008.118167637668,0.0,1008.12
Windshield,minor,0.0734,0.7083,0.758,0.0,1205.4732495828391,0.0,1205.47
Headlight,minor,0.0167,0.6088,0.6455,0.0,888.3710026508718,0.0,888.37
Fender,moderate,0.2444,0.6691,0.8378,0.0,2979.7732431174636,3543.729554757732,6523.5
Headlight,severe,0.4604,0.7344,0.8697,8209.264935604411,919.8522316273005,0.0,9129.12
Trunk,minor,0.0803,0.6105,0.5672,0.0,2622.2871920845064,1849.4408174152709,4471.73
Hood,moderate,0.1968,0.522,0.9449,12788.375554260916,2692.1080026514214,3537.4439289258444,19017.93
Door,moderate,0.3333,0.5262,0.8587,13265.249649130512,3715.0249640812244,3762.5345772395867,20742.81
Light,moderate,0.2366,0.9685,0.6946,0.0,785.6807587467459,0.0,800.0
Hood,severe,0.7581,0.9278,0.5642,12787.745768142222,5150.700358845293,5505.614069014058,23444.06
Light,severe,0.5347,0.8232,0.9607,3314.4968907903653,2877.43717310246,0.0,6191.93
Hood,minor,0.01,0.5426,0.4706,0.0,2871.5863811099593,1655.1035227864475,4526.69
Door,severe,0.5321,0.5508,0.4131,15407.500148535426,4785.4058684814945,4677.847629059421,24870.75
Hood,moderate,0.2139,0.7237,0.5083,10188.353905864036,3408.8474318536405,3094.2270166259204,16691.43
Door,severe,0.3765,0.6741,0.9188,0.0,4854.05544504385,3131.8588729067155,7985.91
Door,moderate,0.4454,0.7529,0.7815,0.0,5298.823392573737,5110.727727341949,10409.55
Hood,moderate,0.1959,0.848,0.925,0.0,2331.0421150488532,4524.597631654732,6855.64
Headlight,moderate,0.2022,0.5704,0.6161,0.0,1742.2300888109455,0.0,1742.23
Fender,severe,0.6194,0.7492,0.8072,7152.036590003403,3497.41718755875,7083.332823655279,17732.79
Bumper,moderate,0.2581,0.7992,0.8035,0.0,2706.561138488903,4137.420825409399,6843.98
Headlight,minor,0.0191,0.7555,0.7072,0.0,1552.571032750537,0.0,1552.57
Door,minor,0.0455,0.8769,0.782,0.0,2269.9216403048445,2181.8628549024934,4451.78
Windshield,minor,0.043,0.8412,0.8388,0.0,1013.2327216622689,0.0,1013.23
Fender,severe,0.6893,0.7069,0.6817,7604.701682459918,5837.795059288733,5818.387904579395,19260.88
Light,moderate,0.1,0.7071,0.8425,3428.332270999286,1622.052895905778,0.0,5050.39
Bumper,moderate,0.3449,0.8642,0.6165,0.0,2012.76605724804,3365.937350759409,5378.7
Bumper,moderate,0.2869,0.8192,0.8362,8461.298786381773,2329.7106526194125,3320.5302669575317,14111.54
Bumper,minor,0.0878,0.4787,0.4398,0.0,2228.490274782274,2179.7132428505092,4408.2
Fender,minor,0.109,0.819,0.5643,0.0,2583.6167584992736,2997.8701880492426,5581.49
Hood,minor,0.0661,0.45,0.4792,0.0,1984.295744026371,2920.3664488807767,4904.66
Headlight,minor,0.0735,0.4514,0.4476,0.0,1422.3606446132992,0.0,1422.36
Bumper,minor,0.0289,0.7082,0.7628,0.0,1302.3211563532147,2387.8518026411007,3690.17
Windshield,moderate,0.2292,0.6438,0.5388,10184.62708971742,2080.6129173872955,0.0,12265.24
Trunk,minor,0.0338,0.5204,0.6784,0.0,1451.8357656085998,1954.3178879892412,3406.15
Fender,moderate,0.1,0.6024,0.4678,3410.888172726459,3113.2550417367506,3363.2646475963356,9887.41
Bumper,minor,0.1115,0.8936,0.6863,0.0,1748.9209769460049,1667.456770524196,3416.38
Bumper,moderate,0.1527,0.6899,0.8506,7438.029296816002,2277.083382892729,3186.5088468731333,12901.62
Light,moderate,0.3272,0.5271,0.5351,0.0,1805.375474312421,0.0,1805.38
Door,moderate,0.2055,0.8163,0.7559,13461.686419352722,2511.384853671773,2278.303849370632,18251.38
Headlight,minor,0.03,0.9745,0.7404,0.0,1391.9859365752152,0.0,1391.99
Fender,minor,0.0499,0.6965,0.6717,0.0,2086.969494994034,2827.35534702991,4914.32
Bumper,moderate,0.2069,0.4575,0.9103,7201.137095065742,2316.5442214593386,3282.763424828376,12800.44
Door,minor,0.0605,0.9663,0.8936,0.0,3076.826092998361,2703.0770343788377,5779.9
Light,moderate,0.2169,0.9418,0.6114,10523.449515010785,1156.765857137696,0.0,11680.22
Windshield,minor,0.0215,0.9569,0.8833,0.0,1382.2264283019995,0.0,1382.23
Headlight,severe,0.8118,0.4837,0.5164,9560.99742959823,2894.44940147689,0.0,12455.45
Trunk,moderate,0.4126,0.5152,0.9294,0.0,4164.950790521635,4919.544519698128,9084.5
Windshield,moderate,0.1128,0.9428,0.4556,0.0,1857.5625998282203,0.0,1857.56
Windshield,moderate,0.1,0.7993,0.8084,0.0,2196.1015517712476,0.0,2196.1
Hood,minor,0.1064,0.6667,0.92,0.0,2174.875012782258,2390.3567805536204,4565.23
Fender,moderate,0.3368,0.6605,0.8099,0.0,3650.349066726636,4338.1885503221165,7988.54
Bumper,severe,0.4793,0.9127,0.4074,3843.301209390991,3289.5750939777326,4404.234287372593,11537.11
Door,severe,0.7615,0.4802,0.491,13701.477901655471,5526.651589693349,7188.02980711484,26416.16
Windshield,minor,0.0291,0.6191,0.491,0.0,2074.632744108512,0.0,2074.63
Hood,severe,0.51,0.8511,0.7592,13718.469965916858,3820.3782268571185,5246.623778839552,22785.47
Windshield,severe,0.6478,0.5783,0.679,9924.087308847686,2698.278628458632,0.0,12622.37
Hood,minor,0.0649,0.711,0.4414,0.0,2241.10931097952,1832.6510781036088,4073.76
Windshield,severe,0.5171,0.7599,0.4836,5549.622032085083,2070.214432891012,0.0,7619.84
Light,moderate,0.1804,0.9055,0.9733,0.0,852.9893361677598,0.0,852.99
Fender,moderate,0.2495,0.96,0.5298,0.0,2415.855977645962,3520.997530972246,5936.85
Headlight,minor,0.0767,0.7964,0.8765,0.0,1334.2432992224883,0.0,1334.24
Door,moderate,0.3517,0.6578,0.9698,10959.194142732613,3142.782174080121,4572.194174621536,18674.17
Light,moderate,0.2062,0.8478,0.8755,0.0,1558.4290710760847,0.0,1558.43
Door,moderate,0.1,0.7227,0.9338,0.0,3285.14293491083,1976.0484293780362,5261.19
Windshield,minor,0.0327,0.7965,0.5639,0.0,1589.4307897013211,0.0,1589.43
Windshield,moderate,0.3357,0.7537,0.522,0.0,2275.552296268396,0.0,2275.55
Headlight,moderate,0.2279,0.7326,0.6713,0.0,850.7550858917972,0.0,850.76
Fender,severe,0.7628,0.8975,0.4865,5279.376886344669,5834.022519610556,7683.372732785732,18796.77
Fender,minor,0.0632,0.7157,0.9643,0.0,2019.4091749213192,2627.4268678899466,4646.84
Windshield,minor,0.0675,0.9563,0.6536,0.0,1519.879257846563,0.0,1519.88
Windshield,minor,0.0384,0.8503,0.6658,0.0,2060.0262233507224,0.0,2060.03
Fender,minor,0.0159,0.9414,0.4192,0.0,2101.6645254161963,1711.4755928435368,3813.14
Headlight,minor,0.0949,0.7973,0.845,0.0,831.3931861286246,0.0,831.39
Light,minor,0.0365,0.552,0.4178,0.0,1626.2377461257886,0.0,1626.24
Door,moderate,0.1625,0.9303,0.7628,0.0,2490.8753840927184,2802.5430438801122,5293.42
Headlight,moderate,0.2379,0.728,0.6069,0.0,1024.1051526331796,0.0,1024.11
Bumper,severe,0.5304,0.7326,0.4362,4878.036528168651,3599.8237122502223,6348.517749517112,14826.38
Light,minor,0.0909,0.8055,0.7207,0.0,815.8434266652087,0.0,815.84
Bumper,severe,0.5253,0.8871,0.7674,5302.351260396501,2092.713915409289,6103.30365836494,13498.37
Light,minor,0.0574,0.8467,0.9656,0.0,729.1395129407838,0.0,800.0
Light,severe,0.5279,0.7584,0.7526,4908.626206715495,1650.5301009450995,0.0,6559.16
Bumper,severe,0.808,0.7505,0.4554,8490.111240867425,3916.4926998937553,5739.758771705999,18146.36
Fender,moderate,0.1,0.8885,0.4538,4233.209133620162,3273.5083159736582,2489.4095755153776,9996.13
Bumper,moderate,0.1063,0.6521,0.7985,0.0,1656.6098104133057,2306.616724089598,3963.23
Hood,severe,0.4826,0.9171,0.535,15494.207523553841,3882.7011963918944,6524.230348574671,25901.14
Trunk,minor,0.0644,0.5919,0.9473,0.0,2233.3530089081237,2120.60915034235,4353.96
Light,minor,0.0157,0.6468,0.6058,0.0,1073.2252189008643,0.0,1073.23
Fender,severe,0.6307,0.5982,0.9597,3248.1544783222835,3854.079343849727,6057.372253838754,13159.61
Light,minor,0.0346,0.7807,0.5713,0.0,654.4304961506307,0.0,800.0
Bumper,minor,0.0643,0.5034,0.7924,0.0,1307.8715484827444,2375.80222456321,3683.67
Door,moderate,0.2585,0.8121,0.684,0.0,4748.291324681284,2832.746058664599,7581.04
Hood,minor,0.072,0.8217,0.947,0.0,2738.5984746469076,3041.1580519599024,5779.76
Door,moderate,0.1,0.6319,0.9416,0.0,3726.488020028495,2974.8587057753757,6701.35
Headlight,moderate,0.2317,0.636,0.4834,8686.962349484147,924.3741582333262,0.0,9611.34
Trunk,minor,0.01,0.7121,0.4921,9233.510092437691,2412.2772183130924,1794.7314826781294,13440.52
Headlight,minor,0.0759,0.7558,0.5253,0.0,1002.9775095786378,0.0,1002.98
Light,moderate,0.2421,0.9202,0.7706,8348.414891986891,1688.9473120020693,0.0,10037.36
Hood,severe,0.5485,0.4703,0.9221,16110.597665924886,4500.32041709796,5731.214310502027,26342.13
Hood,minor,0.0934,0.9769,0.6196,0.0,2738.1533834252937,2086.3368198192206,4824.49
Headlight,moderate,0.3257,0.5564,0.602,0.0,1058.2960048102018,0.0,1058.3
Door,severe,0.722,0.7376,0.7556,12112.661570120157,5918.211510379253,5561.855818664714,23592.73
Hood,severe,0.5935,0.4856,0.8929,16750.861186360813,4821.253947550074,3869.6929556466907,25441.81
Hood,moderate,0.3549,0.6558,0.6336,0.0,2535.3207511749215,3902.0502514044088,6437.37
Hood,moderate,0.3003,0.7718,0.708,11986.362560416961,4118.450572578011,3544.6371420955807,19649.45
Trunk,moderate,0.1936,0.5667,0.8281,10160.710994615254,3287.553899099317,3730.37193481379,17178.64
Bumper,severe,0.5471,0.9784,0.9155,7612.786041726086,3472.08268898221,7221.803493526189,18306.67
Light,moderate,0.1,0.5221,0.9187,0.0,934.8818529376622,0.0,934.88
Fender,moderate,0.24,0.8785,0.768,0.0,3197.851740955017,3166.4386265504663,6364.29
Light,minor,0.1101,0.617,0.614,0.0,718.270391361126,0.0,800.0
Light,minor,0.0636,0.8304,0.6944,0.0,592.9923983014213,0.0,800.0
Hood,minor,0.012,0.8236,0.5822,0.0,1989.6943903719764,2270.7277902822925,4260.42
Light,severe,0.4034,0.8687,0.8161,8344.155923663651,1918.7438191142953,0.0,10262.9
Door,minor,0.1002,0.596,0.8194,0.0,3080.9570570524106,3176.1115069540556,6257.07
Trunk,moderate,0.3871,0.6162,0.6224,12475.832167800603,3940.566780824863,4485.297183852771,20901.7
Windshield,minor,0.01,0.6343,0.6293,0.0,2005.4484775921358,0.0,2005.45
Headlight,minor,0.0949,0.671,0.7775,0.0,752.2423174941657,0.0,800.0
Door,minor,0.01,0.5322,0.5018,0.0,2390.6898240815817,2429.139812850599,4819.83
Headlight,moderate,0.2389,0.7134,0.832,0.0,1220.6384097759917,0.0,1220.64
Trunk,moderate,0.3176,0.558,0.8061,0.0,2657.4488590432884,5134.8844736400415,7792.33
Windshield,moderate,0.1,0.9015,0.6847,0.0,2279.6768466022336,0.0,2279.68
Bumper,severe,0.3,0.9586,0.651,7558.0848886990625,2537.8409615707105,4642.834857876675,14738.76
Fender,minor,0.027,0.9146,0.5926,0.0,1813.2292731294965,2070.991593397113,3884.22
Fender,minor,0.1024,0.5625,0.8065,0.0,3446.7118777937976,2189.951301573335,5636.66
Windshield,minor,0.0492,0.9654,0.8415,0.0,1619.6995263366027,0.0,1619.7
Windshield,minor,0.1009,0.6582,0.7391,0.0,2560.5938318846534,0.0,2560.59
Bumper,minor,0.01,0.6254,0.9771,0.0,1412.0445590897195,1845.528989627486,3257.57
Hood,moderate,0.1,0.7288,0.6203,0.0,2145.988827277754,1980.990498858987,4126.98
Hood,moderate,0.4993,0.7206,0.6076,0.0,3815.039053548867,5839.276092993123,9654.32
Hood,moderate,0.1,0.7069,0.5521,18193.886949620286,1916.7050454870794,2817.0218209009,22927.61
Headlight,moderate,0.1547,0.4952,0.5561,3240.735755665345,1748.0372244632435,0.0,4988.77
Hood,severe,0.4156,0.7605,0.5583,14405.362565714944,2678.8912247110484,5362.917046979362,22447.17
Hood,severe,0.5523,0.4917,0.7595,14722.892758096243,3620.5870760074895,6035.475645995283,24378.96
Headlight,moderate,0.1,0.6765,0.4556,10128.824717824074,1145.130523758461,0.0,11273.96
Hood,severe,0.6163,0.5572,0.5206,18437.504785333876,5560.146036918522,6728.384703034562,30726.04
Windshield,minor,0.0705,0.922,0.6713,0.0,1269.9628747991876,0.0,1269.96
Door,moderate,0.1,0.602,0.4645,11246.509887198035,3409.969552629842,2844.036726561044,17500.52
Headlight,minor,0.018,0.9499,0.8653,0.0,1068.191786930177,0.0,1068.19
Light,minor,0.0791,0.9202,0.9353,0.0,629.5337040831971,0.0,800.0
Windshield,minor,0.0368,0.8519,0.9348,0.0,1316.31810994168,0.0,1316.32
Windshield,moderate,0.3677,0.803,0.4934,10509.062892521217,1937.0515991695402,0.0,12446.11
Trunk,moderate,0.4737,0.5508,0.6529,0.0,4963.362733436807,3437.991925243098,8401.35
Headlight,moderate,0.3341,0.5962,0.4423,0.0,2251.490434077776,0.0,2251.49
Light,minor,0.0393,0.9574,0.7947,6823.90030354153,1403.5679451323624,0.0,8227.47
Hood,moderate,0.223,0.7996,0.7389,0.0,3281.036376677589,3151.1051375344973,6432.14
Headlight,severe,0.9496,0.5109,0.9296,6869.729712203496,3099.80454588279,0.0,9969.53
Light,moderate,0.4111,0.9377,0.9196,0.0,1494.4383970031438,0.0,1494.44
Light,minor,0.0291,0.8381,0.9419,0.0,862.9647152912169,0.0,862.96
Windshield,moderate,0.164,0.8635,0.673,0.0,1816.1378770638012,0.0,1816.14
Headlight,severe,0.4047,0.8828,0.8372,2768.6967342453136,1075.5708228372869,0.0,3844.27
Hood,moderate,0.2874,0.7284,0.8207,0.0,2294.8637050340135,3194.309554946534,5489.17
Hood,moderate,0.3068,0.8603,0.4902,0.0,3128.171005471579,4327.240435836653,7455.41
Light,minor,0.0529,0.8202,0.7592,0.0,642.5364869153543,0.0,800.0
Hood,minor,0.01,0.7819,0.4576,0.0,1701.9983878899304,1705.822751937763,3407.82
Headlight,moderate,0.203,0.4574,0.9158,0.0,903.6590533969807,0.0,903.66
Hood,moderate,0.338,0.6749,0.7395,14370.200149728198,3563.942444403437,4478.434852334997,22412.58
Windshield,severe,0.6574,0.4932,0.8081,6925.614572265869,3203.7948748499657,0.0,10129.41
Windshield,severe,0.5725,0.4596,0.6197,7502.048692444307,2173.122898449528,0.0,9675.17
Bumper,moderate,0.2401,0.7819,0.6553,0.0,2300.286807143433,3296.499883217722,5596.79
Fender,moderate,0.3181,0.5905,0.5802,0.0,3122.3506902135723,3774.761777843309,6897.11
Door,moderate,0.3782,0.5557,0.4383,8959.503623190058,3004.157244253842,3814.300342306039,15777.96
Trunk,minor,0.0198,0.9041,0.7292,0.0,2713.3058550886612,2424.9871050023894,5138.29
Door,severe,0.4514,0.6021,0.8443,11423.178397626301,3084.9183289097996,5091.009472589488,19599.11
Light,minor,0.0497,0.5727,0.431,0.0,1074.345853391785,0.0,1074.35
Fender,moderate,0.2794,0.8637,0.8165,0.0,3252.983623215138,2784.915302283718,6037.9
Bumper,moderate,0.2537,0.6212,0.8476,0.0,2059.2406023415897,2822.6636444806204,4881.9
Fender,moderate,0.224,0.5494,0.6904,0.0,2709.2778373590454,3957.178280611724,6666.46
Fender,moderate,0.2248,0.7758,0.9601,0.0,2555.3027454526728,3268.5071768452963,5823.81
Trunk,minor,0.0132,0.6012,0.4056,0.0,2991.220884047178,2841.1446489251657,5832.37
Hood,moderate,0.1616,0.5702,0.4303,0.0,2746.012517226926,1841.7506068244086,4587.76
Windshield,moderate,0.187,0.4902,0.7823,9724.085801627076,2537.309837487965,0.0,12261.4
Windshield,minor,0.0494,0.9372,0.5293,0.0,1541.8882899490438,0.0,1541.89
Fender,minor,0.0207,0.5847,0.4824,0.0,2018.0496113320648,2642.560974021033,4660.61
Door,severe,0.7157,0.9039,0.5,10658.581638590798,6905.2951052942,5494.627365132935,23058.5
Fender,minor,0.0807,0.6066,0.4539,0.0,3030.5051745636197,1775.0785547690823,4805.58
Headlight,minor,0.0164,0.8151,0.8043,0.0,1434.5932604350994,0.0,1434.59
Fender,severe,0.515,0.9643,0.8519,0.0,3133.686263793377,4252.566172956128,7386.25
Headlight,minor,0.0555,0.6361,0.8585,0.0,1098.84445489213,0.0,1098.84
Fender,moderate,0.1858,0.7373,0.6635,0.0,2860.8499933659023,3363.811900675416,6224.66
Door,moderate,0.2517,0.848,0.4115,0.0,3460.4358683921064,2769.258082451756,6229.69
Fender,minor,0.021,0.8073,0.7426,0.0,1612.3209235058907,1780.3750229373618,3392.7
Trunk,minor,0.0531,0.6809,0.9081,0.0,1876.8612707843515,2512.8099979462477,4389.67
Door,severe,0.46,0.8928,0.8837,9113.548589810018,4378.481651640254,4076.4029337881643,17568.43
Fender,minor,0.031,0.6146,0.9135,0.0,2901.536992020819,2811.7680739714815,5713.31
Hood,minor,0.0383,0.5755,0.5653,0.0,2134.587068264838,2105.5558395285116,4240.14
Hood,minor,0.094,0.5869,0.9176,0.0,3588.7624839459663,2150.859847030551,5739.62
Fender,moderate,0.2492,0.6746,0.4265,0.0,2752.0509902333188,3691.8400635963644,6443.89
Light,severe,0.6288,0.8092,0.6576,4528.297751282796,1900.3195904134047,0.0,6428.62
Door,moderate,0.2566,0.4945,0.7089,0.0,4342.779242981875,3204.736590915067,7547.52
Door,minor,0.01,0.5677,0.5465,0.0,3013.860555235525,1998.6151275390096,5012.48
Fender,minor,0.0404,0.7334,0.5219,0.0,2593.4111845597977,1695.0765846587335,4288.49
Fender,minor,0.0745,0.5491,0.8255,0.0,1648.7426833228512,3121.2159289885717,4769.96
Bumper,moderate,0.2946,0.4923,0.6997,0.0,3133.4142592893954,3549.6412275535286,6683.06
Windshield,minor,0.0666,0.808,0.6719,0.0,1412.620138909655,0.0,1412.62
Light,moderate,0.2004,0.894,0.8471,0.0,1874.2255906576206,0.0,1874.23
Headlight,minor,0.0117,0.7587,0.5925,0.0,1251.3804138435485,0.0,1251.38
Trunk,severe,0.5711,0.9491,0.4924,12164.054037174687,4061.401069939472,6391.543980415493,22617.0
Hood,severe,0.5429,0.8295,0.6933,15923.883357380337,3237.1963007574473,4417.640107930259,23578.72
Headlight,minor,0.0505,0.6927,0.436,0.0,1445.965058843704,0.0,1445.97
Light,moderate,0.2625,0.8054,0.7388,8670.698702334043,1561.226780149602,0.0,10231.93
Hood,moderate,0.1909,0.632,0.7821,0.0,2256.403736944246,3755.0447088862525,6011.45
Trunk,minor,0.01,0.9217,0.4695,14246.375107910133,2035.7690652794206,2503.509513118249,18785.65
Light,moderate,0.1799,0.8442,0.605,10632.23638492809,673.5480397851496,0.0,11305.78
Fender,moderate,0.4991,0.5817,0.446,0.0,3173.9444125656955,5110.046789034076,8283.99
Fender,moderate,0.1867,0.4837,0.4322,5241.272399116619,3098.616786493512,2985.113022026753,11325.0
Headlight,severe,0.6486,0.7171,0.7386,7703.157685864856,1529.3535831907852,0.0,9232.51
Windshield,severe,0.5576,0.8884,0.8975,5199.462185863623,3235.8614527844156,0.0,8435.32
Hood,moderate,0.1148,0.7224,0.7435,14458.06912430878,2479.877249782955,2429.6582173738693,19367.6
Hood,moderate,0.284,0.8843,0.8766,12832.611434642957,3266.903745115163,2979.477204676678,19078.99
Light,minor,0.0253,0.5478,0.9052,0.0,981.026274967838,0.0,981.03
Windshield,severe,0.5132,0.9333,0.6802,7089.6770014681615,3094.5143359921967,0.0,10184.19
Hood,minor,0.01,0.8792,0.5669,0.0,1928.2877942350117,2826.6399675498164,4754.93
Light,moderate,0.122,0.7555,0.8995,0.0,1392.1151881332512,0.0,1392.12
Windshield,minor,0.01,0.8845,0.7515,0.0,1196.2971776877782,0.0,1196.3
Light,minor,0.0826,0.4528,0.5483,0.0,1006.839684836334,0.0,1006.84
Bumper,severe,0.7927,0.6274,0.9627,6992.694405190145,3470.532399624275,8370.156748541965,18833.38
Light,severe,0.3,0.5769,0.6889,6550.772760372556,1774.7940486938596,0.0,8325.57
Fender,minor,0.0377,0.7299,0.6921,0.0,3037.475107718798,2151.0230175894076,5188.5
Fender,moderate,0.2737,0.4691,0.4869,0.0,2581.9870490060953,3770.509294393363,6352.5
Trunk,severe,0.6885,0.7077,0.6644,15025.534219871957,5062.407158207887,5392.708369708741,25480.65
Hood,moderate,0.1238,0.5903,0.4454,0.0,2542.6724133360385,1926.1620300034203,4468.83
Headlight,moderate,0.3828,0.5453,0.7639,0.0,1411.9253612115813,0.0,1411.93
Fender,minor,0.0939,0.6778,0.6524,0.0,2384.561400803535,3274.7499464565176,5659.31
Fender,minor,0.0808,0.7244,0.7398,0.0,2312.918637969164,2888.638538188725,5201.56
Hood,moderate,0.2567,0.4546,0.4958,0.0,3447.340114282917,3273.1783537249166,6720.52
Windshield,minor,0.0664,0.4751,0.8534,0.0,2475.7539128363537,0.0,2475.75
Fender,severe,0.5413,0.8595,0.6968,6680.347049647603,5170.834618867034,5400.5847310999325,17251.77
Headlight,severe,0.7129,0.7266,0.4326,5433.975817968651,1602.5163720176258,0.0,7036.49
Headlight,moderate,0.1812,0.6709,0.9073,0.0,840.9082066465323,0.0,840.91
Bumper,severe,0.4756,0.8652,0.6293,5751.583418720218,3184.014816267927,5565.348995998767,14500.95
Bumper,minor,0.01,0.5906,0.5937,0.0,1129.434931393167,2156.181882621238,3285.62
Hood,minor,0.0804,0.8747,0.7163,0.0,3152.9550173022417,1781.5073780003574,4934.46
Trunk,moderate,0.2958,0.5271,0.4996,0.0,3495.8582053422415,2551.076141329127,6046.93
Headlight,moderate,0.2733,0.4522,0.6572,9995.429394926417,956.6922728423513,0.0,10952.12
Headlight,minor,0.0239,0.7602,0.6068,0.0,927.3707556426759,0.0,927.37
Bumper,minor,0.0581,0.7751,0.8309,5911.311044678471,2184.6917332904136,3103.0482685761035,11199.05
Trunk,severe,0.5766,0.9765,0.413,16284.06509076146,3522.9938726571677,5744.389813422538,25551.45
Windshield,minor,0.0186,0.9674,0.6997,0.0,1808.7238463256983,0.0,1808.72
Hood,moderate,0.2577,0.5439,0.9004,11109.237506756253,2910.747457481925,3233.658459189047,17253.64
Headlight,severe,0.5841,0.4742,0.6866,11701.949675960923,1391.3542215436103,0.0,13093.3
Fender,minor,0.0174,0.7065,0.7865,0.0,2100.2025986130784,1909.0223085149653,4009.22
Light,moderate,0.2503,0.8137,0.756,8885.575709641967,1980.525323723774,0.0,10866.1
Light,moderate,0.3807,0.7396,0.4514,0.0,938.0063116954644,0.0,938.01
Fender,severe,0.7669,0.8911,0.9483,6161.74161309389,4156.237485911757,6375.385318597056,16693.36
Trunk,minor,0.0237,0.5726,0.472,0.0,2597.756286343797,1598.5402786793722,4196.3
Fender,moderate,0.4995,0.5627,0.6508,0.0,3232.8759115852213,4058.8160582275073,7291.69
Windshield,minor,0.0434,0.8001,0.9401,0.0,2469.7724680704478,0.0,2469.77
Bumper,minor,0.0698,0.8711,0.7507,0.0,1924.271391846219,2470.9602040292375,4395.23
Hood,moderate,0.1882,0.7337,0.791,0.0,2334.2410751810894,3056.2516973422266,5390.49
Bumper,moderate,0.3066,0.796,0.8142,8729.409251766167,2152.124106720724,3125.3016567284517,14006.84
Fender,minor,0.0653,0.9372,0.4963,0.0,1796.1652369167575,2378.4060018516434,4174.57
Windshield,moderate,0.2289,0.6574,0.786,0.0,1543.483452892573,0.0,1543.48
Light,moderate,0.1373,0.7911,0.8693,11009.079383062555,913.882191156476,0.0,11922.96
Hood,severe,0.4072,0.9229,0.4882,17880.27183391928,4182.614499623471,4238.430833744512,26301.32
Light,moderate,0.2671,0.8976,0.666,0.0,1214.687930690908,0.0,1214.69
Light,severe,0.5729,0.7471,0.888,10819.585067191685,1557.1971747088019,0.0,12376.78
Trunk,moderate,0.2891,0.7777,0.829,0.0,3391.4132594391044,5147.151139820555,8538.56
Bumper,minor,0.0559,0.6541,0.7045,0.0,1278.842153793401,1797.7291355207044,3076.57
Bumper,moderate,0.2612,0.959,0.8071,0.0,2484.3007732527217,3016.8008797415996,5501.1
Headlight,moderate,0.1953,0.959,0.6796,4003.7516029502754,1397.4449356079442,0.0,5401.2
Light,minor,0.0901,0.4939,0.4957,0.0,608.1384540023371,0.0,800.0
Hood,minor,0.01,0.5661,0.951,0.0,1515.3901261254991,2254.579523188819,3769.97
Hood,severe,0.7434,0.4965,0.5038,10743.416351662065,5223.592105416124,5462.169667344498,21429.18
Hood,minor,0.0731,0.4909,0.558,0.0,2294.290718989574,3500.306588184071,5794.6
Bumper,minor,0.0143,0.6277,0.6168,0.0,1212.4205569066157,2162.018737673889,3374.44
Trunk,moderate,0.1659,0.5048,0.438,0.0,2475.2463416573196,2662.500162495155,5137.75
Light,minor,0.0231,0.6651,0.906,0.0,1201.8791782125543,0.0,1201.88
Door,severe,0.8715,0.5631,0.8569,14426.9588109797,6713.615144146489,8253.333292302392,29393.91
Trunk,moderate,0.1448,0.9241,0.534,17632.026435732445,2219.746026550199,2022.0473984590533,21873.82
Trunk,moderate,0.3518,0.6883,0.835,0.0,2340.2798964571584,4236.139248774433,6576.42
Trunk,minor,0.0498,0.8185,0.5609,0.0,2042.6240451587446,2052.8327717801203,4095.46
Fender,moderate,0.1509,0.6767,0.9545,0.0,2639.9663020965722,2612.058567805869,5252.02
Door,minor,0.0393,0.6437,0.551,0.0,3358.0187321825474,3213.3338117149383,6571.35
Light,severe,0.692,0.6637,0.5097,6677.886171215888,1648.9659672128687,0.0,8326.85
Hood,minor,0.0295,0.4711,0.6206,0.0,1859.8046194981087,1850.104564432498,3709.91
Light,moderate,0.234,0.7108,0.8886,9419.22256525237,2032.4236741233767,0.0,11451.65
Hood,moderate,0.2804,0.4554,0.716,0.0,3405.606600299961,4627.5076966235065,8033.11
Fender,moderate,0.3427,0.9389,0.9108,5922.264496453512,3583.1721668953383,4270.810903588166,13776.25
Headlight,severe,0.6227,0.9569,0.7989,8357.948749936708,2746.097924679363,0.0,11104.05
Hood,moderate,0.2849,0.716,0.6749,10620.00346088495,2233.616334999311,3833.2349385786065,16686.85
Windshield,minor,0.0263,0.9286,0.5893,0.0,1902.3071686058531,0.0,1902.31
Hood,moderate,0.1582,0.9115,0.8519,0.0,3817.95806337953,3201.1268572714876,7019.08
Hood,minor,0.01,0.5281,0.7267,0.0,3032.6109455037335,2152.9963801560457,5185.61
Headlight,severe,0.7902,0.718,0.8092,0.0,3028.89079370248,0.0,3028.89
Light,moderate,0.3956,0.9675,0.5275,0.0,2145.9286753270517,0.0,2145.93
Door,minor,0.0492,0.9149,0.8291,0.0,2681.570036365272,2255.1202990323145,4936.69
Door,moderate,0.1983,0.7228,0.8297,0.0,3775.2895009728427,3354.0469820289504,7129.34
Trunk,severe,0.8169,0.6198,0.708,11188.189087652785,4290.524299840191,6314.757917746862,21793.47
Windshield,minor,0.0327,0.635,0.6653,0.0,2060.6378717881034,0.0,2060.64
Bumper,minor,0.0716,0.5913,0.8555,0.0,2017.1477831576467,2335.0608598382623,4352.21
Door,moderate,0.1942,0.9648,0.9146,14425.062162712517,3528.0477552091315,4401.666643444545,22354.78
Headlight,minor,0.0693,0.8105,0.8614,0.0,727.3520799764347,0.0,800.0
Fender,moderate,0.2062,0.7845,0.9764,0.0,2573.2886663820077,3206.02182215764,5779.31
Fender,severe,0.529,0.893,0.479,4992.829121538623,5228.656387265852,4702.847454624856,14924.33
Door,minor,0.1146,0.9077,0.7788,0.0,3016.4923487100773,2804.724501478686,5821.22
Windshield,minor,0.0757,0.5735,0.4242,0.0,1955.2521906479915,0.0,1955.25
Hood,minor,0.0403,0.549,0.821,0.0,2519.985078186855,1776.8208274897645,4296.81
Bumper,moderate,0.1676,0.8495,0.6706,0.0,1837.7488406027237,3569.084079601809,5406.83
Trunk,minor,0.0313,0.7345,0.8348,0.0,2915.64580713092,2094.0876956016846,5009.73
Hood,minor,0.01,0.4705,0.7147,0.0,2787.710006732964,2229.425301949785,5017.14
Trunk,severe,0.8403,0.4602,0.6758,15078.610348900744,4795.377560557974,6893.758968839664,26767.75
Fender,minor,0.0722,0.5376,0.8729,0.0,1979.710917295743,2652.2477256490547,4631.96
Windshield,minor,0.0277,0.5991,0.4979,0.0,1561.682262119126,0.0,1561.68
Trunk,minor,0.01,0.8727,0.7981,0.0,2558.396695595643,1838.889175484444,4397.29
Fender,minor,0.0324,0.5508,0.8689,0.0,2201.9236231412197,2764.5506075075045,4966.47
Hood,moderate,0.3864,0.4913,0.6293,12526.852907017124,2749.8226596814575,4668.408152961194,19945.08
Door,minor,0.0715,0.646,0.7775,0.0,3145.184166890749,2564.176893597431,5709.36
Door,minor,0.0363,0.8891,0.9298,0.0,3792.7262771177016,1474.6235566359094,5267.35
Light,minor,0.0526,0.5004,0.4294,0.0,752.9602073018594,0.0,800.0
Light,severe,0.5751,0.9479,0.587,10676.008814987059,1231.6699207745605,0.0,11907.68
Headlight,minor,0.065,0.5288,0.4974,0.0,1059.364791748278,0.0,1059.36
Hood,minor,0.0413,0.506,0.5486,0.0,1882.2603875553812,1463.171984981866,3345.43
Trunk,severe,0.6666,0.9388,0.6482,12635.04341318492,5745.376798321515,5093.8504407085975,23474.27
Windshield,moderate,0.1806,0.5337,0.5842,7138.207639045842,1742.4667561239903,0.0,8880.67
Trunk,moderate,0.2232,0.7439,0.8239,11302.82564819613,3086.949633270421,3081.1034868733864,17470.88
Bumper,minor,0.0612,0.6048,0.4494,0.0,1737.5814367778962,1891.2614591828155,3628.84
Headlight,moderate,0.3514,0.8618,0.832,10241.211912127765,1334.707652259802,0.0,11575.92
Light,moderate,0.2862,0.4753,0.5613,0.0,1387.7449451710836,0.0,1387.74
Headlight,moderate,0.5,0.4703,0.6325,0.0,1299.8287242256847,0.0,1299.83
Headlight,moderate,0.1747,0.6596,0.4281,12206.073605132093,1889.6298421671668,0.0,14095.7
Trunk,severe,0.693,0.8824,0.5229,16363.888956980472,5140.342745434025,5018.667625988335,26522.9
Door,moderate,0.23,0.7512,0.4547,0.0,2857.6843019438274,3209.3384824532477,6067.02
Headlight,minor,0.0864,0.9005,0.683,0.0,692.6069120593852,0.0,800.0
Headlight,moderate,0.1736,0.5863,0.8737,11651.146134355744,911.0485989258248,0.0,12562.19
Fender,moderate,0.2989,0.6069,0.842,4209.0097948234,2627.754131845549,4403.1576629827305,11239.92
Hood,severe,0.6284,0.7853,0.4,14911.226113846107,6028.988839519814,6879.026342106497,27819.24
Windshield,moderate,0.2023,0.6628,0.9651,5914.613772103215,2463.8509852087727,0.0,8378.46
Fender,minor,0.0791,0.9263,0.4201,0.0,2454.879687729454,2124.9896945760906,4579.87
Hood,moderate,0.265,0.8628,0.6115,11485.782635083599,3477.451077607276,3437.086371890153,18400.32
Bumper,minor,0.0871,0.5812,0.5522,0.0,2566.4501019151057,2686.8334667737254,5253.28
Trunk,minor,0.0295,0.8552,0.517,0.0,2000.1291471142847,2287.309223789663,4287.44
Headlight,minor,0.0262,0.8736,0.9426,0.0,1269.591969327086,0.0,1269.59
Headlight,moderate,0.4632,0.6677,0.9113,0.0,2506.0197413946876,0.0,2506.02
Door,minor,0.0398,0.4773,0.7638,0.0,3248.500632205909,2047.470997904514,5295.97
Hood,severe,0.8424,0.5664,0.8341,0.0,4553.858418219993,7430.785773506462,11984.64
Headlight,minor,0.0741,0.7707,0.7676,0.0,916.927303672711,0.0,916.93
Headlight,moderate,0.1872,0.5008,0.7344,0.0,1870.4612233627279,0.0,1870.46
Bumper,minor,0.0122,0.5502,0.9641,0.0,1569.2555080381132,2559.892544101085,4129.15
Light,moderate,0.135,0.8651,0.8954,0.0,1316.4098076926114,0.0,1316.41
Trunk,minor,0.0364,0.8134,0.8181,0.0,2123.0702821684868,2079.793563822391,4202.86
Hood,moderate,0.2731,0.6909,0.7701,17009.398694814798,2231.4286973044714,4611.870336707424,23852.7
Bumper,moderate,0.3394,0.6827,0.8435,8711.428424046506,2056.898850076071,4343.670101240599,15112.0
Fender,moderate,0.2884,0.8733,0.5988,0.0,4236.295466937358,4133.208727042972,8369.5
Light,minor,0.0633,0.4746,0.5559,0.0,1263.1726580767797,0.0,1263.17
Headlight,moderate,0.3329,0.6207,0.8751,0.0,1570.6903065238348,0.0,1570.69
Windshield,minor,0.0176,0.8834,0.499,12352.418976340687,1104.772939871796,0.0,13457.19
Bumper,severe,0.8796,0.7326,0.9319,4972.592675138653,2963.1248666358947,6107.937622914913,14043.66
Hood,moderate,0.1535,0.7776,0.4583,13850.606009482115,3707.828146703301,2451.0206997674327,20009.45
Hood,severe,0.6841,0.755,0.7139,15347.618303409809,3970.2726774637176,6522.708343294065,25840.6
Headlight,severe,0.7934,0.7741,0.9159,6807.695944423688,1769.5996197392412,0.0,8577.3
Door,minor,0.0354,0.5486,0.4892,0.0,2670.536018105819,2429.594230524795,5100.13
Door,moderate,0.151,0.6495,0.9378,0.0,4100.849624957086,2466.1350716435145,6566.98
Hood,moderate,0.3661,0.6074,0.5524,14632.22228105353,4327.538100883269,5453.110210389974,24412.87
Bumper,minor,0.0821,0.5819,0.5033,0.0,2026.4825618475177,1977.7283176252017,4004.21
Door,moderate,0.1583,0.7929,0.4888,0.0,2853.1169295719205,2597.917156696532,5451.03
Door,severe,0.3968,0.7309,0.5513,10844.213347573765,5105.100919319786,4122.1339652829,20071.45
Bumper,minor,0.0713,0.7972,0.8078,0.0,1927.2625451364495,3079.5030848717524,5006.77
Fender,minor,0.0171,0.6182,0.4056,0.0,2150.682191323461,1734.7844480987646,3885.47
Trunk,severe,0.6016,0.7358,0.5733,13948.784098429162,5647.08752192061,4136.937606288627,23732.81
Bumper,moderate,0.3178,0.9727,0.8864,0.0,3062.911686541314,3939.050094137759,7001.96
Bumper,minor,0.0307,0.6841,0.9299,9971.677325996923,1973.1990777897513,2194.113201889073,14138.99
Fender,minor,0.0187,0.5565,0.7036,0.0,1835.9735749649262,1837.2248205617182,3673.2
Light,minor,0.0832,0.5057,0.4189,0.0,1489.3920860906333,0.0,1489.39
Light,minor,0.01,0.9078,0.5881,0.0,641.9186356604881,0.0,800.0
Fender,minor,0.0388,0.6351,0.7522,0.0,2894.493780888804,2899.5676051548676,5794.06
Light,severe,0.6948,0.4796,0.4138,4571.661681778874,1471.1205667541774,0.0,6042.78
Headlight,moderate,0.1157,0.7945,0.4431,0.0,1235.0765196221125,0.0,1235.08
Headlight,moderate,0.2376,0.526,0.634,0.0,1572.5910602772456,0.0,1572.59
Bumper,moderate,0.1742,0.9355,0.5546,8230.951219636856,2483.9957167556004,3846.0426680272863,14560.99
Bumper,minor,0.0522,0.6831,0.6291,0.0,1805.008716794054,2801.5189577386013,4606.53
Bumper,severe,0.6319,0.8452,0.9132,8628.091364685491,4355.1046780014985,5743.893830609194,18727.09
Light,moderate,0.4199,0.8306,0.6621,0.0,1323.8667465029012,0.0,1323.87
Trunk,minor,0.0489,0.6233,0.8542,0.0,1740.657232340598,2431.6775865975933,4172.33
Headlight,minor,0.0232,0.951,0.574,0.0,1270.464684348361,0.0,1270.46
Hood,moderate,0.1519,0.837,0.5857,13997.416700078424,3715.218787034325,2730.61617602758,20443.25
Fender,minor,0.0785,0.7405,0.6618,0.0,2805.6986649376204,2113.2298145296786,4918.93
Hood,severe,0.4357,0.5004,0.9511,13298.454834735068,3276.2211012408134,4602.409199976826,21177.09
Door,severe,0.4785,0.739,0.9291,9334.094381605833,4881.9575610014435,6785.701993872981,21001.75
Bumper,moderate,0.2475,0.717,0.4601,0.0,2577.75253790856,3144.11910796992,5721.87
Light,minor,0.0665,0.5013,0.9734,0.0,975.3050517903843,0.0,975.31
Fender,minor,0.0108,0.7486,0.5837,0.0,2499.067752870602,2553.115923966825,5052.18
Windshield,moderate,0.2266,0.5568,0.7834,0.0,2235.9449467726517,0.0,2235.94
Headlight,moderate,0.4458,0.4613,0.5182,9632.15522826197,1641.8352943990644,0.0,11273.99
Headlight,minor,0.0334,0.6775,0.5211,0.0,1395.921314048068,0.0,1395.92
Fender,moderate,0.2675,0.8689,0.4622,0.0,3741.2728389913595,2556.0984568478366,6297.37
Door,minor,0.0702,0.799,0.7383,0.0,3392.4317923358863,2138.655220540869,5531.09
Hood,moderate,0.437,0.5121,0.9423,16610.398474063637,3168.2310299018827,3895.4502393800335,23674.08
Light,severe,0.6313,0.8776,0.8634,4589.002945986161,1961.8468439769404,0.0,6550.85
Headlight,moderate,0.2678,0.8121,0.6204,11190.395087041405,1733.6400874684298,0.0,12924.04
Headlight,minor,0.1226,0.5677,0.8728,0.0,688.9564276874576,0.0,800.0
Hood,moderate,0.2931,0.4901,0.8552,10233.811596996853,2764.551245673351,3866.4194775656733,16864.78
Windshield,moderate,0.1,0.5974,0.9127,0.0,1428.9014752572584,0.0,1428.9
Bumper,moderate,0.2456,0.7659,0.7641,0.0,2982.2627664534043,3331.3189042122012,6313.58
Door,severe,0.6398,0.9125,0.5224,10704.894906289685,5252.498485299334,8544.138452141826,24501.53
Bumper,minor,0.0619,0.4897,0.4784,0.0,2347.0531898551435,3115.381050160975,5462.43
Trunk,minor,0.01,0.8893,0.8528,0.0,2209.9582791740327,2054.075436167086,4264.03
Bumper,moderate,0.3645,0.8047,0.9627,10458.478896864179,3543.3571672064368,2910.082700461352,16911.92
Headlight,minor,0.0483,0.6344,0.8331,0.0,814.3197181773143,0.0,814.32
Bumper,minor,0.0748,0.504,0.6865,0.0,2441.064798580273,2213.4787268659843,4654.54
Trunk,severe,0.7365,0.585,0.4446,10546.216409455374,5198.4493138002035,5696.928460013118,21441.59
Hood,moderate,0.1634,0.4734,0.7368,12385.741414021852,2525.9399053506904,2934.657055640624,17846.34
Fender,minor,0.0405,0.6004,0.8442,0.0,2403.8192023726756,1627.0620504076412,4030.88
Headlight,moderate,0.3859,0.9123,0.8166,0.0,1231.621077002267,0.0,1231.62
Trunk,severe,0.3,0.5856,0.8752,12225.916189608557,3271.3273600377383,4637.3367446865495,20134.58
Light,severe,0.3,0.6647,0.7457,10687.13121991409,1029.0974109017654,0.0,11716.23
Bumper,moderate,0.1413,0.9,0.8438,4209.903095984843,1607.2307970748218,2795.9581385576776,8613.09
Fender,minor,0.0775,0.4851,0.5918,0.0,2243.877712637298,3345.7559676416217,5589.63
Light,moderate,0.2404,0.8552,0.9301,12400.010913263131,1354.6123854156763,0.0,13754.62
Door,minor,0.0523,0.8513,0.8376,0.0,3155.8880396970508,2186.4536758244585,5342.34
Windshield,moderate,0.2405,0.5955,0.9421,5979.725448568324,1363.0658128356865,0.0,7342.79
Light,severe,0.809,0.9249,0.8861,11167.85089295794,2965.494526734701,0.0,14133.35
Light,minor,0.0291,0.9749,0.7808,0.0,776.5583340257357,0.0,800.0
Windshield,minor,0.0684,0.7044,0.6726,0.0,2461.5684752039515,0.0,2461.57
Door,moderate,0.1,0.8754,0.546,0.0,3705.1798096562284,2736.6080787306637,6441.79
Hood,minor,0.049,0.8597,0.7521,0.0,2471.7608267035444,2530.949031145699,5002.71
Windshield,minor,0.0523,0.6026,0.4095,0.0,1836.46066216148,0.0,1836.46
Bumper,severe,0.5635,0.8959,0.5077,8648.195749647082,3113.153718276835,6918.837813051834,18680.19
Headlight,moderate,0.3146,0.8376,0.6378,0.0,1412.1826815136048,0.0,1412.18
Trunk,moderate,0.3052,0.959,0.8128,18142.894184699,4122.074521004339,4744.224627843387,27009.19
Light,severe,0.6257,0.8683,0.4581,11648.227743257637,2486.455961036399,0.0,14134.68
Fender,minor,0.026,0.5675,0.572,0.0,2147.983929880442,2067.4921867145913,4215.48
Windshield,severe,0.6989,0.7645,0.8002,8869.49417879759,3643.9626620667036,0.0,12513.46
Headlight,moderate,0.2903,0.9544,0.6868,6593.568708760141,1425.597549002881,0.0,8019.17
Bumper,severe,0.3636,0.8593,0.6284,5282.062201258632,2943.0857368480756,3736.1732758526837,11961.32
Bumper,minor,0.1093,0.8604,0.9527,0.0,1589.9334255104584,2447.6258769522024,4037.56
Headlight,minor,0.01,0.5392,0.4238,0.0,989.7360189246011,0.0,989.74
Windshield,moderate,0.2083,0.4827,0.7993,0.0,2780.128906014987,0.0,2780.13
Fender,minor,0.0628,0.6683,0.5586,0.0,3109.7030701609615,1974.004754035926,5083.71
Trunk,severe,0.7335,0.9346,0.7683,10585.179176705293,5007.579839595758,6534.804503776872,22127.56
Door,severe,0.5799,0.9042,0.9299,7916.399566116882,4945.750249350144,5739.099306379236,18601.25
Fender,moderate,0.1794,0.8123,0.9376,0.0,2283.6704796172803,2481.5889212240622,4765.26
Trunk,minor,0.0743,0.8957,0.5373,0.0,2495.7739640397313,2074.944291200235,4570.72
Bumper,moderate,0.273,0.8929,0.7531,7927.607945906395,2357.252804753403,4744.984897417474,15029.85
Bumper,severe,0.5402,0.6967,0.9429,0.0,3765.5869073372023,5196.336734561266,8961.92
Bumper,minor,0.0903,0.6511,0.978,0.0,2611.563930947545,1721.870321047232,4333.43
Windshield,severe,0.723,0.9442,0.7598,9484.969324408712,4398.806002041919,0.0,13883.78
Hood,moderate,0.3185,0.9064,0.8835,0.0,3981.449149640997,4484.81751759101,8466.27
Windshield,moderate,0.1,0.4681,0.4997,0.0,1878.438306735602,0.0,1878.44
Windshield,moderate,0.1921,0.6024,0.9465,6087.029825989768,2566.6988623524176,0.0,8653.73
Trunk,minor,0.0585,0.8241,0.5138,0.0,2062.5260936671616,2727.784788579108,4790.31
Hood,minor,0.0828,0.7446,0.5772,0.0,2494.2159192451113,1885.070796606862,4379.29
Headlight,moderate,0.1469,0.9335,0.9626,0.0,1727.239059466989,0.0,1727.24
Light,minor,0.0675,0.6575,0.5469,0.0,993.2674978225817,0.0,993.27
Light,moderate,0.1,0.7427,0.4858,9325.107053144598,934.3675767253478,0.0,10259.47
Trunk,minor,0.0443,0.6916,0.9367,0.0,2261.5906473613854,2130.9819573218538,4392.57
Bumper,minor,0.045,0.7854,0.4071,0.0,1505.0747770362648,1597.919634248679,3102.99
Fender,severe,0.8635,0.6866,0.64,5430.379675607994,4571.463832142642,7121.760517753032,17123.6
Hood,minor,0.0877,0.9227,0.5374,0.0,2125.0237449943124,3140.2354566652316,5265.26
Windshield,minor,0.01,0.5898,0.7954,0.0,1462.4653303909222,0.0,1462.47
Bumper,moderate,0.1397,0.7751,0.698,0.0,1967.4996065850285,2948.442596130436,4915.94
Trunk,moderate,0.2036,0.72,0.829,0.0,3308.6122915501924,3180.979464097938,6489.59
Door,moderate,0.2125,0.9492,0.5918,0.0,3379.879095439386,3152.0465312540737,6531.93
Light,moderate,0.4215,0.8287,0.4576,0.0,1468.4869359583085,0.0,1468.49
Hood,moderate,0.2052,0.6768,0.6666,0.0,3358.5778089674327,3334.3778616843174,6692.96
Hood,severe,0.5374,0.6093,0.6772,14916.622437565582,3397.779806122355,4767.711085934801,23082.11
Door,minor,0.0626,0.5523,0.796,0.0,2816.455283146727,2838.0298324519767,5654.49
Fender,severe,0.6741,0.4885,0.4124,5778.86080446297,4717.110843727249,4483.602936087705,14979.57
Door,minor,0.0663,0.8871,0.6922,0.0,2196.985843002628,2479.1747304095866,4676.16
Door,minor,0.0266,0.7702,0.616,0.0,2447.232607859468,1631.8093114168105,4079.04
Hood,moderate,0.2677,0.6171,0.9017,0.0,2893.7005365273117,4775.684445077041,7669.38
Windshield,moderate,0.2602,0.506,0.4427,7845.109632790763,2674.9997572730063,0.0,10520.11
Fender,moderate,0.2519,0.4936,0.9459,5852.750133095734,2246.6418314311636,3664.4760913969426,11763.87
Headlight,minor,0.0439,0.488,0.9194,0.0,1103.8961027306075,0.0,1103.9
Fender,minor,0.0644,0.6663,0.6132,0.0,2190.2547721938026,2324.800823661515,4515.06
Windshield,moderate,0.265,0.7897,0.8684,11573.299167320623,2009.8758121418593,0.0,13583.17
Fender,minor,0.0594,0.5913,0.7714,0.0,2274.727322022455,2245.1089876722476,4519.84
Windshield,minor,0.0671,0.8784,0.9391,0.0,1278.9227360015425,0.0,1278.92
Door,moderate,0.2552,0.5674,0.8714,0.0,4131.483999508433,3753.71314618743,7885.2
Hood,moderate,0.2868,0.8847,0.4333,0.0,3657.3216783072635,3687.9917319777323,7345.31
Light,minor,0.0999,0.5186,0.8139,4366.948873729669,1691.538721990371,0.0,6058.49
Fender,minor,0.0689,0.8199,0.6305,0.0,3176.7660357764335,2829.5080922614416,6006.27
Bumper,minor,0.051,0.7944,0.9334,0.0,1959.344220761056,2598.4567838537173,4557.8
Windshield,minor,0.0543,0.5422,0.6499,0.0,1304.6410839378113,0.0,1304.64
Trunk,minor,0.0132,0.935,0.8702,0.0,2901.306296056339,2076.2189616080213,4977.53
Light,minor,0.0466,0.4555,0.6272,0.0,634.8929685105912,0.0,800.0
Light,minor,0.0645,0.9725,0.5591,0.0,907.1342742941023,0.0,907.13
Fender,minor,0.0573,0.6242,0.7831,0.0,2553.482252874683,2564.337109206756,5117.82
Hood,moderate,0.3067,0.6657,0.6996,0.0,3131.6992557917038,2936.3581255309095,6068.06
Headlight,severe,0.3988,0.6173,0.4233,3335.628847845048,1097.179387221896,0.0,4432.81
Headlight,moderate,0.1908,0.485,0.4299,9761.363237263096,784.5382197274997,0.0,10545.9
Light,moderate,0.2257,0.6703,0.6595,8573.769953612164,1780.074001555701,0.0,10353.84
Trunk,minor,0.0897,0.6608,0.6024,0.0,1848.720530895325,3166.0645206046047,5014.79
Trunk,minor,0.0553,0.7412,0.678,0.0,2937.641092144121,3093.798577850294,6031.44
Fender,moderate,0.1508,0.8822,0.975,7216.989561881343,2765.1238149484902,2919.944861063183,12902.06
Headlight,minor,0.0335,0.5136,0.933,0.0,1352.5440339391746,0.0,1352.54
Hood,minor,0.0267,0.5527,0.8933,0.0,2941.6817011862063,1727.8008072701953,4669.48
Trunk,severe,0.6623,0.6871,0.9453,16410.967204787066,3498.786714829594,5059.305498085243,24969.06
Headlight,minor,0.0463,0.7493,0.5036,11899.606129773352,790.434285468953,0.0,12690.04
Trunk,moderate,0.1649,0.6078,0.7105,0.0,3036.276757248668,2773.392428045968,5809.67
Hood,severe,0.6636,0.9278,0.8672,12928.817082512844,5677.26831460975,6262.13135956104,24868.22
Headlight,severe,0.3802,0.8793,0.4054,5344.680577925802,984.0692513117926,0.0,6328.75
Fender,minor,0.064,0.7359,0.7917,0.0,1849.2337557639764,1949.426182340217,3798.66
Headlight,moderate,0.2325,0.8556,0.5827,0.0,1640.964796927193,0.0,1640.96
Bumper,moderate,0.3031,0.6152,0.6039,0.0,3363.7144309516884,3375.7152151059713,6739.43
Trunk,minor,0.0213,0.8524,0.6606,0.0,2067.4381845622424,2244.8350718091697,4312.27
Door,severe,0.444,0.9253,0.6094,9524.391065935268,4812.013310526598,6667.179622267336,21003.58
Windshield,minor,0.0726,0.5928,0.4509,0.0,2116.960472960583,0.0,2116.96
Windshield,minor,0.0581,0.973,0.6006,0.0,1989.0652707871936,0.0,1989.07
Fender,moderate,0.2157,0.8149,0.5133,0.0,2920.16623174233,2547.962169804491,5468.13
Door,minor,0.0874,0.4819,0.4114,0.0,3175.478514717965,1935.6868418913184,5111.17
Door,moderate,0.1252,0.465,0.7036,14249.247815620283,3248.6235650864555,3173.400718824101,20671.27
Fender,minor,0.044,0.7443,0.77,0.0,2222.823775940894,2223.5610029462646,4446.38
Bumper,severe,0.7648,0.8638,0.6373,7483.58368900511,3244.1427759397925,6797.057327067846,17524.78
Bumper,severe,0.4873,0.8966,0.931,5861.942002086363,3166.886748835002,3606.7727864653425,12635.6
Bumper,moderate,0.1041,0.5451,0.5383,0.0,1214.061878329106,2658.8236442774555,3872.89
Windshield,minor,0.01,0.8302,0.5947,0.0,1176.9545738713446,0.0,1176.95
Hood,minor,0.0531,0.4617,0.9384,0.0,1539.2203057266267,2933.989810994224,4473.21
Door,minor,0.0321,0.7157,0.6393,9994.73151321529,3107.729468540584,2552.209314711934,15654.67
Door,moderate,0.2796,0.9246,0.5016,0.0,4674.199795209067,4617.748885035673,9291.95
Trunk,minor,0.0697,0.9655,0.4631,0.0,2644.23475736093,2097.643559973907,4741.88
Hood,severe,0.6797,0.7039,0.966,0.0,4967.839087374444,8560.154214050854,13527.99
Hood,minor,0.039,0.5076,0.9027,0.0,2323.9758086710453,2726.683187495309,5050.66
Fender,moderate,0.1,0.5154,0.4028,0.0,2807.9029811144997,2577.844466443411,5385.75
Light,minor,0.0333,0.5195,0.4731,0.0,1079.741102379658,0.0,1079.74
Trunk,moderate,0.1674,0.8149,0.7829,0.0,2465.6531637459516,2780.6659721632095,5246.32
Door,moderate,0.2919,0.9285,0.4838,10586.254057700497,4343.751978204414,3211.3011151424016,18141.31
Windshield,minor,0.0524,0.5034,0.9477,0.0,1436.4448480686328,0.0,1436.44
Door,moderate,0.2924,0.8311,0.4587,11822.27045340048,3970.123658422276,4537.030139844392,20329.42
Headlight,minor,0.0211,0.4544,0.4516,0.0,880.198929044895,0.0,880.2
Hood,moderate,0.1,0.8926,0.9114,18275.75246984437,2799.5073229637715,3391.2744488061985,24466.53
Fender,minor,0.01,0.9593,0.801,0.0,1664.9210451270458,2284.8048775746956,3949.73
Hood,moderate,0.3518,0.8238,0.4062,0.0,3002.6216375449903,3308.093794952116,6310.72
Hood,moderate,0.2321,0.7753,0.6713,12263.123306891,3033.530716088216,4068.7168367839618,19365.37
Light,minor,0.0178,0.6014,0.6043,0.0,603.3035969971545,0.0,800.0
Hood,minor,0.0204,0.6109,0.7911,0.0,2576.2245131355107,2364.105196802844,4940.33
Fender,minor,0.0526,0.9695,0.8702,0.0,2283.031282759214,2359.0800345427574,4642.11
Light,minor,0.01,0.5368,0.9554,0.0,849.4177436372971,0.0,849.42
Hood,severe,0.4694,0.9037,0.4501,12332.635456593558,4932.943144871177,5226.558551163529,22492.14
Light,severe,0.7983,0.4595,0.8079,5947.395423037365,1815.7952393843411,0.0,7763.19
Light,moderate,0.1525,0.7273,0.5715,10705.859618326087,1922.7150395528079,0.0,12628.57
Fender,severe,0.7497,0.5767,0.4481,3768.2842117376063,4586.160751504434,6442.898791666158,14797.34
Windshield,severe,0.4921,0.943,0.6233,7285.245776592837,2794.6855053401855,0.0,10079.93
Headlight,moderate,0.3463,0.8312,0.6954,0.0,999.5642844813718,0.0,999.56
Trunk,moderate,0.3372,0.7398,0.4894,0.0,3064.4965344146085,3578.4688683541835,6642.97
Windshield,severe,0.3,0.8224,0.9513,6520.2145982804905,2697.5110243673585,0.0,9217.73
Trunk,minor,0.1147,0.4899,0.411,0.0,2238.437438178791,2249.698091027167,4488.14
Headlight,minor,0.0815,0.7126,0.5428,0.0,675.1764870666241,0.0,800.0
Trunk,minor,0.0573,0.5319,0.7078,0.0,2400.5598081856833,2263.8614444204,4664.42
Trunk,minor,0.0566,0.9536,0.5314,0.0,2505.207807173704,2287.6268755292,4792.83
Windshield,severe,0.8415,0.8883,0.9459,7927.8051130940985,4115.423692420434,0.0,12043.23
Light,minor,0.0697,0.6988,0.7009,0.0,1237.350715784988,0.0,1237.35
Fender,minor,0.0519,0.5312,0.9212,0.0,2636.5701204285724,1918.0975093945767,4554.67
Fender,moderate,0.2884,0.6124,0.7488,6429.239948133487,4100.506900400286,3344.3897311273518,13874.14
Hood,severe,0.8822,0.7214,0.4663,15999.410988419197,4169.749316251155,5625.178775535853,25794.34
Bumper,moderate,0.3806,0.8155,0.4388,4901.060200928179,3463.5105434298785,3347.9621997957192,11712.53
Light,moderate,0.1,0.5988,0.6614,10580.303269996397,1054.9115199055864,0.0,11635.21
Windshield,moderate,0.361,0.7049,0.4534,0.0,1890.4090658230584,0.0,1890.41
Light,severe,0.4643,0.5853,0.956,6515.867457049266,1198.828735133622,0.0,7714.7
Hood,moderate,0.2318,0.6547,0.9322,0.0,2979.03555470505,4316.844353645122,7295.88
Bumper,minor,0.0831,0.644,0.9268,0.0,1845.096378726852,2474.388357289869,4319.48
Fender,minor,0.0714,0.84,0.9407,0.0,2841.055317841681,3074.430684980479,5915.49
Bumper,minor,0.0521,0.8113,0.6611,0.0,1737.2693281512709,2603.583493232462,4340.85
Headlight,severe,0.632,0.9172,0.9378,10891.843599721828,1387.5663645521383,0.0,12279.41
Headlight,minor,0.0381,0.8707,0.7204,0.0,686.7607539213453,0.0,800.0
Trunk,minor,0.0649,0.4788,0.9424,0.0,1740.1799607193043,1927.206666040948,3667.39
Bumper,moderate,0.4828,0.5169,0.7494,0.0,4314.996289037777,6671.26937196119,10986.27
Light,severe,0.4374,0.6762,0.8576,9092.943039912761,2201.606272526264,0.0,11294.55
Bumper,severe,0.5867,0.5919,0.8917,9999.833447001418,3788.501287880046,4836.863981575814,18625.2
Bumper,moderate,0.2046,0.9221,0.806,4109.22135154009,1650.2014098779196,3394.109957585118,9153.53
Windshield,minor,0.0337,0.8735,0.4906,6931.017412094081,1389.826306275587,0.0,8320.84
Fender,severe,0.5046,0.5254,0.8046,3512.03920239957,3264.2128922581574,5326.039628097249,12102.29
Hood,minor,0.0519,0.675,0.772,0.0,2544.4107652062817,1552.6498353909074,4097.06
Light,minor,0.1076,0.5977,0.6477,0.0,1102.0025860861895,0.0,1102.0
Trunk,minor,0.0362,0.9465,0.7829,16657.62516257952,1746.4874306749919,2062.021835232393,20466.13
Trunk,severe,0.6275,0.8655,0.5036,9656.192900656833,4123.984605963303,4300.599488901346,18080.78
Bumper,severe,0.5419,0.6286,0.5107,4365.186592485782,4727.936038934227,5224.695964258036,14317.82
Windshield,minor,0.01,0.9083,0.9533,0.0,2022.7963524627842,0.0,2022.8
Fender,minor,0.0645,0.5307,0.4409,0.0,2614.7202635835465,2425.1215287533505,5039.84
Hood,severe,0.6571,0.8791,0.9452,13929.006321984452,5572.112947766554,8304.586419358997,27805.71
Windshield,minor,0.1114,0.6562,0.5598,0.0,1597.0207527407647,0.0,1597.02
Bumper,minor,0.0885,0.5442,0.5405,0.0,1916.0371918851288,2003.6450891710667,3919.68
Trunk,severe,0.822,0.8523,0.5907,13806.249515271687,4556.374768957365,7347.08333114641,25709.71
Headlight,minor,0.0674,0.7027,0.77,0.0,1220.2595055101308,0.0,1220.26
Fender,moderate,0.1566,0.8653,0.6881,3416.5785949807128,2900.334857641262,3175.1468983354357,9492.06
Trunk,severe,0.7305,0.7507,0.7528,15276.291865371935,4554.536007937625,8405.31229121552,28236.14
Windshield,minor,0.0345,0.4894,0.7047,0.0,1524.1743544455305,0.0,1524.17
Windshield,moderate,0.276,0.8408,0.8142,11656.715936000819,2230.4898927946692,0.0,13887.21
Headlight,minor,0.0707,0.8882,0.5326,0.0,939.1489487445884,0.0,939.15
Fender,moderate,0.1,0.6462,0.9347,4177.23441302251,2199.8171291006256,2416.5355039867914,8793.59
Fender,severe,0.609,0.5172,0.4228,6044.891297339794,4027.2975020360623,5120.983595505057,15193.17
Windshield,minor,0.0964,0.9086,0.9384,0.0,2625.279411599611,0.0,2625.28
Bumper,severe,0.5547,0.6422,0.7461,7189.630011002101,3145.3973260257303,4279.448088905836,14614.48
Light,minor,0.0506,0.7796,0.9233,0.0,899.0942963681682,0.0,899.09
Bumper,minor,0.0504,0.5787,0.4888,0.0,1645.6790659064964,2057.647161404559,3703.33
Bumper,minor,0.0151,0.6534,0.6709,0.0,1746.7509184807718,1861.2489916136053,3608.0
Fender,severe,0.5329,0.4699,0.7347,4133.097782000675,3821.842829488668,6629.615303355665,14584.56
Bumper,moderate,0.1,0.6266,0.7934,0.0,1048.6057329752925,3217.505573151035,4266.11
Door,severe,0.95,0.7246,0.9649,10749.614099179835,5864.0823441178645,9675.577735477498,26289.27
Headlight,minor,0.035,0.7604,0.523,0.0,892.1960844710693,0.0,892.2
Headlight,severe,0.7289,0.6143,0.9709,6520.096644648472,1964.5574629740665,0.0,8484.65
Bumper,minor,0.0736,0.7049,0.4936,0.0,2152.4584456794228,1995.1251324189213,4147.58
Hood,moderate,0.2887,0.8013,0.6759,0.0,3429.8211044526024,3649.482969000425,7079.3
Light,moderate,0.1645,0.6948,0.6241,0.0,1349.5018349195668,0.0,1349.5
Trunk,minor,0.0524,0.501,0.6565,0.0,2050.221351346511,2090.379690469207,4140.6
Door,moderate,0.1807,0.8469,0.4891,13344.28686752069,3859.2216772484244,2583.299737469506,19786.81
Door,minor,0.0626,0.5172,0.785,0.0,2059.3421325768218,2176.086172839951,4235.43
Door,minor,0.0827,0.9435,0.7092,0.0,3601.4861192660005,3372.4828870732313,6973.97
Light,severe,0.4706,0.9077,0.6763,9183.106111283256,1698.8416300403055,0.0,10881.95
Trunk,minor,0.0436,0.8149,0.7539,0.0,2015.3771097160154,2968.8180154032107,4984.2
Fender,minor,0.0954,0.5502,0.8069,0.0,2320.7998911518775,2757.080402862274,5077.88
Light,moderate,0.2815,0.7514,0.4904,3446.1271396136553,1332.3492544927242,0.0,4778.48
Door,minor,0.0344,0.8272,0.4234,0.0,3672.10321845179,2388.1832644506026,6060.29
Hood,minor,0.0453,0.5609,0.9434,0.0,2639.5453920137174,3160.5459930107327,5800.09
Headlight,minor,0.054,0.5664,0.7086,0.0,788.8356671208251,0.0,800.0
Fender,minor,0.0524,0.8752,0.7462,0.0,2661.996002406258,2380.460113235599,5042.46
Hood,severe,0.4333,0.6025,0.5147,14149.7248601733,2736.8612847602676,4253.246194601441,21139.83
Fender,minor,0.0229,0.9204,0.5775,0.0,2380.0254335127606,1771.611308165062,4151.64
Fender,minor,0.0822,0.4782,0.716,0.0,2623.591302495377,1827.4969249291116,4451.09
Door,severe,0.7973,0.9544,0.4287,14246.928755022731,7679.830457925877,6495.7848493934,28422.54
Headlight,minor,0.0523,0.5479,0.9213,0.0,1368.596338971207,0.0,1368.6
Hood,minor,0.0594,0.9554,0.921,0.0,2128.65727531248,2524.177684204876,4652.83
Windshield,moderate,0.1799,0.8957,0.5727,7490.4297871249555,2211.8184440404966,0.0,9702.25
Fender,minor,0.0382,0.6399,0.4247,0.0,1755.9788046055812,3149.463225131707,4905.44
Headlight,moderate,0.3502,0.5538,0.8031,0.0,1727.5495918888007,0.0,1727.55
Light,severe,0.5989,0.8483,0.4837,10668.00092161165,2031.665065873967,0.0,12699.67
Windshield,moderate,0.228,0.8806,0.8839,0.0,3280.2106166914496,0.0,3280.21
Hood,minor,0.0499,0.8732,0.4847,0.0,1647.8002805175859,2733.13859249466,4380.94
Windshield,moderate,0.4162,0.4936,0.4605,0.0,1807.0508622466496,0.0,1807.05
Door,minor,0.0606,0.8309,0.7655,0.0,2281.637877514333,1951.3564673029534,4232.99
Bumper,minor,0.0437,0.559,0.6984,0.0,1372.0965107349518,1754.956475438115,3127.05
Bumper,moderate,0.5,0.6422,0.7102,0.0,2418.5113376421273,6488.144608132985,8906.66
Hood,minor,0.0486,0.7016,0.5551,0.0,2661.007155830502,1912.207190295932,4573.21
Door,moderate,0.2603,0.6056,0.7533,14025.12896281492,3996.1943048974204,3634.846515025472,21656.17
Hood,moderate,0.1611,0.4844,0.7758,0.0,3313.4866359586495,3455.386564161329,6768.87
Bumper,moderate,0.2685,0.5946,0.9084,5790.332977492539,1592.766074848524,4560.238625553432,11943.34
Trunk,minor,0.0726,0.6317,0.7287,0.0,1913.7526727928725,1931.6136398943072,3845.37
Hood,severe,0.6485,0.5172,0.6964,11409.719473883595,2732.9419337436543,5141.123110976781,19283.78
Fender,minor,0.0715,0.7396,0.9351,0.0,2590.4750441348656,2298.0898176171936,4888.56
Hood,moderate,0.3089,0.9318,0.7785,0.0,2901.5793145525536,4182.56569045653,7084.15
Bumper,severe,0.3959,0.9643,0.5029,9187.378335105946,2305.341709890096,5300.4814551433565,16793.2
Hood,moderate,0.1322,0.6597,0.5386,0.0,2057.0613749030904,2647.314440002424,4704.38
Hood,moderate,0.3357,0.5191,0.9192,13408.429179384868,3388.5873276743596,2613.2277999302382,19410.24
Windshield,minor,0.0645,0.5647,0.905,0.0,1559.453254794589,0.0,1559.45
Bumper,minor,0.0134,0.9219,0.8293,0.0,1760.9163732805296,1769.8346372025153,3530.75
Hood,minor,0.0965,0.5396,0.4426,0.0,2344.287648704255,2824.8246752202626,5169.11
Door,moderate,0.3404,0.5437,0.4308,11751.75484800085,5670.197052114918,5301.892223844084,22723.84
Fender,minor,0.01,0.7606,0.9694,0.0,2300.5343923429373,2269.73810618513,4570.27
Hood,minor,0.01,0.9137,0.6355,0.0,1527.7501253421017,1667.7102803503528,3195.46
Door,minor,0.0753,0.8592,0.4023,0.0,3021.284250585723,2561.8685979469114,5583.15
Bumper,minor,0.0912,0.6567,0.8845,0.0,1272.7306260894927,2540.137083616175,3812.87
Fender,minor,0.0997,0.586,0.4785,0.0,2283.5000520951644,1851.2167697011046,4134.72
Light,severe,0.5891,0.8502,0.8036,7103.353594391708,1713.8928635131215,0.0,8817.25
Windshield,moderate,0.382,0.6568,0.7576,0.0,2121.7901403174933,0.0,2121.79
Bumper,moderate,0.2775,0.8294,0.4524,0.0,2659.8727154818775,4786.245236685063,7446.12
Fender,severe,0.6381,0.5432,0.552,6502.628786273318,5145.2456909011535,7013.341149241495,18661.22
Fender,moderate,0.1511,0.8247,0.7655,7321.113605187792,1745.002782934549,3448.312637837081,12514.43
Trunk,minor,0.01,0.6625,0.944,0.0,2108.708438036395,2104.6067736024024,4213.32
Trunk,severe,0.5163,0.6244,0.6205,13848.42295849104,3547.3433460831275,5036.789334259481,22432.56
Door,moderate,0.1,0.5938,0.8237,0.0,3350.7970849961694,2495.4106875828807,5846.21
Fender,minor,0.0262,0.6348,0.4867,0.0,2900.7992703721297,2900.0409304088357,5800.84
Headlight,minor,0.028,0.6065,0.5356,0.0,903.4133841774428,0.0,903.41
Trunk,severe,0.4286,0.8664,0.7372,12152.300718329003,3514.048133070875,4330.379459969214,19996.73
Hood,minor,0.0555,0.7014,0.4371,0.0,2678.06342372505,2444.5996838722963,5122.66
Trunk,moderate,0.363,0.6221,0.7581,16002.109253814297,3778.861083443991,4234.627706532779,24015.6
Trunk,moderate,0.2129,0.4653,0.7075,0.0,2451.128704278045,3797.605242527544,6248.73
Trunk,moderate,0.3811,0.628,0.4229,0.0,3163.792055006931,3829.979505100241,6993.77
Headlight,moderate,0.2274,0.8759,0.735,12487.617158261935,1499.9957205901064,0.0,13987.61
Trunk,moderate,0.1735,0.9776,0.6888,0.0,3267.4386644684305,3655.558749747289,6923.0
Windshield,minor,0.0803,0.8679,0.9563,0.0,1557.801631089885,0.0,1557.8
Door,severe,0.6293,0.6975,0.8929,10497.089762470958,6797.47577507581,5715.967237464537,23010.53
Fender,moderate,0.3064,0.5537,0.9285,5862.671897770301,4124.788766569395,5093.834205337942,15081.29
Hood,severe,0.5169,0.5039,0.4557,17740.60954633697,3209.5503398198844,3853.9899020585026,24804.15
Windshield,minor,0.0583,0.9542,0.6857,0.0,1408.249444227969,0.0,1408.25
Bumper,severe,0.4995,0.8934,0.5291,9792.800953613423,2887.521293422194,4299.25005267685,16979.57
Trunk,minor,0.0473,0.6984,0.5988,0.0,2231.173317981086,2117.9790075858646,4349.15
Headlight,minor,0.0882,0.8695,0.6568,0.0,1110.4525655236716,0.0,1110.45
Trunk,severe,0.3,0.6641,0.9747,14254.749337668445,2929.9860778636976,3399.819691890772,20584.56
Fender,moderate,0.4369,0.6016,0.8483,0.0,4511.604388050634,5460.2913439776175,9971.9
Trunk,severe,0.4351,0.9297,0.5334,16631.70725508003,4165.248114443899,3894.222457389882,24691.18
Light,moderate,0.2945,0.9043,0.8501,7336.943198933961,1316.3494828642526,0.0,8653.29
Headlight,minor,0.1068,0.5883,0.9737,4142.849393319164,1460.173775029482,0.0,5603.02
Door,moderate,0.361,0.5971,0.7587,0.0,4081.0446616958966,3918.9146896062216,7999.96
Windshield,moderate,0.4834,0.8107,0.8731,0.0,3301.846320458077,0.0,3301.85
Trunk,minor,0.1187,0.8658,0.8659,0.0,2472.2803196881714,2341.967618229564,4814.25
Windshield,moderate,0.1,0.8125,0.6544,0.0,1620.200286427701,0.0,1620.2
Hood,moderate,0.1108,0.9153,0.5901,0.0,3053.34916495736,2958.4918692042925,6011.84
Windshield,minor,0.0646,0.9048,0.4655,0.0,1660.2952777625594,0.0,1660.3
Door,minor,0.0781,0.6465,0.4296,0.0,2886.9362217431103,2710.4671373053548,5597.4
Windshield,moderate,0.201,0.494,0.6506,0.0,2490.7870788758496,0.0,2490.79
Headlight,severe,0.7097,0.9798,0.4531,9101.607864976426,2471.486691514429,0.0,11573.09
Light,minor,0.0513,0.6399,0.8842,0.0,1137.6770607059568,0.0,1137.68
Light,minor,0.0454,0.6521,0.5253,0.0,766.570839937577,0.0,800.0
Door,moderate,0.3003,0.8661,0.8253,0.0,3630.259042159342,3315.6646213579743,6945.92
Hood,severe,0.5349,0.6452,0.6334,12437.109196180216,3936.1681289142416,4415.932600401966,20789.21
Light,severe,0.5187,0.7348,0.8505,4641.953311357659,2290.347060630759,0.0,6932.3
Light,minor,0.0466,0.6549,0.6026,0.0,866.1223427610245,0.0,866.12
Fender,moderate,0.2783,0.5158,0.4036,3645.801061877086,2572.1812058052333,4756.911600021451,10974.89
Trunk,minor,0.0662,0.8844,0.7549,0.0,2432.68486021047,1830.8060913747915,4263.49
Bumper,moderate,0.3464,0.6265,0.9543,0.0,3701.181693219909,4401.430663335243,8102.61
Fender,severe,0.7203,0.8261,0.8359,6362.338747826978,6173.632690595352,6017.811549089654,18553.78
Bumper,moderate,0.2319,0.5221,0.8521,0.0,2528.6503273220405,3779.872181035975,6308.52
Fender,minor,0.0382,0.6125,0.4115,0.0,1967.3265077190806,2293.464505320063,4260.79
Headlight,moderate,0.2466,0.9157,0.6657,7550.376435669779,1420.3766246680973,0.0,8970.75
Hood,minor,0.0124,0.8514,0.7922,0.0,2060.715804379783,1487.4760762412263,3548.19
Fender,moderate,0.3324,0.9017,0.7242,0.0,3949.34271937149,3551.550544489588,7500.89
Trunk,severe,0.542,0.9497,0.4853,10513.999529571664,3726.861607593167,6137.410067613191,20378.27
Fender,severe,0.668,0.5521,0.4802,5311.3464561171295,3999.575293673118,6146.947084447275,15457.87
Trunk,minor,0.0165,0.6522,0.9514,0.0,2593.0197038090437,2355.8232984467127,4948.84
Windshield,severe,0.5987,0.4876,0.7464,7357.892602181205,4076.9394036326344,0.0,11434.83
Light,minor,0.0508,0.5237,0.543,0.0,935.1679926289344,0.0,935.17
Fender,severe,0.7832,0.9374,0.7137,5630.214076649112,5358.119312963633,6451.786366744803,17440.12
Headlight,moderate,0.1512,0.7421,0.5583,0.0,912.2222304361095,0.0,912.22
Door,minor,0.049,0.6613,0.6944,13471.25749728587,3904.630467439265,2172.7268989919803,19548.61
Fender,moderate,0.3292,0.6533,0.6574,0.0,4234.288860931785,5310.83057570088,9545.12
Hood,minor,0.0341,0.9535,0.7589,0.0,2410.772585051938,2265.8360954464774,4676.61
Light,minor,0.0318,0.9797,0.692,4267.771492969478,655.9808130013067,0.0,4923.75
Trunk,minor,0.0317,0.9451,0.9041,14668.504627889668,2178.2024268841997,2060.8729558652226,18907.58
Fender,minor,0.0155,0.7408,0.8676,0.0,3110.4481808439277,1974.041822166873,5084.49
Trunk,minor,0.0292,0.4869,0.6422,0.0,2599.8778686883793,2065.616534616512,4665.49
Light,severe,0.4414,0.7987,0.8141,5582.476922106462,1174.0754127038003,0.0,6756.55
Fender,moderate,0.3052,0.6724,0.8293,5295.4745881398585,2792.2712111194096,4387.620540055245,12475.37
Hood,minor,0.1067,0.4899,0.895,0.0,2678.680928192619,2612.451745827991,5291.13
Hood,minor,0.0257,0.5478,0.9731,0.0,2118.3865649336913,2322.9662055107306,4441.35
Door,severe,0.5623,0.7036,0.8767,9362.59803125746,5261.558454907252,4195.5700452737865,18819.73
Door,minor,0.0932,0.8996,0.4925,0.0,2504.8609019249066,1883.131538312519,4387.99
Door,minor,0.0437,0.5275,0.4515,0.0,2974.4981783515095,2530.2081999129687,5504.71
Light,moderate,0.2181,0.6673,0.6827,0.0,951.1918654173651,0.0,951.19
Door,moderate,0.3141,0.8669,0.6558,0.0,3174.578157774456,4764.5787295855325,7939.16
Fender,minor,0.0154,0.7147,0.6318,0.0,2838.0102441737354,1777.763892233764,4615.77
Fender,minor,0.0642,0.6794,0.9518,0.0,2395.21370634017,1936.5866045614825,4331.8
Fender,moderate,0.2299,0.7027,0.9224,5215.512408310345,2316.02170798126,3862.4587231204805,11393.99
Bumper,moderate,0.2762,0.8291,0.7516,10228.010863866912,3038.1957655205756,5093.3449034698315,18359.55
Headlight,moderate,0.2249,0.787,0.8571,9606.602091234428,970.7171056762448,0.0,10577.32
Fender,minor,0.01,0.5587,0.4478,0.0,2664.48020360551,1956.9303474053372,4621.41
Headlight,moderate,0.324,0.7967,0.5695,0.0,1217.5966645246692,0.0,1217.6
Windshield,minor,0.01,0.7795,0.9478,0.0,1600.3701647692353,0.0,1600.37
Windshield,severe,0.5624,0.8162,0.4661,9358.01710330397,3493.379420292114,0.0,12851.4
Fender,moderate,0.2548,0.701,0.5842,0.0,2689.812525972569,4801.539154974843,7491.35
Trunk,severe,0.7812,0.8623,0.4391,10332.813862688592,3667.251044950834,5218.72873766472,19218.79
Windshield,minor,0.0695,0.9281,0.953,0.0,1313.8262237257372,0.0,1313.83
Windshield,severe,0.6635,0.8162,0.7523,0.0,3930.5372805506395,0.0,3930.54
Windshield,moderate,0.4114,0.8855,0.6746,0.0,2126.82835292569,0.0,2126.83
Light,minor,0.01,0.9438,0.6548,0.0,1106.5620865256108,0.0,1106.56
Hood,minor,0.0843,0.9333,0.6236,0.0,1854.9869459826177,2201.2529568234277,4056.24
Fender,minor,0.0278,0.9245,0.6561,0.0,1991.919334090362,2084.2031176250907,4076.12
Fender,moderate,0.24,0.7255,0.6529,3144.1697746520144,2636.793010531337,3418.474768774073,9199.44
Bumper,moderate,0.1469,0.8485,0.4935,6237.234331449935,1945.4940787856176,2323.124689459277,10505.85
Bumper,minor,0.0758,0.4792,0.6362,0.0,1730.909413086041,2546.6801618788427,4277.59
Fender,minor,0.0512,0.6659,0.4937,0.0,2288.7163204796857,1774.2557675406374,4062.97
Headlight,moderate,0.3576,0.8587,0.571,0.0,1356.5076995065278,0.0,1356.51
Windshield,moderate,0.2899,0.8807,0.7207,0.0,1743.0802398250216,0.0,1743.08
Trunk,minor,0.0527,0.6068,0.7774,0.0,2518.1897988215424,2118.7546151704987,4636.94
Trunk,minor,0.01,0.4946,0.7994,0.0,2230.8870889434243,1844.4134212841914,4075.3
Bumper,moderate,0.4215,0.8796,0.4925,0.0,3800.8960113191447,3554.26330054296,7355.16
Headlight,minor,0.0597,0.7752,0.4375,0.0,919.2294443224761,0.0,919.23
Trunk,minor,0.1074,0.9645,0.8333,0.0,2335.5072650841867,1790.2010716512905,4125.71
Hood,minor,0.0657,0.5039,0.7971,0.0,1686.11728660048,3181.8815817027044,4868.0
Hood,moderate,0.4156,0.5195,0.7748,16921.504196744674,3164.01747773468,3476.6791698650572,23562.2
Bumper,moderate,0.1234,0.5639,0.518,0.0,2957.4703013054836,3002.152547971369,5959.62
Headlight,moderate,0.2737,0.8167,0.5477,0.0,1625.433588448963,0.0,1625.43
Windshield,minor,0.0617,0.8904,0.7701,0.0,1465.1436928550515,0.0,1465.14
Fender,moderate,0.419,0.9023,0.4135,0.0,3011.9978860520528,4921.671187824046,7933.67
Bumper,minor,0.0867,0.5611,0.5195,0.0,1863.7314730682165,2469.84751488066,4333.58
Bumper,moderate,0.2176,0.9452,0.9369,0.0,2591.617492643729,2800.8220980889864,5392.44
Trunk,severe,0.6095,0.6272,0.9106,14534.66136478418,4293.252852787513,7877.839729138814,26705.75
Trunk,moderate,0.2154,0.4585,0.9369,14063.166838608198,2414.5464320414403,3947.6153907553153,20425.33
Trunk,minor,0.089,0.6418,0.4489,0.0,1922.247795778905,3019.6455468051695,4941.89
Windshield,minor,0.0188,0.7739,0.714,0.0,1240.0036677027724,0.0,1240.0
Trunk,minor,0.0821,0.6535,0.8342,0.0,2438.3205322116223,2804.464824037115,5242.79
Headlight,severe,0.7204,0.4615,0.5703,3327.51469192359,1801.476438696331,0.0,5128.99
Fender,moderate,0.1414,0.7651,0.5285,0.0,2437.279600179978,3226.513696671089,5663.79
Light,severe,0.7201,0.5321,0.735,5347.675298847961,2929.7720781483504,0.0,8277.45
Headlight,moderate,0.3494,0.7713,0.6131,4047.750799875122,1612.0859543355152,0.0,5659.84
Hood,minor,0.1008,0.7942,0.6914,0.0,2710.057492268196,2550.092476060282,5260.15
Headlight,minor,0.0422,0.6385,0.8849,0.0,806.3565872297993,0.0,806.36
Fender,minor,0.0842,0.4556,0.8264,0.0,2974.283351422211,2655.2732236922475,5629.56
Light,moderate,0.2508,0.873,0.9705,0.0,1987.9659149037543,0.0,1987.97
Light,moderate,0.2857,0.6448,0.8985,6257.364181589443,1068.4784312104457,0.0,7325.84
Headlight,severe,0.508,0.9541,0.7763,6434.448417474249,2129.163895088122,0.0,8563.61
Hood,minor,0.01,0.5628,0.6063,0.0,1845.4771066809808,1609.5796309931386,3455.06
Bumper,minor,0.0765,0.5796,0.8074,0.0,2595.2259518285923,3122.5455802620595,5717.77
Hood,minor,0.078,0.5142,0.5521,0.0,1968.4087726661714,1902.4591090543424,3870.87
Bumper,moderate,0.1463,0.6014,0.5697,4935.687967535048,1971.825422154119,2987.5541225140228,9895.07
Fender,moderate,0.1,0.919,0.6305,0.0,3083.7435061914443,2144.9115683881373,5228.66
Windshield,severe,0.5347,0.6073,0.7734,10089.520313610346,2582.026703752773,0.0,12671.55
Fender,moderate,0.3832,0.5243,0.7063,3182.742360474241,2685.5591141839873,5457.2155785198975,11325.52
Hood,moderate,0.2443,0.8925,0.7863,14050.696814809851,3839.0332588373662,2668.37481519471,20558.1
Windshield,minor,0.0821,0.7391,0.8581,0.0,1408.6264379252004,0.0,1408.63
Headlight,moderate,0.4479,0.909,0.8471,0.0,1033.6129387315723,0.0,1033.61
Headlight,moderate,0.313,0.5087,0.7886,11708.939284846578,1592.7619743014616,0.0,13301.7
Light,minor,0.0471,0.5497,0.9579,0.0,654.1123828120054,0.0,800.0
Trunk,moderate,0.2184,0.7829,0.7332,0.0,1983.0230633262818,3272.083859396783,5255.11
Trunk,moderate,0.2197,0.524,0.8724,14608.236320518832,2473.2779360099566,3716.2288412329513,20797.74
Bumper,severe,0.7273,0.7604,0.7707,9760.911846531773,2927.6781433561887,6220.855162127347,18909.45
Trunk,moderate,0.4006,0.8504,0.7642,0.0,2513.155424944371,4229.966084721937,6743.12
Door,severe,0.5703,0.8592,0.6159,11886.287146954292,5398.824027580666,5146.263182456556,22431.37
Headlight,moderate,0.402,0.6668,0.4944,0.0,1852.6468275777404,0.0,1852.65
Trunk,severe,0.3567,0.9059,0.929,15720.47575542561,3223.4743406472994,5916.910709022164,24860.86
Light,severe,0.7447,0.96,0.4455,10086.698243750485,1106.332916441997,0.0,11193.03
Windshield,moderate,0.2441,0.5329,0.4653,11258.553626837347,2207.00179894278,0.0,13465.56
Light,moderate,0.19,0.7455,0.7021,0.0,1732.3021677704792,0.0,1732.3
Headlight,severe,0.8127,0.7368,0.9749,6600.476285147181,2947.0985288666384,0.0,9547.57
Hood,minor,0.0559,0.7017,0.6371,0.0,2816.2709078548755,2024.0424030621878,4840.31
Light,severe,0.7395,0.8257,0.7364,4216.32580432871,2367.3485669927927,0.0,6583.67
Windshield,minor,0.01,0.6224,0.8581,0.0,1414.2333594186903,0.0,1414.23
Headlight,moderate,0.1,0.627,0.5183,9104.88928561421,1150.7752521343361,0.0,10255.66
Hood,severe,0.6443,0.7956,0.4311,9890.958486160034,3751.9299808070805,6782.369147548285,20425.26
Trunk,minor,0.0165,0.9523,0.6397,0.0,2421.899016967643,1779.851535452939,4201.75
Door,minor,0.01,0.7465,0.9755,0.0,2162.700428741101,2086.658374085177,4249.36
Bumper,minor,0.0721,0.5141,0.7349,0.0,2241.4358052000816,2188.8757210966864,4430.31
Door,minor,0.051,0.7362,0.8899,0.0,2852.2561612583268,2146.9597291554137,4999.22
Bumper,moderate,0.3592,0.4995,0.5072,0.0,2056.161126145168,4938.909509355403,6995.07
Windshield,moderate,0.3026,0.9015,0.5374,0.0,1560.9611888685697,0.0,1560.96
Windshield,minor,0.0217,0.594,0.5313,0.0,2402.9559580078694,0.0,2402.96
Bumper,minor,0.031,0.5128,0.709,0.0,1716.9316618279372,2358.7973624750057,4075.73
Trunk,severe,0.5703,0.6447,0.6207,0.0,4220.200187348565,3421.7987220517552,7642.0
Trunk,moderate,0.3843,0.4741,0.9506,0.0,2778.659191365973,3094.246973985232,5872.91
Bumper,moderate,0.3689,0.8546,0.4533,0.0,3187.914090306863,5210.063843067116,8397.98
Hood,moderate,0.293,0.8531,0.4812,14287.398938534876,3222.986986458822,3272.713001758805,20783.1
Door,minor,0.0219,0.7027,0.6427,0.0,3292.0867449094185,1695.6938529054987,4987.78
Headlight,minor,0.0143,0.7337,0.606,0.0,1098.8657520181575,0.0,1098.87
Door,moderate,0.2546,0.5268,0.7325,12352.023759734959,2811.87670591221,3366.5977046810012,18530.5
Door,moderate,0.2234,0.7114,0.9773,0.0,4228.82635662845,3464.261580195061,7693.09
Fender,severe,0.9398,0.899,0.9629,6022.788057288369,4721.092015190052,10526.752651690727,21270.63
Light,minor,0.0534,0.7677,0.8075,0.0,539.4847761848043,0.0,800.0
Light,moderate,0.1281,0.6863,0.7777,0.0,1730.65855806157,0.0,1730.66
Headlight,moderate,0.1941,0.6087,0.4426,0.0,750.9763159469953,0.0,800.0
Hood,minor,0.0369,0.576,0.4094,0.0,1780.7794458624228,1602.0703006992646,3382.85
Fender,minor,0.0656,0.8473,0.899,0.0,2885.4509666654153,2121.1881729264637,5006.64
Bumper,minor,0.0381,0.6087,0.9065,0.0,1535.2489295615212,1920.6008721282942,3455.85
Windshield,minor,0.01,0.9327,0.8861,0.0,1343.1853837257495,0.0,1343.19
Fender,minor,0.0268,0.5449,0.5571,0.0,1487.9818895887674,1857.6078452413565,3345.59
Bumper,moderate,0.2611,0.7994,0.5619,5407.5100816140175,1859.9134561129404,4339.4766074986355,11606.9
Fender,moderate,0.1335,0.7785,0.4346,0.0,3284.0134745700266,2335.5657632437687,5619.58
Light,minor,0.0507,0.9159,0.8736,4322.21645106343,1368.5208844627064,0.0,5690.74
Bumper,moderate,0.3216,0.8052,0.5113,5620.351973284702,1576.9410406898319,3527.473529105316,10724.77
Light,minor,0.0513,0.6799,0.8762,0.0,1131.5654459764303,0.0,1131.57
Fender,minor,0.039,0.737,0.8881,0.0,2172.237875608396,3100.9659899388907,5273.2
Fender,moderate,0.4693,0.9063,0.9507,6590.953490523971,4063.2146648871635,5042.313059320913,15696.48
Headlight,moderate,0.2676,0.4785,0.7054,0.0,1233.9351815332047,0.0,1233.94
Bumper,moderate,0.3945,0.7754,0.5492,0.0,3784.81483463878,3755.5563636017237,7540.37
Trunk,minor,0.01,0.7042,0.7128,0.0,2683.7140491592945,2524.230866426966,5207.94
Light,moderate,0.229,0.7307,0.4595,0.0,1697.636431082559,0.0,1697.64
Windshield,severe,0.5934,0.9773,0.5223,6623.1356331393235,3033.470090036483,0.0,9656.61
Fender,severe,0.3,0.9051,0.6206,4164.043370068522,3853.5214689096983,3072.9290469389675,11090.49
Bumper,minor,0.083,0.913,0.6733,0.0,1884.914824059153,2405.888839647648,4290.8
Door,moderate,0.1943,0.4824,0.7953,0.0,3499.389431717934,2151.432046107414,5650.82
Door,minor,0.1228,0.7928,0.6122,0.0,4009.639487204119,2878.0594371316797,6887.7
Trunk,moderate,0.3608,0.739,0.6492,15051.841858934273,3636.8123836267455,3848.5146704338986,22537.17
Headlight,severe,0.7992,0.7385,0.6399,10277.458418373895,1917.282081085,0.0,12194.74
Door,severe,0.722,0.7733,0.8439,13395.800712917708,5166.626116613477,6366.206862891508,24928.63
Windshield,moderate,0.2162,0.8838,0.6274,0.0,2599.4782344096575,0.0,2599.48
Door,moderate,0.3474,0.6437,0.7346,9963.233318184544,4185.173069182954,4039.1203753383948,18187.53
Bumper,moderate,0.2167,0.9378,0.5386,5783.623180619755,1750.2756490914392,2469.8597932809193,10003.76
Door,severe,0.4282,0.9785,0.9083,7528.450498839887,4541.749184328861,6045.785427096587,18115.99
Bumper,minor,0.0474,0.5705,0.738,0.0,1863.7160431292104,2531.6395764857734,4395.36
Windshield,minor,0.0142,0.6518,0.6318,0.0,2205.5727139408477,0.0,2205.57
Windshield,moderate,0.339,0.4916,0.5969,10551.512808978832,1653.3256286577423,0.0,12204.84
Trunk,minor,0.0345,0.5522,0.4903,0.0,3126.511501173111,2393.8610490009078,5520.37
Windshield,moderate,0.1,0.6254,0.5162,7071.774084933811,2495.852782960185,0.0,9567.63
Windshield,moderate,0.2599,0.6546,0.5882,4785.909777831892,1828.4181685153933,0.0,6614.33
Headlight,minor,0.0575,0.8738,0.5625,0.0,1211.0697038983176,0.0,1211.07
Fender,minor,0.1082,0.4801,0.5951,0.0,3465.4842935549214,2933.7266483172375,6399.21
Trunk,severe,0.8008,0.7965,0.6286,15099.937211317618,5025.53184849035,5212.142007537932,25337.61
Fender,moderate,0.1267,0.721,0.6693,4628.353883858176,2640.7086281330044,3769.2214103864544,11038.28
Bumper,minor,0.0373,0.9095,0.5918,0.0,1955.223874794203,2756.684455246347,4711.91
Bumper,moderate,0.1511,0.8076,0.5996,5417.975650753612,2389.8193666082366,2450.5090646983335,10258.3
Trunk,severe,0.3,0.9647,0.8763,10009.5889627856,3757.3764950394107,3917.9864453830783,17684.95
Trunk,minor,0.01,0.9096,0.5182,0.0,2000.412212821579,2400.9841215617894,4401.4
Hood,minor,0.0583,0.968,0.9418,0.0,2849.4887638095943,1941.2132563729806,4790.7
Hood,moderate,0.2629,0.7147,0.4226,0.0,3948.414590891236,5066.726145424372,9015.14
Headlight,minor,0.0381,0.7198,0.5511,0.0,1238.1758453493965,0.0,1238.18
Headlight,moderate,0.2674,0.7019,0.938,0.0,1661.0047615206984,0.0,1661.0
Bumper,severe,0.6389,0.5544,0.4408,4715.169720247528,3915.4718108797406,5508.572201091444,14139.21
Trunk,moderate,0.1871,0.5985,0.4802,15451.08739779063,2294.4106421992524,2941.7898735275076,20687.29
Fender,minor,0.0563,0.6263,0.4689,0.0,2211.8936482603067,2806.4097151313335,5018.3
Bumper,moderate,0.3278,0.6148,0.9635,0.0,2998.9012178997896,4855.554484148313,7854.46
Hood,minor,0.0219,0.8436,0.9202,0.0,3007.163804731234,2742.5312363971334,5749.7
Door,minor,0.0754,0.69,0.8724,0.0,3057.598534525671,2169.1435027312987,5226.74
Trunk,minor,0.1062,0.6707,0.4744,0.0,2811.861905496167,1973.5740278406668,4785.44
Light,moderate,0.1861,0.8001,0.7312,0.0,1434.8755011364663,0.0,1434.88
Light,moderate,0.2937,0.802,0.8303,0.0,1265.432277797229,0.0,1265.43
Hood,severe,0.4812,0.7062,0.8853,10729.752052288097,2923.54695974375,4745.080387880911,18398.38
Light,moderate,0.2973,0.7028,0.5727,8295.899804938499,1371.3249227750473,0.0,9667.22
Windshield,severe,0.4779,0.4772,0.6078,6096.262136027904,2338.5403028423984,0.0,8434.8
Trunk,moderate,0.2061,0.7619,0.7464,11175.867719411555,2818.0216570269695,4149.176175748537,18143.07
Trunk,severe,0.5999,0.8462,0.9688,15289.393429038397,4636.166101036806,6173.999054739411,26099.56
Door,moderate,0.1428,0.8223,0.4596,0.0,3339.729533171,2783.459714227504,6123.19
Door,moderate,0.1798,0.6398,0.6499,0.0,3622.599449542603,2604.5045855780522,6227.1
Headlight,minor,0.0578,0.7881,0.8019,0.0,944.7137249256036,0.0,944.71
Light,moderate,0.2542,0.7618,0.4983,0.0,830.5604823951564,0.0,830.56
Headlight,minor,0.03,0.6736,0.4557,0.0,1594.2410561107993,0.0,1594.24
Door,moderate,0.3684,0.6157,0.4154,9908.928800473925,3414.3393562827837,3669.173693192363,16992.44
Windshield,moderate,0.152,0.9765,0.4114,6914.717832415383,2171.8587909279904,0.0,9086.58
Door,minor,0.0369,0.5044,0.9342,0.0,2662.986160358337,2270.0978116764427,4933.08
Fender,minor,0.0576,0.5857,0.7594,0.0,2579.823854688883,2090.731435756193,4670.56
Trunk,moderate,0.2169,0.8781,0.8992,12925.149665502682,3154.103100890382,3959.4140968437623,20038.67
Trunk,minor,0.0302,0.5262,0.9711,0.0,2853.2895031484636,2294.3796975069977,5147.67
Windshield,minor,0.0565,0.8048,0.9527,0.0,1184.9241987799726,0.0,1184.92
Light,severe,0.5403,0.926,0.6209,5767.569372854347,1489.5276543582715,0.0,7257.1
Bumper,moderate,0.3852,0.6309,0.8556,0.0,2162.9739206591894,3440.4744814619867,5603.45
Hood,severe,0.7269,0.7494,0.5391,14647.857490015116,3595.4578947079594,4366.837979507315,22610.15
Fender,moderate,0.3245,0.7815,0.9212,0.0,2563.4800454178067,4358.074318995495,6921.55
Headlight,minor,0.0625,0.8331,0.45,0.0,1015.5755498639578,0.0,1015.58
Fender,severe,0.551,0.623,0.7426,4655.195795341532,3982.7224403602954,5064.854596040049,13702.77
Trunk,moderate,0.3308,0.4871,0.6052,18173.998162811702,3664.827638588469,3438.5004866482423,25277.33
Fender,minor,0.0316,0.8474,0.5556,0.0,2493.453549115889,2494.0875156515563,4987.54
Door,moderate,0.3044,0.4725,0.7543,9108.419330674089,3321.1090504619474,3568.4944479744327,15998.02
Hood,minor,0.0785,0.5638,0.863,0.0,2507.071471574398,2082.289981564902,4589.36
Headlight,minor,0.055,0.4953,0.9776,0.0,667.7925756732529,0.0,800.0
Headlight,moderate,0.3763,0.6968,0.6524,0.0,1665.510421615718,0.0,1665.51
Bumper,minor,0.0154,0.8509,0.6336,0.0,1229.1442013692179,2573.3734270407917,3802.52
Headlight,minor,0.0541,0.547,0.8935,0.0,593.7285258314372,0.0,800.0
Windshield,moderate,0.2967,0.4816,0.4596,9547.616414139025,2823.947637446316,0.0,12371.56
Light,minor,0.0605,0.4982,0.901,0.0,1076.2332170535058,0.0,1076.23
Trunk,minor,0.06,0.7752,0.5082,0.0,3236.254475381157,3036.1610642461424,6272.42
Door,moderate,0.1,0.9049,0.7193,0.0,3384.184027753093,3679.7346421435054,7063.92
Headlight,minor,0.0113,0.5277,0.4984,0.0,1141.7513371108103,0.0,1141.75
Bumper,moderate,0.1481,0.5697,0.9028,0.0,1993.5052275547823,2668.489171930248,4661.99
Fender,severe,0.5144,0.4582,0.9259,6116.367626484035,3064.712082518484,5127.049881609382,14308.13
Hood,moderate,0.4169,0.7816,0.5981,0.0,2422.341337336363,4399.075580841506,6821.42
Windshield,minor,0.0104,0.756,0.4783,0.0,1041.5960695162605,0.0,1041.6
Fender,minor,0.0722,0.7366,0.637,0.0,2662.676617727132,1834.5417746192813,4497.22
Fender,moderate,0.188,0.9419,0.7855,0.0,3259.2369580683985,3387.132028175952,6646.37
Trunk,moderate,0.3136,0.6385,0.4078,0.0,4040.675833563344,3685.411624770974,7726.09
Door,moderate,0.3016,0.8601,0.4253,0.0,3075.3894072706958,5018.963480257265,8094.35
Windshield,minor,0.0502,0.9498,0.5515,0.0,2110.1138688518186,0.0,2110.11
Door,severe,0.8014,0.7018,0.5762,14943.358843592601,8647.670773148287,9660.792774134306,33251.82
Headlight,moderate,0.2543,0.8051,0.8097,7714.725137812463,1555.5367776191608,0.0,9270.26
Windshield,severe,0.4039,0.7753,0.7699,9983.570242650248,1969.6011008968,0.0,11953.17
Windshield,minor,0.038,0.6872,0.7127,12022.727783796556,1441.6422724835004,0.0,13464.37
Windshield,minor,0.0575,0.7342,0.954,0.0,1703.1444716986766,0.0,1703.14
Windshield,moderate,0.1,0.7931,0.6997,9458.43453085617,2370.406695474269,0.0,11828.84
Trunk,moderate,0.3756,0.6447,0.9416,15604.408473038884,2721.7669080749606,4242.141739520628,22568.32
Fender,minor,0.0117,0.9709,0.448,0.0,2504.056235111534,2719.0515987435574,5223.11
Door,moderate,0.3247,0.6403,0.8731,0.0,4514.0616596879545,2915.5006047743295,7429.56
Trunk,minor,0.0142,0.6422,0.9759,0.0,2475.8797845412673,2150.5651417055274,4626.44
Trunk,moderate,0.3047,0.773,0.458,0.0,2328.3101523965565,3167.0195518342857,5495.33
Hood,moderate,0.2061,0.7831,0.91,11553.93838912902,2864.255141833974,2024.9424483355172,16443.14
Hood,minor,0.0252,0.4808,0.7158,0.0,1982.032912784045,2337.1555070213367,4319.19
Fender,moderate,0.3562,0.9327,0.5853,0.0,4704.047789191758,4973.500250458753,9677.55
Trunk,moderate,0.147,0.5078,0.5424,0.0,2667.0513072496724,2594.3634744713286,5261.41
Windshield,minor,0.0851,0.8607,0.6074,0.0,2252.69563908205,0.0,2252.7
Bumper,severe,0.7723,0.79,0.5296,7882.218472799351,2960.2265526449182,5461.653300687205,16304.1
Headlight,minor,0.0177,0.6238,0.6784,0.0,1130.8433870980928,0.0,1130.84
Light,minor,0.0966,0.8059,0.4646,0.0,1358.8708130883226,0.0,1358.87
Hood,severe,0.7076,0.9556,0.7298,14370.792620152457,4856.335751630495,6010.738926629456,25237.87
Trunk,moderate,0.1007,0.9345,0.721,15118.685613713524,3534.9945828750338,2144.8011944450072,20798.48
Fender,moderate,0.2292,0.5007,0.6892,0.0,3174.539135053038,2706.494859142899,5881.03
Light,minor,0.0658,0.8016,0.6631,0.0,1467.1108979537767,0.0,1467.11
Light,severe,0.4119,0.6071,0.6659,10581.36462514376,1315.3505512945333,0.0,11896.72
Hood,minor,0.0394,0.5504,0.543,0.0,3017.6424827198707,2261.0899272159463,5278.73
Headlight,minor,0.0153,0.8758,0.9403,0.0,954.9512578118793,0.0,954.95
Bumper,moderate,0.1988,0.9608,0.6321,0.0,2391.7577643067243,2615.5517447157454,5007.31
Trunk,moderate,0.2701,0.7086,0.5711,15223.685328788368,2788.5806871248255,4361.185812933508,22373.45
Windshield,moderate,0.3544,0.8288,0.8296,8244.734362682962,2857.2734164193903,0.0,11102.01
Bumper,moderate,0.1849,0.9598,0.9187,0.0,1730.142146513341,3493.9883556727896,5224.13
Light,minor,0.0554,0.7824,0.8742,0.0,1087.7051492287937,0.0,1087.71
Bumper,moderate,0.2293,0.7273,0.7026,0.0,2976.9512748603734,2978.4380900663755,5955.39
Light,minor,0.0418,0.7515,0.5545,0.0,1148.2946656707768,0.0,1148.29
Windshield,minor,0.0417,0.9159,0.7187,0.0,2612.5678752894773,0.0,2612.57
Windshield,minor,0.0498,0.549,0.7709,0.0,1683.4875911594409,0.0,1683.49
Light,minor,0.0903,0.9363,0.9223,0.0,1454.6971951262728,0.0,1454.7
Door,moderate,0.5,0.5204,0.6369,0.0,4242.37536085358,4202.52250811732,8444.9
Fender,minor,0.0552,0.7786,0.7941,3287.561516926438,2298.9797223316,1988.1612954993764,7574.7
Windshield,moderate,0.1472,0.8437,0.9334,0.0,1723.6250768717816,0.0,1723.63
Trunk,moderate,0.4091,0.6374,0.6348,0.0,3226.825394162775,3750.7097496258934,6977.54
Windshield,severe,0.6396,0.9228,0.8902,6728.835759113881,2771.561674475405,0.0,9500.4
Fender,moderate,0.3533,0.8638,0.783,7048.288663204019,2877.533650336431,4050.054266569148,13975.88
Windshield,severe,0.4643,0.624,0.9191,5330.445903352343,2271.1275665536664,0.0,7601.57
Light,moderate,0.2241,0.6204,0.4545,0.0,1663.9886090484256,0.0,1663.99
Fender,moderate,0.1,0.8931,0.445,0.0,2423.7840255421097,2242.0380488011006,4665.82
Bumper,moderate,0.3503,0.9499,0.7085,0.0,1991.3552325733185,2756.410203039942,4747.77
Fender,moderate,0.1819,0.4967,0.4496,0.0,2027.1064231206637,2920.938807010684,4948.05
Door,minor,0.0137,0.7948,0.8273,0.0,2369.980440870862,1644.3272850877806,4014.31
Light,moderate,0.4362,0.5264,0.7686,0.0,2101.6207094684414,0.0,2101.62
Light,severe,0.7912,0.6615,0.9021,4587.985093236974,2086.146224063501,0.0,6674.13
Bumper,minor,0.0924,0.6403,0.6843,0.0,1859.9437972291144,3230.9709043729117,5090.91
Trunk,moderate,0.2361,0.603,0.8475,0.0,2899.341821346367,3075.3013229054022,5974.64
Hood,minor,0.0485,0.9019,0.7823,0.0,3004.430160828973,2454.3329490672077,5458.76
Headlight,moderate,0.1463,0.6551,0.457,0.0,1204.2036501736475,0.0,1204.2
Fender,moderate,0.2228,0.8423,0.5932,0.0,2921.587924973973,3524.280147870444,6445.87
Light,moderate,0.2067,0.767,0.7668,7389.727066774429,1254.1880080130688,0.0,8643.92
Hood,moderate,0.2569,0.8522,0.6895,0.0,2410.4543603458246,3047.8121100683743,5458.27
Hood,minor,0.0342,0.7782,0.7233,0.0,2035.2296268273913,1962.6473756555615,3997.88
Hood,moderate,0.4295,0.6385,0.7523,0.0,3733.804916210226,3837.711989122864,7571.52
Door,minor,0.0689,0.738,0.5829,0.0,2286.0259488872734,2659.8167399333092,4945.84
Headlight,severe,0.6257,0.6128,0.9761,8465.12322955103,1980.244462650246,0.0,10445.37
Fender,minor,0.066,0.4592,0.5696,0.0,3045.202269988885,1711.9303324153175,4757.13
Hood,minor,0.0795,0.8455,0.411,0.0,2242.1445481189885,3162.4297462119207,5404.57
Bumper,minor,0.0711,0.61,0.7542,0.0,1691.3587686730848,1993.6410878359375,3685.0
Bumper,severe,0.513,0.9648,0.8647,0.0,2874.935555378358,6116.050241489668,8990.99
Trunk,minor,0.0577,0.9071,0.944,0.0,2380.1415636633806,2269.1714861489786,4649.31
Door,minor,0.0774,0.4601,0.7805,0.0,2795.9252077091733,2057.058245260017,4852.98
Light,severe,0.5609,0.6004,0.5654,10929.674995624246,1771.6946951432376,0.0,12701.37
Trunk,moderate,0.2276,0.7877,0.9042,0.0,2686.3639905582077,3188.7887306212892,5875.15
Headlight,minor,0.083,0.6242,0.8345,0.0,1738.392639746907,0.0,1738.39
Trunk,severe,0.5843,0.7876,0.5743,14518.513619244359,5704.1230401978755,6556.588553948179,26779.23
Door,moderate,0.3356,0.4547,0.5862,0.0,4264.394164855243,4802.419036984726,9066.81
Light,moderate,0.2074,0.5487,0.9664,13041.308493829252,1102.387028956519,0.0,14143.7
Light,moderate,0.4352,0.6847,0.7076,0.0,1706.0150826542035,0.0,1706.02
Door,severe,0.5755,0.9256,0.8971,14476.431335341103,5583.106818021376,3376.4135160858104,23435.95
Headlight,minor,0.062,0.4706,0.64,0.0,1131.4007342389918,0.0,1131.4
Fender,severe,0.8037,0.4718,0.9216,6441.099646229941,6019.694149945108,6664.708792217534,19125.5
Fender,moderate,0.2707,0.7131,0.9102,0.0,2342.977050574007,4756.582155458999,7099.56
Light,minor,0.0787,0.8374,0.6362,0.0,900.0379197678548,0.0,900.04
Hood,minor,0.0307,0.9752,0.6065,0.0,2591.2655087548164,2104.1686628541465,4695.43
Trunk,moderate,0.2567,0.7543,0.7743,0.0,2781.806669442461,4366.103754461868,7147.91
Light,moderate,0.3209,0.868,0.4557,9053.278096105143,1819.248717413831,0.0,10872.53
Hood,severe,0.4017,0.8476,0.7711,15911.281428316062,3417.400194101943,3787.741360516204,23116.42
Light,severe,0.8153,0.845,0.5385,7370.417286823495,2540.7951227618837,0.0,9911.21
Windshield,moderate,0.4665,0.8407,0.8602,0.0,1988.7031671000432,0.0,1988.7
Light,minor,0.0343,0.8604,0.7461,10225.815868667316,960.6811510263092,0.0,11186.5
Door,minor,0.0455,0.4926,0.6001,0.0,2653.624718489776,2123.8977164946514,4777.52
Fender,moderate,0.1,0.4696,0.7678,0.0,3015.3019598770725,1762.8392261105525,4778.14
Fender,minor,0.0989,0.9355,0.4412,0.0,2358.477441362558,2938.6098342364307,5297.09
Hood,severe,0.4157,0.7335,0.5911,10707.687882977203,5120.115147450996,5012.421436720603,20840.22
Door,moderate,0.2502,0.69,0.446,0.0,4714.550230840217,4656.4804649258085,9371.03
Bumper,minor,0.0917,0.9636,0.9173,0.0,1914.7851474283539,2075.737752163534,3990.52
Door,minor,0.01,0.6218,0.6531,0.0,2937.7415715607863,2339.635696750246,5277.38
Bumper,moderate,0.2989,0.6652,0.576,6785.645941250562,1498.5660333070266,3371.401850073356,11655.61
Light,moderate,0.2723,0.7957,0.5392,0.0,1021.3020075194831,0.0,1021.3
Door,severe,0.5212,0.8213,0.6441,9332.511591339615,5689.022105859887,4259.708562589233,19281.24
Door,minor,0.0475,0.7528,0.9651,0.0,2892.7569811670173,2745.2293157680656,5637.99
Door,moderate,0.3475,0.784,0.9468,7604.582970428993,3553.822854396643,3834.8633019084023,14993.27
Door,severe,0.4006,0.5977,0.8796,12368.767748503538,3531.460657346483,4455.4816786321035,20355.71
Bumper,minor,0.0501,0.627,0.5069,0.0,1384.3306467895998,2967.768940151364,4352.1
Headlight,minor,0.0626,0.8506,0.7427,8491.235812532483,746.388247120156,0.0,9237.62
Door,moderate,0.1964,0.63,0.703,0.0,3128.8205794602372,3044.393082497371,6173.21
Headlight,minor,0.0864,0.527,0.7632,0.0,841.6245555332374,0.0,841.62
Windshield,moderate,0.1386,0.5557,0.5263,0.0,2603.432122478506,0.0,2603.43
Trunk,moderate,0.382,0.4682,0.8845,0.0,3780.3918415878356,3643.166918773959,7423.56
Trunk,moderate,0.2765,0.9497,0.8773,0.0,3614.574538082511,3408.7698273564374,7023.34
Trunk,severe,0.7064,0.7174,0.461,0.0,4637.986633700367,7455.646406308678,12093.63
Light,moderate,0.1948,0.8011,0.4046,0.0,991.6661689435803,0.0,991.67
Fender,severe,0.6702,0.5723,0.4605,6612.777882206083,5503.649776510255,6684.734966783201,18801.16
Hood,moderate,0.2177,0.8143,0.7073,0.0,3107.785457422045,3145.848522279806,6253.63
Fender,moderate,0.2691,0.6807,0.539,0.0,2600.8400303907483,3679.520409589704,6280.36
Door,minor,0.0534,0.675,0.5568,0.0,2928.884474729674,1510.1895010121984,4439.07
Hood,minor,0.0398,0.8149,0.745,0.0,2053.1658940776374,2299.6741829765965,4352.84
Light,minor,0.0205,0.5204,0.7306,0.0,1276.693330559755,0.0,1276.69
Door,moderate,0.3761,0.754,0.4264,11849.278281008343,4324.709867889575,3093.861285656006,19267.85
Trunk,severe,0.4147,0.6408,0.6509,16036.898327706826,3428.24654401455,3347.9004763860758,22813.05
Door,moderate,0.3903,0.7542,0.5373,15658.576892992029,3410.105873536431,4014.748956804186,23083.43
Hood,severe,0.6607,0.7828,0.9591,18210.482219751342,3738.3923682852815,5719.6955269494065,27668.57
Door,moderate,0.1146,0.8386,0.7407,9211.038156453476,3859.9620021372784,3640.159781614265,16711.16
Windshield,minor,0.0638,0.7033,0.7967,0.0,2258.752415691292,0.0,2258.75
Hood,severe,0.7456,0.8086,0.5171,16418.876985541523,3289.744245329417,5736.929397886565,25445.55
Headlight,moderate,0.1624,0.8822,0.74,0.0,1210.2330093834246,0.0,1210.23
Windshield,moderate,0.2291,0.953,0.612,4813.996406024313,3107.4637884555527,0.0,7921.46
Trunk,severe,0.7462,0.6258,0.5762,16572.890264662834,5592.522189361108,6294.080797316723,28459.49
Light,minor,0.0972,0.8224,0.5872,0.0,1452.4544753009802,0.0,1452.45
Hood,severe,0.7323,0.894,0.6714,16331.789365511724,5257.614819711171,4801.9245846213125,26391.33
Hood,moderate,0.3732,0.5922,0.6063,0.0,3228.9944009383594,4432.420358640113,7661.41
Windshield,moderate,0.1722,0.5226,0.7614,0.0,2178.155318076949,0.0,2178.16
Hood,moderate,0.1302,0.8127,0.6597,0.0,2196.17388921442,2810.661967850363,5006.84
Light,minor,0.0454,0.8214,0.6558,0.0,1206.617713419339,0.0,1206.62
Light,minor,0.0468,0.6465,0.5367,0.0,1236.5280003737732,0.0,1236.53
Hood,moderate,0.3962,0.8984,0.4033,0.0,3109.488165660115,4697.35313826007,7806.84
Windshield,moderate,0.1,0.9602,0.9266,0.0,2189.1849555541894,0.0,2189.18
Light,moderate,0.2553,0.8128,0.9479,0.0,1530.049516463531,0.0,1530.05
Fender,severe,0.4273,0.7215,0.5183,6481.8044933413685,3283.41365966153,6018.94594283029,15784.16
Bumper,moderate,0.1,0.515,0.8651,4138.873124590792,2885.2273124832936,2590.2692075716122,9614.37
Fender,minor,0.0695,0.4892,0.8638,5457.088076151457,2714.168374514467,2529.2648374090595,10700.52
Windshield,severe,0.8278,0.7651,0.9436,10194.983236983222,4204.611881577227,0.0,14399.6
Hood,minor,0.088,0.9349,0.7957,0.0,2553.3796911224686,2481.705931762015,5035.09
Hood,severe,0.6035,0.7074,0.6993,14504.472303615252,3355.8282159131118,5263.398004980365,23123.7
Bumper,moderate,0.311,0.8192,0.4538,8479.067253401498,1916.4332029150005,3714.363257289032,14109.86
Bumper,minor,0.0563,0.7518,0.6889,0.0,2395.2030707460667,1970.9632038518964,4366.17
Windshield,minor,0.06,0.6771,0.6799,0.0,1978.3306047816413,0.0,1978.33
Bumper,moderate,0.3981,0.6648,0.862,0.0,3457.104345537564,3990.7114912247807,7447.82
Headlight,moderate,0.3612,0.7249,0.9055,9442.88536651502,1574.2909078832815,0.0,11017.18
Bumper,severe,0.6725,0.5735,0.428,8242.871149562014,4443.89602762318,8321.990820139996,21008.76
Door,moderate,0.1815,0.5787,0.667,7933.895608311752,3315.310394093779,4297.430022890581,15546.64
Trunk,moderate,0.3261,0.8711,0.5139,13657.756368909688,4331.967814393887,3480.197467731353,21469.92
Windshield,minor,0.0557,0.5518,0.8257,0.0,1420.2465906815821,0.0,1420.25
Trunk,severe,0.7271,0.7746,0.6121,16390.465811443424,4977.385929359922,7891.677131612988,29259.53
Trunk,moderate,0.1,0.7842,0.65,16223.028180118754,2365.273178910703,2529.2772443327804,21117.58
Trunk,severe,0.7331,0.8623,0.8426,16825.947123742393,4047.618993727415,5792.206176237588,26665.77
Hood,minor,0.0215,0.5876,0.9528,0.0,2266.6387425899507,2071.8515975032446,4338.49
Bumper,minor,0.0462,0.9222,0.6357,0.0,2331.2621706320124,2786.6590870027685,5117.92
Door,severe,0.5119,0.7871,0.4091,10142.426175430151,4659.642950390857,5247.585795973492,20049.65
Hood,severe,0.7176,0.525,0.4706,10986.995061891923,4555.921716568194,5688.310146106608,21231.23
Hood,moderate,0.2664,0.7477,0.5905,11098.707341175443,3524.731525061094,3032.1478989862417,17655.59
Trunk,severe,0.537,0.6749,0.74,13502.215783769603,5298.051854228135,5483.508161347577,24283.78
Fender,minor,0.0364,0.9507,0.5444,0.0,2733.9585784644805,2255.5076654029285,4989.47
Headlight,severe,0.5337,0.4957,0.8556,4907.572314740491,957.0477124708704,0.0,5864.62
Fender,moderate,0.2568,0.8281,0.4835,0.0,2890.7720112585866,2783.3735941885484,5674.15
Door,severe,0.5403,0.8982,0.6839,13390.861771973847,5703.396136137327,5312.767545207085,24407.03
Door,minor,0.0422,0.9509,0.9047,0.0,2638.7904815234942,2269.2293664440654,4908.02
Fender,moderate,0.1828,0.8094,0.9593,7165.155329277805,2499.7039986152663,3166.096837590269,12830.96
Headlight,severe,0.5758,0.8659,0.9506,5335.655096806434,1117.1680858529535,0.0,6452.82
Hood,minor,0.0962,0.9594,0.8291,0.0,2684.6847895005067,2725.470970295821,5410.16
Fender,minor,0.01,0.9682,0.7364,0.0,1755.5443310915493,2856.8329143499154,4612.38
Headlight,minor,0.124,0.4736,0.6167,0.0,734.817964644553,0.0,800.0
Headlight,moderate,0.1158,0.6812,0.4653,0.0,650.1922828634372,0.0,800.0
Trunk,severe,0.6583,0.763,0.6947,12455.677432996295,5920.683219910569,7702.319709922395,26078.68
Door,minor,0.0548,0.8707,0.7367,0.0,3454.2381123815117,2400.9682058350454,5855.21
Windshield,moderate,0.2019,0.7276,0.6424,0.0,2685.154680324932,0.0,2685.15
Door,severe,0.6383,0.5507,0.9188,15067.116194519273,5491.282275815244,7292.697071054592,27851.1
Windshield,moderate,0.1,0.5264,0.8171,7262.697374885534,1907.6458540088026,0.0,9170.34
Hood,moderate,0.2068,0.8683,0.7956,15446.607249077704,2892.806280641011,3132.3596471811425,21471.77
Fender,moderate,0.1,0.6762,0.7823,0.0,1902.2625222225986,2026.5473653850386,3928.81
Door,moderate,0.2229,0.5828,0.5856,0.0,3141.1999774504466,2368.99950926053,5510.2
Windshield,moderate,0.237,0.7961,0.574,0.0,1725.3153710883907,0.0,1725.32
Fender,moderate,0.4169,0.6939,0.8233,6412.173691796833,4297.832285112824,3708.591736777799,14418.6
Light,minor,0.01,0.7045,0.6196,0.0,662.6437294956726,0.0,800.0
Trunk,moderate,0.1578,0.6034,0.7059,0.0,2413.278517146108,3300.7433148073806,5714.02
Headlight,moderate,0.158,0.5716,0.5662,11201.774731339588,1171.1841581097187,0.0,12372.96
Bumper,severe,0.6945,0.8971,0.9307,7623.166691310282,4085.8853874462466,7847.8791250021095,19556.93
Bumper,moderate,0.2396,0.8646,0.9402,4799.9048240587135,1765.691692125908,2897.4831682152903,9463.08
Trunk,moderate,0.3937,0.5045,0.632,0.0,4332.386818276876,3628.366860522975,7960.75
Trunk,severe,0.6827,0.8241,0.5017,17114.69745617935,3653.3256793875557,5626.708168464137,26394.73
Door,minor,0.0473,0.5716,0.8005,0.0,3103.590242990243,2255.350350408624,5358.94
Trunk,minor,0.0397,0.7303,0.8185,0.0,3262.903213676207,2645.0907691853063,5907.99
Light,minor,0.0932,0.6413,0.4429,0.0,842.1067804944216,0.0,842.11
Windshield,minor,0.0201,0.5548,0.8404,0.0,1728.1528425064034,0.0,1728.15
Headlight,moderate,0.4041,0.8585,0.735,8248.730663729571,1052.409929616748,0.0,9301.14
Bumper,moderate,0.2254,0.6306,0.706,6504.498307735601,2502.6549164697644,2545.616863452558,11552.77
Light,moderate,0.3109,0.5162,0.9637,0.0,1632.4254258581016,0.0,1632.43
Headlight,moderate,0.1678,0.7966,0.9257,0.0,1171.5686432191628,0.0,1171.57
Trunk,minor,0.0796,0.6064,0.7826,0.0,2368.389063645149,2213.649709012014,4582.04
Bumper,severe,0.5913,0.9599,0.6013,5164.494719132183,3063.421518571446,5489.46017641828,13717.38
Light,severe,0.7073,0.4622,0.4209,4050.0485913721723,1813.0006140864525,0.0,5863.05
Bumper,minor,0.0772,0.6231,0.7518,5368.251597448609,1186.8208076644416,2603.5286349069484,9158.6
Headlight,severe,0.7229,0.4867,0.7261,5515.998947594573,1276.4391909999053,0.0,6792.44
Windshield,severe,0.4673,0.9326,0.8456,7473.97490099799,2176.231760277187,0.0,9650.21
Light,moderate,0.2772,0.965,0.6271,0.0,1138.0716854584302,0.0,1138.07
Headlight,severe,0.4442,0.5228,0.4149,9824.851099830315,1485.91035456278,0.0,11310.76
Light,moderate,0.1487,0.6517,0.5069,0.0,1326.7489369352586,0.0,1326.75
Bumper,minor,0.0314,0.4792,0.7929,0.0,1911.9253031447083,3026.001381086092,4937.93
Windshield,minor,0.0954,0.5125,0.8563,0.0,1768.5234731465061,0.0,1768.52
Headlight,moderate,0.1367,0.451,0.7974,0.0,674.8086595052948,0.0,800.0
Trunk,minor,0.0591,0.9182,0.6588,0.0,2255.9049310904406,2428.351945043852,4684.26
Trunk,moderate,0.2513,0.4761,0.6197,10134.6857003152,2947.4003889529754,3476.0344981708267,16558.12
Fender,minor,0.0166,0.936,0.9191,0.0,2649.106184203765,2170.447269844324,4819.55
Door,minor,0.0419,0.6349,0.5077,0.0,2544.926090318291,2215.507201384474,4760.43
Windshield,severe,0.7054,0.5092,0.6765,5260.499841703731,2184.5136475217632,0.0,7445.01
Hood,moderate,0.2515,0.7404,0.8544,13679.991999863072,2745.1537661833972,3050.687558855205,19475.83
Headlight,moderate,0.3173,0.7826,0.8195,0.0,1191.503298920957,0.0,1191.5
Hood,moderate,0.2249,0.4565,0.6115,11453.068480148808,2588.981933541839,3506.3383586104337,17548.39
Fender,moderate,0.1378,0.6162,0.4732,0.0,2541.1718885824853,1736.5502265566577,4277.72
Hood,minor,0.0517,0.7654,0.527,0.0,2684.2595788970084,2718.5949241550625,5402.85
Headlight,moderate,0.3325,0.9754,0.6713,0.0,1006.5548257054865,0.0,1006.55
Door,minor,0.0465,0.5942,0.7159,0.0,2489.6301733309297,1721.8668180796515,4211.5
Bumper,moderate,0.1,0.8899,0.6975,7902.329992365986,1658.6965747169672,2047.2425471598076,11608.27
Bumper,severe,0.6069,0.6742,0.7727,9231.168820748797,2099.827184852435,4763.700269232176,16094.7
Bumper,severe,0.4811,0.4674,0.7252,5558.744940580272,3214.4847788579586,5240.962619173718,14014.19
Door,moderate,0.2844,0.5027,0.4404,0.0,3543.141654117075,2914.0622590104776,6457.2
Light,moderate,0.3341,0.8914,0.4969,0.0,1983.4576346492931,0.0,1983.46
Windshield,minor,0.025,0.6035,0.7127,0.0,1983.9802854811974,0.0,1983.98
Light,minor,0.1045,0.4846,0.4183,0.0,754.1842361807564,0.0,800.0
Headlight,severe,0.5737,0.7646,0.9401,6985.90138057491,2524.697983943057,0.0,9510.6
Headlight,severe,0.5827,0.8842,0.7696,5665.859276433645,1322.226287480326,0.0,6988.09
Trunk,minor,0.0959,0.6214,0.4065,0.0,3077.7607921962795,2842.7805295752933,5920.54
Trunk,moderate,0.1573,0.6185,0.4326,15280.841293973193,3057.3193892400914,2802.9087694836376,21141.07
Hood,moderate,0.1205,0.786,0.4421,10738.682820502596,2900.2458536335316,2564.3879781037826,16203.32
Hood,severe,0.6509,0.7919,0.9149,14635.503605340851,4601.868062581721,7330.051970840426,26567.42
Windshield,minor,0.0628,0.5489,0.9679,6969.859391007739,2548.951762006416,0.0,9518.81
Bumper,moderate,0.2362,0.6182,0.6066,5457.292277289093,2794.7851321669827,2942.847058401235,11194.92
Trunk,moderate,0.2932,0.6545,0.474,0.0,2707.107712256723,3030.0504387514643,5737.16
Hood,minor,0.0256,0.6588,0.5916,0.0,1915.9260032793566,2941.643304171874,4857.57
Hood,moderate,0.2196,0.7919,0.7529,0.0,2579.3969563054075,2791.4651320174617,5370.86
Trunk,minor,0.01,0.7735,0.7666,0.0,2273.1629730089617,1578.5938650439273,3851.76
Light,minor,0.0561,0.5521,0.5969,0.0,1084.1289185591645,0.0,1084.13
Bumper,severe,0.6874,0.5447,0.8027,0.0,3661.5297273998985,5841.846091022906,9503.38
Fender,moderate,0.2825,0.9095,0.4518,7282.109893894917,2201.483256673931,3855.822916247071,13339.42
Hood,minor,0.0501,0.5184,0.5528,16696.33347424532,2480.2715190180647,2733.917361293276,21910.52
Windshield,moderate,0.1,0.5668,0.8078,0.0,1914.646643718738,0.0,1914.65
Hood,minor,0.0623,0.8432,0.9034,0.0,2782.268825415557,3390.5704999705886,6172.84
Light,minor,0.0458,0.8276,0.5328,8515.281344103958,1503.7096319450998,0.0,10018.99
Bumper,minor,0.088,0.9713,0.7447,0.0,1862.4303226964992,2955.717067837779,4818.15
Hood,severe,0.624,0.8842,0.5535,15924.807088811254,6141.459088649509,5619.655043095127,27685.92
Windshield,moderate,0.1097,0.4559,0.404,0.0,2105.939637949199,0.0,2105.94
Bumper,minor,0.0539,0.4938,0.4232,0.0,1363.1540156184205,2996.837070069674,4359.99
Hood,moderate,0.3532,0.8247,0.6913,0.0,2958.373525662273,5030.548842517773,7988.92
Door,moderate,0.4229,0.7192,0.7928,0.0,3627.5185317542537,3092.0370742821137,6719.56
Headlight,moderate,0.3415,0.8273,0.492,5970.544856967075,1864.854032428137,0.0,7835.4
Trunk,minor,0.0347,0.7576,0.7166,15718.957636989908,2163.0439995455245,1946.2853698951376,19828.29
Windshield,moderate,0.1994,0.9123,0.9631,0.0,2135.738328708749,0.0,2135.74
Door,minor,0.0306,0.6319,0.939,0.0,3100.2965040251083,1498.2215623603315,4598.52
Door,minor,0.0623,0.9243,0.422,0.0,2927.991582242808,2733.888007121968,5661.88
Windshield,minor,0.054,0.9362,0.5034,0.0,2703.9486854721254,0.0,2703.95
Bumper,minor,0.0433,0.7824,0.9032,0.0,1686.227204074233,1510.0336246835614,3196.26
Windshield,moderate,0.3202,0.5012,0.533,7505.024979748385,2681.4917385819363,0.0,10186.52
Hood,moderate,0.281,0.7618,0.5983,11968.123836759898,3516.998312184021,4465.886388731577,19951.01
Windshield,minor,0.0437,0.5757,0.7061,0.0,1901.5134041432398,0.0,1901.51
Headlight,severe,0.6235,0.9394,0.4998,8616.578290658168,2436.864436876222,0.0,11053.44
Bumper,moderate,0.285,0.6181,0.6589,0.0,3320.2413285956945,3782.616684812041,7102.86
Door,minor,0.01,0.8712,0.7099,0.0,2739.15812299338,1596.7178769961756,4335.88
Windshield,minor,0.0841,0.7296,0.9514,0.0,2389.7425138535546,0.0,2389.74
Light,moderate,0.2089,0.4929,0.9142,0.0,955.8010869406846,0.0,955.8
Hood,minor,0.0225,0.4728,0.4035,0.0,1672.6852718257744,1892.7444492906084,3565.43
Windshield,moderate,0.1365,0.6031,0.97,0.0,2065.0625710368436,0.0,2065.06
Windshield,minor,0.0476,0.5282,0.467,0.0,1382.422098750963,0.0,1382.42
Trunk,minor,0.0876,0.5587,0.4849,0.0,2516.120881371383,2545.958826958967,5062.08
Door,minor,0.0994,0.7063,0.615,11322.34030281509,2767.826313256425,2126.7346973831236,16216.9
Bumper,moderate,0.171,0.9773,0.4788,5902.214786302951,1494.9766293878924,2706.370031742021,10103.56
Hood,moderate,0.1619,0.6948,0.6547,0.0,3054.05629680571,2585.967430957693,5640.02
Light,minor,0.0446,0.5309,0.7387,4063.008705091907,1151.9362743082256,0.0,5214.94
Hood,minor,0.0973,0.5336,0.8287,0.0,2547.7494398731474,2400.193732313463,4947.94
Fender,minor,0.0211,0.8828,0.8478,0.0,2142.2547732228963,2410.692105189144,4552.95
Fender,moderate,0.2581,0.7585,0.4368,0.0,3101.833748493231,3973.171424951224,7075.01
Hood,moderate,0.4454,0.6413,0.4467,0.0,4115.390855625706,4371.379211935393,8486.77
Windshield,moderate,0.1835,0.5306,0.7542,0.0,1611.0832021648134,0.0,1611.08
Headlight,minor,0.0524,0.9151,0.7282,0.0,577.2162038821502,0.0,800.0
Door,minor,0.0354,0.6029,0.4284,0.0,3144.1357986688727,2270.350699369871,5414.49
Bumper,moderate,0.3432,0.6404,0.7097,0.0,2167.4332685610684,3411.0822735003217,5578.52
Door,minor,0.0502,0.5984,0.4679,0.0,3701.1275524908106,1928.6532854932932,5629.78
Headlight,moderate,0.2422,0.6338,0.7174,5297.413927107698,1094.186319396617,0.0,6391.6
Light,minor,0.0695,0.7361,0.6173,0.0,719.4164452785246,0.0,800.0
Door,minor,0.0441,0.5444,0.9446,0.0,2576.335464690278,1785.631819284499,4361.97
Door,moderate,0.189,0.9494,0.5783,14682.13381684772,4160.801246281982,3342.003483431298,22184.94
Door,moderate,0.1144,0.4782,0.6726,0.0,2687.4823496219087,2067.578926447481,4755.06
Hood,minor,0.0247,0.6601,0.5525,0.0,2110.823620970258,3059.519668301778,5170.34
Fender,moderate,0.1355,0.7447,0.9774,7521.24507342186,3089.4605240628453,3231.551128005098,13842.26
Hood,severe,0.5916,0.9399,0.5286,14427.761202400716,5429.400982408509,5892.271720898877,25749.43
Hood,minor,0.0589,0.5223,0.7237,0.0,1645.2475768253398,1987.848086535812,3633.1
Hood,minor,0.0351,0.6408,0.4865,0.0,2973.5570566777365,2796.4274365739425,5769.98
Fender,moderate,0.1,0.8469,0.9634,0.0,2591.1179387731945,2380.9642066721276,4972.08
Bumper,minor,0.0579,0.5056,0.5689,0.0,1520.200970484729,1806.6980103700976,3326.9
Headlight,moderate,0.1958,0.6738,0.5106,0.0,845.1093256575567,0.0,845.11
Trunk,minor,0.0457,0.6886,0.4647,0.0,2256.084125291327,1590.8551013143413,3846.94
Trunk,minor,0.0461,0.6556,0.6216,0.0,1973.1321016609777,1681.4974972679713,3654.63
Bumper,moderate,0.3241,0.7335,0.6077,9307.39472562306,2182.9127301612607,4112.308755448466,15602.62
Light,minor,0.0319,0.619,0.6192,0.0,1170.5745222708922,0.0,1170.57
Door,moderate,0.2981,0.6946,0.7569,0.0,5400.668778213544,4080.961154061845,9481.63
Door,minor,0.0446,0.8113,0.9149,0.0,3026.2030454717465,2201.528141926461,5227.73
Headlight,severe,0.7387,0.9303,0.6381,5594.672110566831,1909.2800010818587,0.0,7503.95
Fender,minor,0.0632,0.6821,0.4764,0.0,2220.5027345091275,2725.833793694874,4946.34
Headlight,moderate,0.2467,0.5931,0.5482,0.0,1199.3501714641905,0.0,1199.35
Light,moderate,0.3079,0.5308,0.8005,0.0,1346.6926867024015,0.0,1346.69
Hood,minor,0.01,0.4701,0.8958,18483.010942046494,2684.6954880813496,1521.3923685283803,22689.1
Door,moderate,0.2534,0.6851,0.4504,0.0,2963.404798507123,3979.9144504783535,6943.32
Bumper,moderate,0.2762,0.8648,0.6802,0.0,1991.495220391712,3784.1831568545736,5775.68
Headlight,severe,0.5512,0.6931,0.4452,6260.366391181259,1296.322251227259,0.0,7556.69
Hood,moderate,0.4387,0.8843,0.85,0.0,3217.214389602729,4260.164753078759,7477.38
Trunk,severe,0.697,0.7932,0.5507,16458.485013725985,5082.073626417767,7475.6982629820495,29016.26
Headlight,moderate,0.3239,0.7541,0.9136,12714.964746674656,1850.134472613661,0.0,14565.1
Hood,severe,0.4501,0.7271,0.8747,12361.383006050139,3128.6275998580136,4134.948293453497,19624.96
Door,moderate,0.2641,0.7196,0.5448,0.0,3894.8231522978595,3134.8822394549197,7029.71
Bumper,moderate,0.1297,0.5164,0.5431,9751.736353685104,2834.5604728656654,2642.5861264745195,15228.88
Light,moderate,0.1877,0.641,0.7765,0.0,837.9705695795406,0.0,837.97
Bumper,moderate,0.1,0.7517,0.8296,0.0,2269.1514712032476,1592.404239038951,3861.56
Windshield,moderate,0.1885,0.8384,0.8908,0.0,1936.897965365141,0.0,1936.9
Trunk,minor,0.01,0.779,0.4854,0.0,3176.592248964233,2629.4332383117676,5806.03
Fender,moderate,0.1798,0.7371,0.5788,0.0,3577.1407114178173,3452.4148338281807,7029.56
Door,minor,0.0962,0.9647,0.4836,0.0,2268.90693371039,2758.6532822429244,5027.56
Light,moderate,0.258,0.5093,0.8226,0.0,1343.5045516235132,0.0,1343.5
Door,severe,0.6429,0.4985,0.6243,11797.716077018677,6590.37751341634,6408.41076636049,24796.5
Door,moderate,0.1315,0.5144,0.4721,9983.4052932396,3371.2296476378283,2220.0971235645584,15574.73
Fender,severe,0.7716,0.8826,0.9176,0.0,4714.854341164573,6804.554830199289,11519.41
Bumper,moderate,0.2787,0.5963,0.8476,0.0,1930.1652893913915,4183.154497731214,6113.32
Fender,moderate,0.2728,0.5218,0.5705,0.0,3149.72219013349,3643.5876132932376,6793.31
Bumper,minor,0.0262,0.5037,0.8423,0.0,1617.4529632950848,1701.1055256318848,3318.56
Light,minor,0.0434,0.6405,0.7147,0.0,1418.4399339686804,0.0,1418.44
Headlight,minor,0.0511,0.6204,0.5184,0.0,868.6453025988561,0.0,868.65
Light,minor,0.0924,0.8776,0.4173,0.0,1085.2809138844784,0.0,1085.28
Bumper,minor,0.0735,0.4934,0.6354,0.0,2052.3159088089806,3035.8172710554686,5088.13
Trunk,minor,0.054,0.7699,0.8331,0.0,3498.163819764114,2432.3785345217652,5930.54
Bumper,moderate,0.422,0.6818,0.9161,0.0,2574.249006882975,5532.820503884478,8107.07
Hood,minor,0.0633,0.4747,0.6968,0.0,2172.980718441562,2656.0260092154404,4829.01
Headlight,severe,0.4563,0.7534,0.9036,0.0,1903.361061673919,0.0,1903.36
Bumper,moderate,0.434,0.5983,0.7122,5106.105463816743,1809.8578861241456,4730.90485898226,11646.87
Door,minor,0.0113,0.8397,0.4497,0.0,3306.513356050916,1941.0805268099002,5247.59
Headlight,minor,0.0528,0.6421,0.6569,0.0,954.6043197495624,0.0,954.6
Headlight,minor,0.0206,0.6579,0.6817,0.0,609.3171422980789,0.0,800.0
Hood,minor,0.061,0.8262,0.7989,0.0,2079.828137190589,2751.8887059552267,4831.72
Headlight,moderate,0.1606,0.5285,0.8841,0.0,946.0137423937639,0.0,946.01
Light,minor,0.0345,0.7441,0.6023,0.0,1669.4117010742368,0.0,1669.41
Hood,moderate,0.1949,0.4976,0.9569,0.0,3059.400427259592,2607.7969959342813,5667.2
Light,moderate,0.1525,0.6737,0.9364,8130.334298265028,876.4626658982509,0.0,9006.8
Hood,moderate,0.3154,0.7202,0.5189,15525.824328665674,3005.8839184972135,4511.248144163636,23042.96
Headlight,severe,0.6318,0.6031,0.8603,0.0,3107.665410268056,0.0,3107.67
Fender,moderate,0.1715,0.9544,0.7757,7360.267634454794,2857.679778777039,2700.1939793430097,12918.14
Bumper,moderate,0.33,0.8175,0.681,0.0,3479.730839762284,2984.593932377243,6464.32
Bumper,moderate,0.3133,0.9724,0.5949,0.0,1853.1901300973586,4710.544102732215,6563.73
Bumper,minor,0.0472,0.8135,0.6123,0.0,1916.2823167676456,1684.0216585695334,3600.3
Headlight,moderate,0.2504,0.8087,0.4271,12740.02987024889,1384.8509289876722,0.0,14124.88
Windshield,moderate,0.1068,0.5582,0.7737,0.0,2102.0278964581394,0.0,2102.03
Bumper,severe,0.4815,0.8132,0.777,7104.929013543694,1862.9545790727807,4599.183866516911,13567.07
Bumper,moderate,0.2092,0.6212,0.7702,0.0,2835.049494519001,3528.1397697572643,6363.19
Trunk,moderate,0.2473,0.5947,0.5126,0.0,4198.658768505633,3081.119627452819,7279.78
Fender,minor,0.0119,0.9299,0.5559,3137.4720227792313,2198.8770147726555,1940.1994607576992,7276.55
Bumper,minor,0.0702,0.9693,0.6823,0.0,2014.5604436964204,2050.10600081569,4064.67
Windshield,moderate,0.4241,0.6427,0.4432,0.0,1720.013317139447,0.0,1720.01
Bumper,moderate,0.1287,0.9342,0.7607,4025.070063606304,2170.4774156038143,1834.641326768592,8030.19
Door,minor,0.0773,0.5066,0.519,0.0,3369.4352240135736,2742.5929263314015,6112.03
Door,severe,0.4367,0.7977,0.5669,10899.211136733356,4589.929331514708,3666.571063762613,19155.71
Windshield,moderate,0.2827,0.9724,0.5047,0.0,2761.3066756163676,0.0,2761.31
Trunk,severe,0.8075,0.8779,0.8856,15298.622623027037,3840.381292503553,6128.320829841674,25267.32
Windshield,minor,0.0555,0.4865,0.6798,0.0,2259.7753684551253,0.0,2259.78
Door,moderate,0.2897,0.7507,0.6937,0.0,4682.176640665491,3073.2002608373878,7755.38
Light,moderate,0.1578,0.9424,0.919,0.0,1767.8971013953562,0.0,1767.9
Headlight,minor,0.0374,0.6665,0.476,0.0,1119.8161669840158,0.0,1119.82
Door,minor,0.0476,0.4504,0.7688,0.0,2601.9031882480217,2292.85203930715,4894.76
Trunk,minor,0.0246,0.857,0.848,0.0,1998.0746088569076,2408.1897913794073,4406.26
Bumper,severe,0.4199,0.8715,0.4555,6097.1272545060765,2951.3595209869236,4791.846524446912,13840.33
Hood,severe,0.623,0.5877,0.6069,11953.88204558451,3474.0204176500874,3911.1320747162554,19339.03
Light,moderate,0.1603,0.5439,0.9367,0.0,1531.905155332905,0.0,1531.91
Windshield,moderate,0.1869,0.7429,0.5717,0.0,1834.8233800439125,0.0,1834.82
Hood,moderate,0.1514,0.7602,0.6018,0.0,2292.794451109687,2230.7672280701595,4523.56
Headlight,severe,0.4302,0.5335,0.4878,3299.7464939593383,2225.210644937756,0.0,5524.96
Windshield,severe,0.3,0.892,0.5679,0.0,3001.089778214428,0.0,3001.09
Light,minor,0.043,0.5126,0.4651,0.0,1344.0461703216918,0.0,1344.05
Windshield,minor,0.0781,0.8698,0.5534,0.0,1052.702022634221,0.0,1052.7
Trunk,minor,0.0552,0.841,0.6879,0.0,2515.8550256767558,1863.9929818405626,4379.85
Trunk,minor,0.065,0.5794,0.4445,0.0,2911.6493704928735,2580.339922720705,5491.99
Bumper,minor,0.0751,0.58,0.7042,0.0,1564.968635394985,3172.349370513725,4737.32
Bumper,moderate,0.2753,0.8807,0.7164,7821.614053600623,1673.0097566519394,3089.481769214848,12584.11
Headlight,minor,0.0424,0.6443,0.4674,0.0,1179.0152344781545,0.0,1179.02
Bumper,moderate,0.3494,0.8926,0.5473,0.0,1848.2389999019417,4997.41522131208,6845.65
Bumper,minor,0.0585,0.6301,0.5691,0.0,2000.280659618767,2334.0467100593237,4334.33
Headlight,moderate,0.349,0.6197,0.5383,8823.714317292814,1419.2807220966497,0.0,10243.0
Bumper,severe,0.6565,0.9024,0.9763,7353.914591773068,2271.218237468084,7812.685225281115,17437.82
Fender,minor,0.0555,0.4654,0.6609,0.0,1946.0571619856587,2103.284133919282,4049.34
Bumper,severe,0.6889,0.6866,0.8678,8945.222318558574,3991.0085094609894,4983.985799246768,17920.22
Trunk,severe,0.5573,0.8704,0.7129,0.0,4094.127719140007,6593.545396058964,10687.67
Door,moderate,0.3226,0.6951,0.7568,0.0,3384.9700525234975,3519.0752036862004,6904.05
Headlight,minor,0.0582,0.8817,0.5197,0.0,1302.5346733896858,0.0,1302.53
Fender,minor,0.1224,0.9637,0.5883,0.0,2581.8953518811604,1857.0250718967013,4438.92
Trunk,moderate,0.4911,0.4627,0.8763,0.0,3867.4787647804646,4584.574809397439,8452.05
Fender,moderate,0.3542,0.8011,0.8745,3577.1491570890507,3446.2766138025368,3281.6889826624997,10305.11
Windshield,moderate,0.341,0.7161,0.9471,0.0,2474.6155602435424,0.0,2474.62
Headlight,minor,0.0315,0.7631,0.7165,0.0,1313.9278023672916,0.0,1313.93
Windshield,moderate,0.4114,0.9377,0.6117,7729.125056771936,1972.3727846762624,0.0,9701.5
Fender,severe,0.5931,0.8313,0.5033,0.0,3430.9806418362896,3476.2319690797813,6907.21
Windshield,minor,0.0354,0.761,0.4534,0.0,1235.1030797802082,0.0,1235.1
Light,moderate,0.3073,0.6431,0.5387,6002.371549736719,1080.37958939562,0.0,7082.75
Fender,severe,0.5329,0.6748,0.7536,4446.052106648857,4441.315512843549,6583.232461060559,15470.6
Trunk,minor,0.092,0.6376,0.5602,0.0,2022.6962702156277,2111.655423805989,4134.35
Trunk,moderate,0.2465,0.7056,0.8901,0.0,3806.5716732630513,4204.605874974795,8011.18
Fender,minor,0.019,0.7356,0.437,0.0,2084.9150385825506,1872.8194767369387,3957.73
Trunk,severe,0.6403,0.4509,0.4728,14644.2893179303,5505.1539855394585,5805.5189579110765,25954.96
Door,moderate,0.3358,0.8421,0.496,0.0,3445.969636878226,3351.987028903658,6797.96
Trunk,minor,0.01,0.9375,0.9729,0.0,2592.972819081921,1702.5789039066467,4295.55
Door,minor,0.051,0.8467,0.4947,0.0,3240.0383049984944,1652.8313694247804,4892.87
Windshield,minor,0.064,0.7176,0.7989,0.0,1699.6014232720643,0.0,1699.6
Trunk,moderate,0.2412,0.9547,0.478,0.0,3708.303603272687,3410.886593721843,7119.19
Trunk,moderate,0.1161,0.7117,0.6097,0.0,2348.8603934906205,2456.3889946886998,4805.25
Hood,moderate,0.1749,0.5476,0.6617,0.0,3001.7750380860725,4258.419370333115,7260.19
Windshield,moderate,0.3077,0.8907,0.4068,12193.914679449097,2176.3306441290474,0.0,14370.25
Fender,minor,0.0539,0.8972,0.6256,0.0,3192.674112961149,2055.5389945717366,5248.21
Headlight,severe,0.95,0.7516,0.8871,5607.728423948539,2076.7492186739637,0.0,7684.48
Light,moderate,0.4117,0.4623,0.7093,0.0,2054.4684064604953,0.0,2054.47
Fender,severe,0.4696,0.6498,0.651,3872.1615164240934,4014.1260937623792,4195.879462016822,12082.17
Door,moderate,0.1766,0.9457,0.8813,15004.969675905015,3795.160722205039,2799.6556213304743,21599.79
Light,minor,0.0558,0.8922,0.6541,0.0,728.1593743924604,0.0,800.0
Trunk,severe,0.6741,0.5312,0.758,11886.921960975502,3579.4492220378684,5080.470764315495,20546.84
Light,moderate,0.3497,0.6063,0.8791,4905.909376727441,2279.657736816433,0.0,7185.57
Bumper,minor,0.0849,0.732,0.9743,0.0,1950.6571546804912,2363.9777581859084,4314.63
Windshield,minor,0.0527,0.9548,0.5887,0.0,1291.5834695717565,0.0,1291.58
Hood,severe,0.95,0.6304,0.6115,15738.939423948977,7021.785892632474,6355.1262042213875,29115.85
Hood,moderate,0.2123,0.5567,0.4856,12932.939169494772,1820.450393387874,3842.854500013082,18596.24
Fender,minor,0.0158,0.6687,0.5106,0.0,1742.2781482046244,2164.562951284764,3906.84
Bumper,moderate,0.344,0.6836,0.4796,0.0,3373.769867578033,4499.332376847877,7873.1
Light,moderate,0.5,0.9246,0.4848,8210.664183378049,1175.7638288557353,0.0,9386.43
Bumper,moderate,0.1746,0.6064,0.727,0.0,1808.2804639609049,2409.4432074290453,4217.72
Trunk,minor,0.049,0.5296,0.8673,0.0,2099.7548077900537,2359.1775645746234,4458.93
Bumper,minor,0.0622,0.5509,0.4132,0.0,2203.020418798119,2273.868748536187,4476.89
Headlight,minor,0.0577,0.7149,0.7874,0.0,1219.543679402238,0.0,1219.54
Door,moderate,0.3043,0.456,0.5142,0.0,3718.0194489959913,3135.9458788282013,6853.97
Light,minor,0.0277,0.6902,0.6404,0.0,1412.8796268262163,0.0,1412.88
Hood,minor,0.0168,0.8133,0.9137,0.0,2265.7745166121626,1802.279830613747,4068.05
Trunk,moderate,0.2448,0.8588,0.8921,0.0,3705.6467516374264,3491.0581124335868,7196.7
Door,moderate,0.3762,0.5156,0.6099,0.0,4359.500580173117,4179.358157080181,8538.86
Headlight,minor,0.0651,0.9398,0.4461,0.0,1054.975656447261,0.0,1054.98
Bumper,moderate,0.2678,0.9076,0.939,0.0,2491.7726945526465,4055.427757127688,6547.2
Windshield,moderate,0.3187,0.8846,0.9465,0.0,1948.3887342467694,0.0,1948.39
Trunk,moderate,0.2145,0.6161,0.6049,10446.969932827265,3583.725724795032,2878.3873092700346,16909.08
Headlight,moderate,0.2802,0.5096,0.4956,0.0,953.1236807163153,0.0,953.12
Headlight,minor,0.0222,0.5038,0.7878,0.0,1442.8731900200858,0.0,1442.87
Windshield,minor,0.0783,0.4826,0.6745,8692.958735652745,2712.6381332784854,0.0,11405.6
Bumper,minor,0.0527,0.4775,0.4129,0.0,2467.612710834186,2001.7007113472037,4469.31
Hood,severe,0.718,0.8702,0.5071,18025.27901607275,6004.484090030947,4407.122302305332,28436.89
Windshield,moderate,0.153,0.5197,0.9202,0.0,3126.165423579694,0.0,3126.17
Light,minor,0.0169,0.5339,0.4174,0.0,1106.2878531697024,0.0,1106.29
Headlight,severe,0.7642,0.8821,0.6639,11828.22142051656,2626.0776401798803,0.0,14454.3
Bumper,moderate,0.2504,0.926,0.6087,5839.960794668892,1625.4553512791026,3469.8754103532146,10935.29
Door,minor,0.0386,0.6591,0.427,0.0,2255.362496595067,2491.4272966198364,4746.79
Door,minor,0.062,0.5254,0.9477,0.0,2265.5964675313644,2215.8947709522213,4481.49
Bumper,severe,0.3693,0.9194,0.6141,6313.250807639463,3107.978495279643,5523.477013597815,14944.71
Bumper,minor,0.0391,0.8832,0.8925,0.0,1372.8123305608644,1984.4822865312044,3357.29
Bumper,moderate,0.3655,0.8314,0.6321,9603.429143231873,2532.4433802200224,3977.62339559069,16113.5
Headlight,minor,0.0801,0.4636,0.9157,0.0,686.5364774337933,0.0,800.0
Trunk,moderate,0.1,0.7982,0.6562,14702.110534029296,2157.7938026595484,3119.485023182723,19979.39
Bumper,moderate,0.3528,0.4595,0.701,0.0,3316.42502234981,5259.799200552904,8576.22
Trunk,minor,0.0192,0.9569,0.9164,0.0,2449.6849877334844,2911.8826221111244,5361.57
Bumper,minor,0.0963,0.9183,0.8787,10044.7990084448,1717.3340548284352,2273.6912790635947,14035.82
Light,moderate,0.1033,0.8741,0.7289,0.0,1216.1111304613978,0.0,1216.11
Bumper,minor,0.0628,0.8696,0.8845,0.0,1908.7069906014947,2814.9706997742474,4723.68
Trunk,moderate,0.1358,0.5591,0.9088,12175.1240651331,2577.926239102156,3052.306314905165,17805.36
Windshield,severe,0.4087,0.472,0.4953,9174.75891023151,1674.6995978758998,0.0,10849.46
Windshield,moderate,0.1573,0.6078,0.8059,0.0,3036.2907276704505,0.0,3036.29
Windshield,moderate,0.2545,0.645,0.6905,7911.961950163144,2310.054037444188,0.0,10222.02
Windshield,minor,0.0378,0.7402,0.4926,0.0,1820.8813895106198,0.0,1820.88
Light,minor,0.0232,0.8027,0.9772,0.0,1593.403828835279,0.0,1593.4
Headlight,moderate,0.2104,0.9224,0.4627,0.0,1047.4295155570962,0.0,1047.43
Headlight,minor,0.0689,0.6058,0.8718,0.0,932.113357414369,0.0,932.11
Hood,severe,0.5997,0.6649,0.4788,10636.955593405824,3624.101625920329,5644.489109673229,19905.55
Trunk,minor,0.0956,0.8684,0.9424,0.0,2506.538664371631,2823.630086352162,5330.17
Hood,minor,0.0181,0.965,0.4469,0.0,2743.1305345491105,1593.3050518261955,4336.44
Windshield,minor,0.0123,0.5413,0.6196,0.0,1468.367948706792,0.0,1468.37
Trunk,minor,0.0711,0.6842,0.6337,0.0,2212.3304902872633,2262.9620370278312,4475.29
Fender,severe,0.7654,0.9404,0.4025,7600.129689933116,5175.041830745933,8416.621039759355,21191.79
Bumper,moderate,0.2437,0.9433,0.9759,9886.955586479276,2200.7274056467645,3122.3356023300867,15210.02
Light,severe,0.5433,0.8581,0.481,4263.951222442314,1446.8129583833704,0.0,5710.76
Hood,minor,0.0614,0.7839,0.4679,0.0,2031.1319919048087,2786.321245286979,4817.45
Bumper,severe,0.5861,0.6232,0.4997,4660.619415732628,3215.6214934576815,5505.602822324299,13381.84
Windshield,moderate,0.1,0.4564,0.97,0.0,1950.148152968344,0.0,1950.15
Windshield,minor,0.0551,0.6861,0.6312,0.0,1762.7718372256895,0.0,1762.77
Hood,minor,0.0736,0.5968,0.8455,0.0,2637.5807559847112,1826.1734011477104,4463.75
Door,moderate,0.191,0.9488,0.5218,0.0,4243.467362842886,3871.091246723194,8114.56
Hood,moderate,0.1117,0.7587,0.9326,0.0,2466.571125164501,2161.0015212848866,4627.57
Hood,moderate,0.3182,0.5063,0.6156,16738.266081165926,3184.4309286697767,4297.922695962571,24220.62
Trunk,moderate,0.1523,0.5134,0.95,0.0,3170.3345431074395,2910.5148789620835,6080.85
Trunk,moderate,0.3943,0.4766,0.6007,0.0,3440.5878734862417,3789.671705202673,7230.26
Windshield,minor,0.0508,0.8243,0.887,0.0,2520.4324810096127,0.0,2520.43
Fender,severe,0.5494,0.4992,0.827,8115.922689724818,4534.2384715513745,5046.992080296031,17697.15
Fender,minor,0.01,0.8818,0.8358,0.0,2608.594225905428,1857.6712460231822,4466.27
Windshield,moderate,0.2788,0.7205,0.7249,0.0,2367.7069957746676,0.0,2367.71
Trunk,severe,0.7806,0.6809,0.6853,14636.833280728779,7068.47233393311,8001.201289519874,29706.51
Windshield,severe,0.5228,0.9316,0.829,8041.912929812898,2975.849141029409,0.0,11017.76
Trunk,moderate,0.1868,0.5482,0.6098,0.0,3154.074427348254,3679.052006451706,6833.13
Light,moderate,0.1092,0.4825,0.6834,4031.721205941956,689.9736851348989,0.0,4721.69
Door,moderate,0.1275,0.7144,0.7106,13939.767912194688,3045.2680610460006,2546.585902483209,19531.62
Trunk,moderate,0.1076,0.8298,0.8565,0.0,3253.184807855459,2698.0945587405213,5951.28
Bumper,minor,0.102,0.8774,0.5997,0.0,1443.1042104240646,2980.024497456453,4423.13
Hood,moderate,0.2893,0.7897,0.8744,19405.400282164774,2268.2296815096884,5219.572676564688,26893.2
Door,moderate,0.3161,0.8411,0.4896,0.0,5250.434854413483,4329.340781749734,9579.78
Windshield,severe,0.6434,0.9554,0.6424,9281.974803387588,2628.8221663039503,0.0,11910.8
Windshield,minor,0.0967,0.8689,0.4663,0.0,1409.9839821960406,0.0,1409.98
Fender,severe,0.6543,0.4607,0.952,5293.46804369286,4555.47340340882,4119.090958491629,13968.03
Windshield,moderate,0.2216,0.7323,0.6591,12007.7184026855,2570.953993301753,0.0,14578.67
Hood,moderate,0.3509,0.6367,0.6667,0.0,2796.796698395064,3219.219591937463,6016.02
Hood,moderate,0.3958,0.8923,0.8703,0.0,2857.518523439879,4719.138222584113,7576.66
Light,moderate,0.1581,0.6797,0.7066,0.0,1307.0508092649436,0.0,1307.05
Trunk,minor,0.0381,0.7239,0.7201,0.0,2361.9924866889673,3188.045416238523,5550.04
Windshield,minor,0.01,0.8275,0.5606,0.0,1531.6795324970444,0.0,1531.68
Trunk,minor,0.0921,0.66,0.9657,0.0,2269.223231155591,2249.77973785764,4519.0
Headlight,severe,0.9264,0.6248,0.7914,5098.167754103742,2277.4924169777655,0.0,7375.66
Fender,minor,0.0939,0.736,0.6844,0.0,2352.6816350499466,2644.7217819657776,4997.4
Light,severe,0.6555,0.8469,0.6332,5652.547500187833,1707.7461729671986,0.0,7360.29
Door,moderate,0.2566,0.6088,0.7081,0.0,4149.716844036619,4504.993572598944,8654.71
Trunk,moderate,0.2477,0.6722,0.5598,0.0,2620.7064723024723,4917.528199146794,7538.23
Hood,minor,0.0488,0.6451,0.8624,0.0,2349.7279062549337,2015.0500829201496,4364.78
Headlight,minor,0.0603,0.4556,0.9533,0.0,1092.2647549321205,0.0,1092.26
Bumper,moderate,0.1153,0.9655,0.4437,0.0,2139.9840618484536,2663.197807494182,4803.18
Door,severe,0.6527,0.9267,0.8778,13835.992687109308,5161.821095104976,5526.124918967875,24523.94
Trunk,moderate,0.1,0.8269,0.9187,0.0,2276.43876172797,2034.2733257526763,4310.71
Door,minor,0.0466,0.744,0.8256,0.0,3752.3039730195082,1670.4411584341192,5422.75
Fender,minor,0.0566,0.5894,0.7804,0.0,1732.0129061111782,2597.052320478786,4329.07
Headlight,severe,0.4118,0.8868,0.771,4558.601488971022,1068.550803763097,0.0,5627.15
Door,moderate,0.2232,0.5348,0.5178,8819.357716807845,2766.7325717440726,3444.311388081758,15030.4
Hood,minor,0.0348,0.8542,0.6746,0.0,1923.1310990558065,2154.6657455842,4077.8
Light,moderate,0.1424,0.6972,0.9277,0.0,757.2490050345842,0.0,800.0
Headlight,moderate,0.1217,0.9063,0.4105,0.0,964.1858798979449,0.0,964.19
Trunk,severe,0.7387,0.9356,0.8976,0.0,4970.546259424637,5260.505944088649,10231.05
Fender,moderate,0.308,0.5805,0.6158,3250.5068903780502,3615.641610822465,3680.014625940029,10546.16
Headlight,minor,0.0675,0.973,0.8967,0.0,1175.5938044076945,0.0,1175.59
Windshield,moderate,0.2613,0.8262,0.7927,5757.424166229875,3285.094685465016,0.0,9042.52
Light,minor,0.0132,0.9533,0.5609,0.0,1409.041141491942,0.0,1409.04
Light,severe,0.3717,0.5586,0.6842,3380.293451970943,1327.0901791970218,0.0,4707.38
Door,moderate,0.1801,0.5304,0.4397,9671.9774610617,2408.8287927490287,2994.004940717635,15074.81
Door,minor,0.04,0.7138,0.5451,0.0,3451.2425312471637,2048.641988041293,5499.88
Door,minor,0.0339,0.5572,0.8428,0.0,2268.582105859822,2578.3114416027083,4846.89
Headlight,moderate,0.3497,0.9097,0.8271,0.0,1649.5734733049435,0.0,1649.57
Headlight,minor,0.0177,0.5262,0.8194,0.0,531.7243822052287,0.0,800.0
Door,minor,0.041,0.6896,0.8864,0.0,3693.459892880564,2041.0441405609915,5734.5
Windshield,minor,0.0679,0.577,0.7897,0.0,1698.3946029800907,0.0,1698.39
Windshield,minor,0.0574,0.823,0.8276,0.0,1128.3270361487012,0.0,1128.33
Windshield,moderate,0.2729,0.8831,0.7389,0.0,2520.505148282637,0.0,2520.51
Windshield,moderate,0.275,0.4741,0.5128,0.0,2241.34117002817,0.0,2241.34
Fender,severe,0.5862,0.6572,0.5632,6027.257148406277,4495.699515145088,6229.588258928502,16752.54
Fender,minor,0.0465,0.9025,0.6666,0.0,2784.6258476723137,2078.568928105356,4863.19
Bumper,moderate,0.2658,0.7039,0.9098,0.0,2230.289077690401,2556.968580380115,4787.26
Fender,moderate,0.2134,0.5355,0.5522,6869.975794423403,3886.6076427608355,3303.202966681553,14059.79
Windshield,minor,0.0496,0.5412,0.6135,0.0,1180.4254479032268,0.0,1180.43
Trunk,moderate,0.1107,0.8881,0.5044,16313.983454916433,1747.541443850913,3265.7128374339777,21327.24
Windshield,minor,0.0901,0.8836,0.4844,0.0,2365.651146361569,0.0,2365.65
Bumper,severe,0.5928,0.6967,0.9531,5997.730191336896,3108.265756384402,5878.843589930015,14984.84
Trunk,minor,0.0109,0.7466,0.6892,0.0,2044.6743296313916,2297.414296895652,4342.09
Door,moderate,0.1,0.8984,0.4708,11109.365166024088,4018.7755962350916,2350.6177438103023,17478.76
Headlight,minor,0.0669,0.6037,0.9611,0.0,1170.3395900297157,0.0,1170.34
Bumper,minor,0.0532,0.6684,0.7655,0.0,1901.9799040479472,1990.677929732157,3892.66
Hood,moderate,0.1984,0.7499,0.6376,0.0,3094.110512327153,2988.9213259350386,6083.03
Bumper,severe,0.629,0.8503,0.6901,6833.50595729504,2413.3983733013333,6135.966351143804,15382.87
Trunk,minor,0.0684,0.9499,0.4597,0.0,2277.6506364532024,3150.413638419786,5428.06
Fender,severe,0.5914,0.6759,0.974,6986.729627887195,4556.389277466442,5350.957420330899,16894.08
Bumper,moderate,0.2256,0.5262,0.484,0.0,1459.306463773029,3671.921854354722,5131.23
Light,moderate,0.1888,0.4729,0.9455,0.0,839.4608733095263,0.0,839.46
Bumper,moderate,0.1753,0.4617,0.6196,0.0,1454.8157512754926,3708.20049612824,5163.02
Trunk,minor,0.0189,0.9298,0.6219,0.0,2130.1859479066566,1776.7239355991749,3906.91
Windshield,minor,0.0431,0.6589,0.4418,0.0,2444.387135850245,0.0,2444.39
Windshield,minor,0.0576,0.5305,0.8393,0.0,1409.6013599877492,0.0,1409.6
Door,moderate,0.1638,0.7596,0.4516,0.0,3796.5510551453535,2533.410315320494,6329.96
Bumper,minor,0.0605,0.8573,0.6609,0.0,1404.3537491036805,2702.102746523913,4106.46
Trunk,minor,0.0838,0.608,0.7436,0.0,2235.9069505567604,2471.6154390438032,4707.52
Hood,severe,0.7816,0.5144,0.6053,13382.689556572996,5995.010279652494,5869.669692200579,25247.37
Windshield,moderate,0.2574,0.5752,0.7124,0.0,1921.6908712785219,0.0,1921.69
Door,severe,0.6405,0.7201,0.8847,0.0,7167.141969847192,5441.323554384382,12608.47
Trunk,moderate,0.1837,0.7147,0.4492,0.0,3626.4518733101104,2114.735413872243,5741.19
Windshield,minor,0.0509,0.741,0.5826,0.0,1911.6557553833275,0.0,1911.66
Hood,minor,0.01,0.5304,0.6103,0.0,2747.327605340662,2315.6794262620924,5063.01
Trunk,moderate,0.144,0.712,0.7209,10927.611515352502,2406.1287843115865,2704.2674577905564,16038.01
Door,moderate,0.2118,0.4734,0.9257,14614.77755688174,4158.272103628017,2916.365626058726,21689.42
Door,minor,0.0485,0.7982,0.7766,15087.005913566814,2443.2893504995313,2638.3754063506503,20168.67
Light,moderate,0.2348,0.9141,0.9162,4342.882620374344,978.3099762493086,0.0,5321.19
Hood,minor,0.043,0.4517,0.4001,0.0,1848.1407566386692,3123.2639832904606,4971.4
Light,severe,0.6454,0.6394,0.7363,10506.22565153317,1298.0237607723227,0.0,11804.25
Door,severe,0.7204,0.8846,0.4154,8595.587685528482,6372.827830149681,5214.270884074526,20182.69
Light,severe,0.751,0.7611,0.7998,6302.431602240769,2611.4672294959037,0.0,8913.9
Fender,minor,0.0304,0.8471,0.6295,0.0,2382.0680793783226,2644.4124548114755,5026.48
Trunk,moderate,0.219,0.8286,0.7086,0.0,3041.2408196824263,2743.2901259267137,5784.53
Trunk,severe,0.6365,0.5435,0.5899,10145.514402755232,3230.0734794312266,4272.245930576236,17647.83
Bumper,minor,0.01,0.6096,0.651,5137.420438364467,2007.649321902115,2273.558453955322,9418.63
Hood,severe,0.6251,0.5253,0.5416,13498.124957932938,4240.637105654933,6989.794780163767,24728.56
Bumper,moderate,0.4201,0.8267,0.7633,5463.951866853996,2041.266645913551,5941.287279299107,13446.51
Door,moderate,0.3254,0.7499,0.7481,0.0,4296.912559597179,2970.744660069525,7267.66
Trunk,moderate,0.3733,0.8932,0.543,0.0,3942.4898819684577,3094.8908788308204,7037.38
Fender,moderate,0.2331,0.7128,0.6792,4287.866326467943,2720.1064930310326,2767.967257976932,9775.94
Trunk,minor,0.0635,0.9681,0.4922,0.0,2323.124271782589,2554.9115118373275,4878.04
Fender,moderate,0.2369,0.7753,0.4272,0.0,3038.4655066556998,3891.529153834368,6929.99
Bumper,minor,0.0544,0.6454,0.5326,0.0,1018.2681919913643,2102.1290314378925,3120.4
Headlight,severe,0.4774,0.5846,0.4288,4597.367811804237,1846.7615743322042,0.0,6444.13
Light,minor,0.01,0.8848,0.7475,0.0,1196.0182929338382,0.0,1196.02
Trunk,moderate,0.4038,0.9691,0.6269,0.0,4244.818019110686,6021.860176990733,10266.68
Light,moderate,0.3271,0.7859,0.7766,11355.036520738056,2024.4235881192985,0.0,13379.46
Windshield,minor,0.0338,0.8621,0.7374,0.0,1461.3897494510486,0.0,1461.39
Trunk,moderate,0.2542,0.4671,0.4475,11636.111835771953,3058.5307146781706,4280.841974198062,18975.48
Hood,moderate,0.2134,0.5145,0.4106,16289.543716848897,2625.9873408060184,2455.7029913821907,21371.23
Headlight,minor,0.0633,0.7658,0.7802,0.0,898.2205058233725,0.0,898.22
Bumper,minor,0.01,0.9266,0.9643,0.0,1302.4896057594153,2352.7573216953383,3655.25
Headlight,minor,0.0998,0.4962,0.8723,3355.2670390384947,1016.2517543520144,0.0,4371.52
Fender,minor,0.0593,0.6449,0.7357,0.0,2540.0866050017303,3077.7511626934092,5617.84
Trunk,severe,0.6966,0.7529,0.5947,12443.35635662137,3044.4503288120586,6809.279323943548,22297.09
Hood,minor,0.0654,0.6716,0.5301,0.0,1990.2001255475266,2224.0321558314604,4214.23
Hood,minor,0.01,0.592,0.8196,0.0,1985.8990572499147,2168.6926984175248,4154.59
Door,minor,0.0472,0.6698,0.81,0.0,2290.4287782351726,1754.5425215775547,4044.97
Headlight,moderate,0.331,0.9725,0.4948,10059.47218371259,1988.0095579791086,0.0,12047.48
Hood,minor,0.0892,0.8956,0.68,0.0,2864.241550378593,3482.0542047107515,6346.3
Light,severe,0.3956,0.6512,0.8297,2913.1395497966946,1555.4338826844562,0.0,4468.57
Headlight,severe,0.6838,0.6844,0.5646,3983.643185542769,2271.3192235968636,0.0,6254.96
Door,severe,0.45,0.6236,0.5826,9560.251346839366,5637.59909728788,5530.319559443633,20728.17
Fender,minor,0.0456,0.8154,0.5399,0.0,2125.7746753975143,2093.747455979601,4219.52
Bumper,severe,0.4374,0.8635,0.7348,5121.612609503626,2261.177776673918,3803.954978646697,11186.75
Hood,moderate,0.2485,0.7055,0.8777,0.0,3834.9228507050893,3305.098271773267,7140.02
Hood,moderate,0.1815,0.6048,0.6275,0.0,3271.3208956111284,3423.080679418987,6694.4
Fender,moderate,0.454,0.6436,0.821,3980.8826708240963,3370.4977535502962,4547.692816575788,11899.07
Headlight,moderate,0.1079,0.5228,0.7309,0.0,578.7062482847678,0.0,800.0
Bumper,minor,0.0815,0.5194,0.446,0.0,2289.6919718483477,2206.1418802397916,4495.83
Trunk,severe,0.7764,0.8014,0.4791,16148.212958190326,5275.997016971048,5299.322702089557,26723.53
Bumper,moderate,0.3536,0.5688,0.9076,5481.119985799052,3435.802977678394,5091.3989350059655,14008.32
Hood,severe,0.6981,0.8416,0.4789,17260.88954263026,4204.754255164619,4292.172901205455,25757.82
Bumper,minor,0.037,0.8916,0.8812,0.0,1438.8485909548745,2233.325837340668,3672.17
Trunk,minor,0.0938,0.6058,0.4947,0.0,2315.6065675100267,2933.417762014652,5249.02
Hood,minor,0.0246,0.9387,0.9139,0.0,1953.6085407076641,1845.609515054582,3799.22
Door,minor,0.0858,0.6712,0.5869,0.0,2799.611287523569,2498.2909016614117,5297.9
Door,severe,0.6311,0.5715,0.5153,9029.432643898252,4207.247128207707,5907.40476184026,19144.08
Headlight,minor,0.0702,0.6251,0.4247,0.0,769.8850155268772,0.0,800.0
Windshield,moderate,0.246,0.5125,0.744,10478.83935821305,1853.6613398898169,0.0,12332.5
Windshield,minor,0.0695,0.7823,0.4325,0.0,1251.8943183507897,0.0,1251.89
Hood,minor,0.045,0.8006,0.8423,0.0,3143.8037043805625,2174.503939141755,5318.31
Hood,moderate,0.3969,0.6512,0.6843,0.0,3737.319252102499,6406.912443810608,10144.23
Fender,minor,0.0397,0.5578,0.6021,0.0,1774.8351119585657,3154.3872715463026,4929.22
Fender,severe,0.4732,0.5399,0.8938,4619.906287260265,4371.744374709443,3545.0003532756677,12536.65
Headlight,severe,0.5919,0.4516,0.6801,3432.848051237621,2264.5804902314935,0.0,5697.43
Door,moderate,0.2815,0.9274,0.9683,8799.25475835093,4265.333882261988,3698.9866901887294,16763.58
Light,moderate,0.1176,0.6994,0.4238,0.0,1497.2322209588538,0.0,1497.23
Trunk,moderate,0.4153,0.8506,0.6148,11486.530473908364,3928.402192913794,6414.943471552817,21829.88
Windshield,minor,0.0322,0.763,0.8672,0.0,2629.806405597683,0.0,2629.81
Bumper,moderate,0.3406,0.8183,0.4188,0.0,3267.378744838057,3320.3695566192096,6587.75
Trunk,severe,0.9061,0.7318,0.9681,15502.42319175562,4704.259139347606,7165.065203622724,27371.75
Light,minor,0.037,0.9041,0.7902,0.0,834.987762706517,0.0,834.99
Light,moderate,0.2789,0.5337,0.9394,0.0,935.7577458290124,0.0,935.76
Windshield,moderate,0.3489,0.9058,0.4225,0.0,1814.9769288520213,0.0,1814.98
Headlight,moderate,0.2246,0.5852,0.7556,11507.3992317168,1383.135193789198,0.0,12890.53
Fender,moderate,0.2406,0.6397,0.5479,0.0,3181.662468706529,4101.141968476617,7282.8
Bumper,severe,0.7329,0.7337,0.8062,7149.5457517795485,3613.2618980169855,9312.346710809728,20075.15
Light,minor,0.0359,0.5677,0.7422,0.0,1052.0844935747602,0.0,1052.08
Door,moderate,0.1521,0.669,0.9355,0.0,3059.5330422145435,3101.8250213221254,6161.36
Trunk,severe,0.6583,0.6078,0.5191,14933.693388324666,4115.086069896149,5084.257782181914,24133.04
Hood,moderate,0.3946,0.7604,0.719,0.0,3976.2828031436457,4763.126822924132,8739.41
Light,minor,0.042,0.4647,0.9202,0.0,1654.1175128695554,0.0,1654.12
Light,minor,0.078,0.91,0.5965,0.0,1074.5088774051521,0.0,1074.51
Door,minor,0.0639,0.9412,0.5772,0.0,3520.7645969736855,2601.0380959190334,6121.8
Headlight,minor,0.0431,0.5983,0.8337,0.0,701.2558315756854,0.0,800.0
Hood,severe,0.5645,0.6921,0.4127,0.0,3663.4056804857432,5050.250547799987,8713.66
Door,severe,0.8696,0.8367,0.7102,15044.928974666103,4905.213789919239,5684.6083414978775,25634.75
Light,moderate,0.2573,0.7142,0.9222,0.0,1518.1629540548688,0.0,1518.16
Headlight,minor,0.0522,0.4931,0.8212,0.0,1248.511788665381,0.0,1248.51
Trunk,minor,0.0181,0.9448,0.8738,0.0,2009.5701355755084,1876.2632841117113,3885.83
Hood,minor,0.0251,0.6826,0.7475,12118.376873626867,2921.2272796645293,2771.173319821453,17810.78
Bumper,minor,0.01,0.9092,0.9653,0.0,1675.5058594566533,1585.51190749648,3261.02
Door,minor,0.0378,0.6948,0.447,0.0,2929.946938180376,1801.2357918953298,4731.18
Windshield,severe,0.6647,0.5286,0.8135,7826.534192893556,3944.9426777648305,0.0,11771.48
Hood,moderate,0.187,0.8057,0.9226,0.0,2500.7285674245177,2402.073175135557,4902.8
Fender,moderate,0.3262,0.8865,0.4048,0.0,3115.3485541797304,4073.4266430466196,7188.78
Bumper,minor,0.0171,0.7363,0.7604,0.0,1202.3661263991257,2303.571677361203,3505.94
Trunk,minor,0.0436,0.4997,0.8042,0.0,2739.3052542620694,2234.2268900811746,4973.53
Bumper,moderate,0.4699,0.5346,0.7913,0.0,3870.7895786208874,5568.5190583789345,9439.31
Fender,severe,0.5932,0.9756,0.4315,3444.3345538445424,3847.3294424868545,4424.260738215695,11715.92
Door,moderate,0.3889,0.5235,0.7238,13271.136480935576,4107.87028777374,4684.011097880332,22063.02
Fender,minor,0.0429,0.8871,0.7758,0.0,2334.171916874082,1525.461971376511,3859.63
Fender,moderate,0.337,0.9243,0.8734,0.0,2722.359229382126,4298.8250637219,7021.18
Bumper,severe,0.3996,0.9,0.8739,4614.68877281627,2326.329832038024,5403.812356368024,12344.83
Trunk,moderate,0.143,0.6291,0.4619,0.0,2633.2772425990547,3334.5082621867045,5967.79
Hood,severe,0.4983,0.8431,0.5945,12493.916306785148,4790.395651624105,4299.277056293291,21583.59
Door,minor,0.0232,0.5049,0.7964,0.0,2573.472364992611,2713.894623082547,5287.37
Windshield,minor,0.0724,0.794,0.9581,0.0,1234.0641954843409,0.0,1234.06
Hood,minor,0.0457,0.7691,0.8327,0.0,2533.0533668109797,2126.929646772866,4659.98
Fender,moderate,0.2843,0.5523,0.8396,0.0,2730.6566411056447,2787.8422742280363,5518.5
Door,severe,0.6473,0.5673,0.8327,11986.738545001936,5057.277344265332,7868.980276932177,24913.0
Trunk,moderate,0.1427,0.957,0.4597,14284.80283743298,2682.4487405905534,2367.6545622020576,19334.91
Door,minor,0.0801,0.4996,0.4573,0.0,2976.064093362433,1751.2831290887368,4727.35
Bumper,minor,0.0431,0.6197,0.8782,0.0,1991.5813654722535,2811.67113507251,4803.25
Windshield,severe,0.429,0.6426,0.8606,10793.91936115049,3179.620970362744,0.0,13973.54
Windshield,minor,0.0345,0.8019,0.48,0.0,1423.9834999395864,0.0,1423.98
Light,moderate,0.1838,0.5843,0.6664,0.0,1457.48271218726,0.0,1457.48
Windshield,minor,0.0978,0.8383,0.8668,0.0,1748.7757461892936,0.0,1748.78
Fender,moderate,0.2745,0.5845,0.6664,0.0,3108.053370974428,3087.1318016868186,6195.19
Door,minor,0.0122,0.6977,0.4802,0.0,2688.2790462474604,2539.1859817015143,5227.47
Fender,moderate,0.4433,0.836,0.7562,7797.048289188866,4269.669369251716,4936.067562611614,17002.79
Trunk,minor,0.1081,0.7703,0.5828,0.0,2221.587071861212,2526.70546837234,4748.29
Headlight,moderate,0.2497,0.9763,0.5333,0.0,2081.2397178996334,0.0,2081.24
Trunk,minor,0.0687,0.6169,0.5937,0.0,2872.969816359148,3010.1526333639204,5883.12
Bumper,moderate,0.3375,0.6881,0.6285,0.0,2006.0037036824492,3503.024272878712,5509.03
Trunk,moderate,0.2264,0.8428,0.7374,13239.262030381706,3276.1979668040062,3724.942938461842,20240.4
Fender,minor,0.1338,0.6039,0.9358,0.0,2632.9500076570775,2223.025051653116,4855.98
Headlight,minor,0.0111,0.5322,0.5994,0.0,682.0694489095281,0.0,800.0
Light,minor,0.1077,0.9054,0.4564,0.0,1185.2906854231728,0.0,1185.29
Trunk,minor,0.0348,0.7969,0.6226,0.0,1798.06305504671,2388.8478804260426,4186.91
Fender,minor,0.0289,0.6671,0.6679,0.0,3310.092458363357,2128.8748389834773,5438.97
Hood,minor,0.0465,0.9732,0.7803,0.0,2506.151933593716,2333.607244697657,4839.76
Light,minor,0.0907,0.6451,0.7797,0.0,1376.6022907160575,0.0,1376.6
Windshield,severe,0.7403,0.473,0.8014,5005.0840796302455,2203.1595557242313,0.0,7208.24
Trunk,moderate,0.3325,0.493,0.5556,14182.608280042456,2601.438074408896,4104.821843935943,20888.87
Door,moderate,0.1968,0.5043,0.5351,0.0,3196.6641377262767,4217.380161827252,7414.04
Bumper,minor,0.01,0.4738,0.965,0.0,1116.0205082234327,2655.513100720355,3771.53
Headlight,moderate,0.3962,0.6158,0.6018,0.0,2421.5318599490415,0.0,2421.53
Light,minor,0.0324,0.6873,0.8981,0.0,908.513638491258,0.0,908.51
Hood,moderate,0.3401,0.765,0.704,11574.975811661649,3356.1068786704004,3624.1989743150343,18555.28
Hood,moderate,0.2402,0.818,0.7103,0.0,3647.9377663026034,3313.876664397235,6961.81
Fender,moderate,0.3226,0.8131,0.8209,0.0,2668.6106717464017,5293.844051880669,7962.45
Hood,severe,0.4202,0.4881,0.9656,14541.5408854869,3720.117754648438,6012.86199495222,24274.52
Door,moderate,0.5,0.94,0.5587,0.0,4145.42662834095,4724.064092526859,8869.49
Headlight,moderate,0.2644,0.5925,0.7671,0.0,854.8690766887364,0.0,854.87
Headlight,minor,0.0793,0.979,0.9717,8214.170499355114,1251.2990945315773,0.0,9465.47
Door,minor,0.0201,0.9574,0.7207,0.0,2635.5648412641895,1791.0291904536953,4426.59
Hood,minor,0.0426,0.7662,0.8934,0.0,1803.0343710905258,2778.518429473246,4581.55
Door,moderate,0.1804,0.8662,0.4042,10484.997267990168,4034.6539967627587,4185.123812252827,18704.78
Light,moderate,0.2223,0.625,0.7435,7502.267301406106,1900.6943440497098,0.0,9402.96
Hood,moderate,0.3343,0.6134,0.9176,0.0,4379.246199164743,4585.076559217312,8964.32
Hood,severe,0.65,0.7418,0.8826,10301.386037226759,4254.681618128498,5099.369617798728,19655.44
Headlight,moderate,0.1624,0.78,0.8683,0.0,1510.486777418026,0.0,1510.49
Headlight,moderate,0.3687,0.5431,0.8179,0.0,1356.1372983254116,0.0,1356.14
Trunk,moderate,0.3352,0.4784,0.8901,0.0,4543.879262186992,3398.89201217374,7942.77
Bumper,moderate,0.4608,0.6335,0.7433,0.0,3969.4565876091315,5466.091389353707,9435.55
Hood,moderate,0.259,0.568,0.8738,0.0,3523.064832976522,3327.962726551106,6851.03
Light,minor,0.032,0.5414,0.7114,0.0,654.0112344251546,0.0,800.0
Door,severe,0.6447,0.6381,0.5222,8633.777201409386,5316.95892533757,5242.169638522591,19192.91
Trunk,minor,0.01,0.8889,0.6308,0.0,2177.71184780578,2082.707152898563,4260.42
Bumper,moderate,0.1369,0.5113,0.448,4232.403413881528,1956.019178020443,3452.7913006641566,9641.21
Trunk,minor,0.0209,0.8808,0.7745,0.0,3036.325125719699,1763.2345307673447,4799.56
Windshield,minor,0.0695,0.5906,0.433,0.0,1923.0826877080697,0.0,1923.08
Fender,moderate,0.1,0.5211,0.4056,0.0,3026.5482736253575,2469.2033106502568,5495.75
Headlight,moderate,0.204,0.5523,0.532,0.0,988.0809940104382,0.0,988.08
Hood,severe,0.4976,0.761,0.7061,12289.860287870863,3798.3113163900275,4508.265531784207,20596.44
Trunk,minor,0.0417,0.8508,0.7927,0.0,1724.1576575891647,2603.184472816944,4327.34
Bumper,moderate,0.415,0.8077,0.523,6298.66707434188,2700.191395088513,4573.983313907235,13572.84
Bumper,moderate,0.1,0.8524,0.9314,8155.372868469398,1785.1973527269554,2113.381594658396,12053.95
Headlight,minor,0.0678,0.7377,0.8534,0.0,737.7617897414078,0.0,800.0
Fender,moderate,0.2489,0.9169,0.4755,0.0,3050.9905177797573,2879.3853176304947,5930.38
Headlight,severe,0.5182,0.8672,0.9501,11553.996955687568,1160.7587520457846,0.0,12714.76
Bumper,moderate,0.3655,0.6701,0.9433,7419.203636986692,2752.9715909695765,5322.481886493982,15494.66
Door,moderate,0.1636,0.7091,0.8483,12954.502429598166,4659.716502494183,3096.7030645148484,20710.92
Trunk,moderate,0.1052,0.7913,0.5614,0.0,3326.2073354964523,3185.926877377807,6512.13
Light,minor,0.0125,0.6925,0.8231,0.0,1380.2921402331228,0.0,1380.29
Bumper,minor,0.0882,0.7971,0.6674,0.0,2079.6014598244133,2607.9969548620707,4687.6
Bumper,moderate,0.1966,0.6072,0.8347,9322.00273778631,2714.403486211437,2329.9197079062837,14366.33
Hood,severe,0.703,0.977,0.4035,13704.624288167563,6224.117831139834,5750.907747274609,25679.65
Hood,minor,0.0365,0.5547,0.4967,0.0,2820.3413036696857,1978.969037178095,4799.31
Fender,moderate,0.4581,0.9267,0.8779,0.0,4608.44905349872,6162.467286767589,10770.92
Fender,minor,0.0301,0.5202,0.4481,0.0,1587.0953454501187,2257.077927507311,3844.17
Door,minor,0.0577,0.502,0.9123,12936.443077653272,2609.4497026795993,2944.226673591248,18490.12
Windshield,minor,0.0233,0.7619,0.7472,0.0,2467.4997297624154,0.0,2467.5
Door,severe,0.5635,0.8502,0.644,10026.600197430549,6050.877655082079,5479.7524762482235,21557.23
Fender,minor,0.033,0.5717,0.8586,0.0,2413.9660331862774,2698.849834821802,5112.82
Windshield,moderate,0.3503,0.9525,0.9549,8559.19680958068,1677.612038886214,0.0,10236.81
Light,severe,0.7485,0.7826,0.5894,9062.250185010224,1230.2557301732634,0.0,10292.51
Windshield,minor,0.0398,0.8309,0.5003,0.0,1615.8397574180833,0.0,1615.84
Trunk,moderate,0.3296,0.4592,0.8705,0.0,2481.4804451493515,4862.368906581041,7343.85
Trunk,severe,0.6399,0.7205,0.8929,16723.580708526362,4200.71661887551,5495.509076506571,26419.81
Headlight,severe,0.3977,0.5973,0.412,3304.9396485001535,992.8451473108624,0.0,4297.78
Bumper,moderate,0.2368,0.8471,0.6016,0.0,2769.057852766793,3764.3321030491256,6533.39
Fender,moderate,0.1,0.9705,0.4038,0.0,2946.6372950491727,1847.0215055144338,4793.66
Bumper,moderate,0.2482,0.489,0.4066,0.0,1792.442681480098,3740.5611471893553,5533.0
Bumper,minor,0.0713,0.5878,0.9056,0.0,2735.6297396686086,1673.662204497813,4409.29
Bumper,minor,0.0939,0.6555,0.5001,0.0,1892.6562907310145,2690.8269407666317,4583.48
Headlight,moderate,0.2747,0.5659,0.8798,0.0,1606.2881389936827,0.0,1606.29
Fender,moderate,0.3629,0.5967,0.9287,0.0,3417.831247856839,5202.822372674376,8620.65
Windshield,moderate,0.1,0.5471,0.6083,0.0,1586.2661067778035,0.0,1586.27
Headlight,severe,0.537,0.5772,0.5876,5241.396712915686,1212.7813879741602,0.0,6454.18
Windshield,minor,0.0955,0.5044,0.5687,0.0,2700.241000266408,0.0,2700.24
Bumper,minor,0.01,0.5981,0.4071,0.0,1770.5071315883695,1868.253422794366,3638.76
Windshield,moderate,0.1707,0.6708,0.5494,5477.353242389755,1717.5973174437368,0.0,7194.95
Fender,minor,0.0921,0.5087,0.4014,0.0,3477.9578038125014,2178.2433787507175,5656.2
Light,severe,0.6442,0.7095,0.8227,4745.121732743645,2246.5171844291253,0.0,6991.64
Door,moderate,0.3397,0.8807,0.6959,0.0,3480.468063909998,4590.583706187025,8071.05
Hood,severe,0.8684,0.8261,0.7066,13068.279163540416,3785.9493913440792,5268.829421028439,22123.06
Light,moderate,0.3372,0.8686,0.7675,10267.46119678853,1079.3768669766164,0.0,11346.84
Hood,minor,0.0799,0.5076,0.5264,0.0,2626.1198763146526,2161.6658884737935,4787.79
Hood,severe,0.7405,0.4598,0.8505,12495.866165830395,4761.985410989227,6468.140045389176,23725.99
Fender,minor,0.0235,0.5141,0.5243,0.0,1954.1876163387276,2020.279237341687,3974.47
Windshield,minor,0.0461,0.532,0.4984,0.0,1650.4345695820139,0.0,1650.43
Door,minor,0.0654,0.6526,0.78,0.0,2582.7675452441363,2830.7194977000618,5413.49
Fender,minor,0.0257,0.6882,0.7824,0.0,2122.00998895695,2332.3568725799764,4454.37
Windshield,minor,0.0213,0.7202,0.474,0.0,2031.6872761720717,0.0,2031.69
Fender,moderate,0.1979,0.5566,0.5341,0.0,2473.3594271342745,3694.0791322314344,6167.44
Fender,minor,0.0564,0.7016,0.8962,0.0,2351.4649847630576,1960.5627874953507,4312.03
Door,moderate,0.2072,0.7159,0.7378,15026.36042339734,3838.0213891902777,2918.9809757468456,21783.36
Bumper,moderate,0.2105,0.8703,0.5619,6594.838186184554,2272.2287037540673,3546.604015784551,12413.67
Hood,moderate,0.1915,0.5561,0.6849,0.0,2834.702336107135,4507.786319443653,7342.49
Bumper,minor,0.01,0.9785,0.8994,0.0,1609.0265551840496,1589.3864177162309,3198.41
Headlight,moderate,0.2821,0.6923,0.9057,0.0,1727.3097413256703,0.0,1727.31
Windshield,severe,0.4315,0.768,0.7558,11496.983845088958,3102.2728567029203,0.0,14599.26
Windshield,moderate,0.2453,0.7824,0.6794,9153.09049672807,2555.6906340749065,0.0,11708.78
Bumper,minor,0.0716,0.62,0.7841,0.0,1630.3447880744477,2049.0813210393085,3679.43
Trunk,moderate,0.3284,0.887,0.7593,0.0,2600.7992704195135,3503.6964519053627,6104.5
Hood,moderate,0.4381,0.9143,0.9096,0.0,4344.098887812505,5499.021465013778,9843.12
Door,minor,0.0477,0.7724,0.754,0.0,3475.754682145382,2287.1072425973844,5762.86
Light,minor,0.1179,0.4514,0.596,0.0,1561.249053809589,0.0,1561.25
Door,minor,0.0473,0.4972,0.5249,0.0,2908.7429765774987,2159.7812206814533,5068.52
Trunk,minor,0.0811,0.5425,0.4338,0.0,2787.065251829537,1674.0131107031843,4461.08
Windshield,moderate,0.2737,0.5194,0.9753,9036.788337248776,2296.43384513438,0.0,11333.22
Light,moderate,0.243,0.8291,0.5073,0.0,1033.3376200831692,0.0,1033.34
Trunk,moderate,0.1946,0.7249,0.4403,0.0,3902.733309228791,3844.9061918061125,7747.64
Trunk,moderate,0.14,0.5367,0.6475,0.0,1937.3292713497494,2590.407492242531,4527.74
Door,minor,0.0695,0.7855,0.7063,0.0,3842.6691340859675,2455.3842825431266,6298.05
Windshield,minor,0.0734,0.9115,0.5728,0.0,1736.8153882877202,0.0,1736.82
Door,minor,0.0114,0.6669,0.6472,0.0,2368.8643201108184,1872.6419288798888,4241.51
Hood,moderate,0.3136,0.8065,0.586,0.0,2623.6124852470334,3215.105382615896,5838.72
Light,severe,0.7576,0.891,0.8153,3272.3848269163254,1185.8728004938619,0.0,4458.26
Hood,severe,0.701,0.4693,0.7981,13496.945231424897,4741.3153026577975,7868.875253537071,26107.14
Door,minor,0.0361,0.6766,0.9472,0.0,3062.345835182199,1729.0638433916802,4791.41
Fender,minor,0.0334,0.8019,0.645,0.0,2822.5842044447336,2181.221660548507,5003.81
Light,minor,0.01,0.733,0.9507,0.0,667.7609574269426,0.0,800.0
Light,moderate,0.1788,0.6123,0.5511,9496.319930554604,1111.7106170180691,0.0,10608.03
Headlight,moderate,0.2912,0.5081,0.561,5732.773767605577,1608.2285878203006,0.0,7341.0
Windshield,moderate,0.1092,0.8878,0.4608,0.0,2260.662894112652,0.0,2260.66
Trunk,minor,0.0657,0.6694,0.9446,0.0,1951.2810207200403,2439.1452673796125,4390.43
Light,moderate,0.2503,0.8894,0.6797,9967.084134613955,1334.0730543983886,0.0,11301.16
Door,minor,0.0817,0.5313,0.5712,0.0,3016.8326927714565,1672.2499854145512,4689.08
Light,moderate,0.2048,0.9074,0.4337,3382.223264985783,2035.7426064494014,0.0,5417.97
Bumper,severe,0.8466,0.4854,0.581,4980.95243031878,4947.011314815758,6626.984155084054,16554.95
Windshield,severe,0.6183,0.8078,0.465,10970.605406381734,2250.4892690376773,0.0,13221.09
Hood,minor,0.0274,0.8322,0.7757,0.0,1626.4169347475597,2585.7698550629166,4212.19
Door,moderate,0.1655,0.5606,0.4462,0.0,3151.912269029673,2457.8271745078873,5609.74
Light,moderate,0.186,0.6613,0.4275,0.0,1410.269169044951,0.0,1410.27
Light,minor,0.05,0.8345,0.4867,9680.437096757094,895.6333540401098,0.0,10576.07
Door,severe,0.6633,0.7968,0.9424,12449.43511125946,5961.874770809569,6348.310159609065,24759.62
Windshield,minor,0.0467,0.5011,0.4914,0.0,1689.9645509835582,0.0,1689.96
Headlight,moderate,0.2417,0.7382,0.5933,0.0,1027.6905301796228,0.0,1027.69
Headlight,severe,0.8114,0.9386,0.4073,7005.354326284794,2953.7610632348906,0.0,9959.12
Hood,minor,0.0412,0.9371,0.8562,0.0,1894.322814180937,1715.7618529432118,3610.08
Trunk,severe,0.6917,0.7082,0.44,15340.580594817622,3641.7586841220746,6114.865946416021,25097.21
Light,minor,0.068,0.9711,0.4903,0.0,702.4478164013739,0.0,800.0
Bumper,minor,0.0442,0.6062,0.7168,0.0,2225.458945631679,2130.217517720922,4355.68
Hood,moderate,0.3079,0.9284,0.4527,16253.522028164289,3043.4608111412554,3128.467454049905,22425.45
Light,moderate,0.3681,0.4699,0.6314,0.0,1111.8269994804539,0.0,1111.83
Door,minor,0.0879,0.7965,0.7786,0.0,2827.442982534827,2964.453070315816,5791.9
Hood,severe,0.5073,0.741,0.9335,10685.870815903187,3488.3849083262926,4998.984667773505,19173.24
Windshield,minor,0.0701,0.5053,0.6032,0.0,1743.9490162200045,0.0,1743.95
Trunk,minor,0.067,0.6266,0.553,0.0,2674.6994594253633,2637.807982394576,5312.51
Door,moderate,0.1054,0.6896,0.6455,14179.801351166081,2804.1866372702593,2737.580958112125,19721.57
Light,severe,0.7987,0.8058,0.4557,9514.915758991574,2265.3692421453934,0.0,11780.29
Trunk,severe,0.7412,0.5919,0.5733,12055.41869371761,4186.208630478041,6321.476305578039,22563.1
Bumper,moderate,0.3621,0.5536,0.4271,0.0,2018.0885997478065,3316.3153123143816,5334.4
Trunk,minor,0.01,0.5792,0.894,0.0,2830.63505438223,1600.400613920963,4431.04
Hood,moderate,0.3101,0.9415,0.4058,0.0,3906.7929167953084,4019.5868806028934,7926.38
Headlight,moderate,0.2139,0.7309,0.5191,0.0,2015.3675337202164,0.0,2015.37
Door,moderate,0.2346,0.9651,0.791,14833.684413681682,4440.844011078028,3046.2401654530217,22320.77
Bumper,moderate,0.3034,0.6245,0.579,5319.594328921748,3283.2214249903873,3386.017570086141,11988.83
Headlight,moderate,0.3585,0.4937,0.7897,11744.799058913963,1382.3840614028766,0.0,13127.18
Light,moderate,0.264,0.6889,0.7317,0.0,947.5749067955054,0.0,947.57
Trunk,moderate,0.1,0.647,0.6964,0.0,2782.57455754355,2627.9071061458703,5410.48
Door,severe,0.562,0.6961,0.8788,12056.461533612315,4600.134041452374,4034.1890794118126,20690.78
Windshield,moderate,0.3297,0.9799,0.7348,9149.547107564224,2558.6806067592784,0.0,11708.23
Door,moderate,0.3763,0.4582,0.7434,0.0,3513.5999739891704,4552.595317910822,8066.2
Door,moderate,0.1913,0.8651,0.7859,8621.421696140182,3387.3556772558013,2027.5404605002757,14036.32
Door,severe,0.4082,0.5763,0.9006,11413.103009708333,3552.2739478009216,3587.692101865247,18553.07
Trunk,minor,0.0462,0.9559,0.6008,0.0,2306.891024886667,2153.21763100382,4460.11
Headlight,moderate,0.4133,0.8912,0.9409,11678.137054598863,1973.966812483744,0.0,13652.1
Light,moderate,0.106,0.6452,0.6787,0.0,1511.2669170362283,0.0,1511.27
Light,severe,0.5043,0.6346,0.9069,8718.045846788535,2551.234629046147,0.0,11269.28
Hood,severe,0.5108,0.5455,0.5944,16181.020331287162,3706.3353535018723,4827.67959305238,24715.04
Windshield,severe,0.5823,0.9342,0.8809,12862.353693115974,1965.5557402649972,0.0,14827.91
Bumper,moderate,0.2767,0.5362,0.5905,0.0,2516.6357297072045,4390.4225496546205,6907.06
Trunk,minor,0.0367,0.7172,0.8066,0.0,2251.8625928612164,2522.471089712519,4774.33
Fender,moderate,0.2374,0.8463,0.4305,0.0,3306.7945888015847,3344.0299592431365,6650.82
Headlight,severe,0.7538,0.8673,0.5843,10393.447579207466,2447.7433188684745,0.0,12841.19
Light,minor,0.0267,0.6081,0.6758,0.0,1043.3664426896216,0.0,1043.37
Trunk,moderate,0.2985,0.9002,0.7431,16898.68082080735,2520.9894313097084,4012.1740914740967,23431.84
Fender,moderate,0.3338,0.8492,0.7952,7576.9439120178895,4228.922821307324,3285.7259674608536,15091.59
Door,severe,0.7682,0.8023,0.4903,9900.458934893697,6578.635625712895,8028.608524845274,24507.7
Windshield,minor,0.0235,0.5999,0.9709,0.0,1666.6726000649944,0.0,1666.67
Light,minor,0.0496,0.6097,0.6841,0.0,714.4135083359221,0.0,800.0
Bumper,severe,0.705,0.7222,0.8761,7994.79584708109,4108.900034710526,8545.028027646114,20648.72
Light,moderate,0.2268,0.6113,0.6176,11416.657018035277,1740.6006121377325,0.0,13157.26
Windshield,moderate,0.1,0.7272,0.8096,0.0,2073.6042672135954,0.0,2073.6
Bumper,moderate,0.1079,0.9739,0.4914,6569.285263267003,1521.9877762080764,3041.544753023017,11132.82
Windshield,severe,0.6488,0.9457,0.848,10238.603646904168,2659.318650224471,0.0,12897.92
Windshield,minor,0.0361,0.5791,0.8244,0.0,2051.837207233249,0.0,2051.84
Windshield,severe,0.7162,0.5713,0.6676,11783.05013198185,3059.8114337747074,0.0,14842.86
Headlight,minor,0.0465,0.64,0.7907,0.0,1090.6833882598316,0.0,1090.68
Door,minor,0.0646,0.7176,0.5812,0.0,2698.4843206394253,2331.6061042849306,5030.09
Hood,minor,0.0912,0.6879,0.4783,0.0,2844.0666893257658,2771.1462389133853,5615.21
Door,moderate,0.2085,0.9578,0.9301,7516.63271614032,3907.4927440833617,3904.907740819303,15329.03
Headlight,moderate,0.3032,0.9633,0.877,0.0,1810.7554679470943,0.0,1810.76
Hood,minor,0.1187,0.5295,0.5989,0.0,2309.598970518612,2633.8212520624948,4943.42
Fender,moderate,0.4552,0.6577,0.8925,0.0,2827.653240144451,6486.71635395457,9314.37
Headlight,minor,0.0568,0.8036,0.5502,0.0,1196.2245065029094,0.0,1196.22
Hood,severe,0.6722,0.4749,0.9599,13454.893572261075,3708.8792974317353,4881.762151617894,22045.54
Light,moderate,0.2406,0.9562,0.4842,6117.801217360877,1000.9623785190939,0.0,7118.76
Light,moderate,0.22,0.8146,0.7335,3193.5559296584065,941.2605089791697,0.0,4134.82
Door,minor,0.0772,0.4909,0.9275,0.0,3172.4988157485245,2285.504100046174,5458.0
Bumper,minor,0.0187,0.9698,0.8499,0.0,1750.865422781877,2734.706783413878,4485.57
Hood,minor,0.0507,0.866,0.8397,0.0,2635.42379328323,2669.4752296516267,5304.9
Light,moderate,0.243,0.7096,0.4917,0.0,895.9001563315855,0.0,895.9
Hood,moderate,0.2633,0.7815,0.8614,14591.010863032532,2673.7169422566,3208.638224625236,20473.37
Hood,minor,0.0524,0.8413,0.926,0.0,2719.202632526295,2531.245797808412,5250.45
Bumper,minor,0.0149,0.9524,0.7588,0.0,1574.9007310871486,1441.1902049521716,3016.09
Bumper,minor,0.0311,0.744,0.8352,0.0,2010.4526739637186,2368.5167428777445,4378.97
Trunk,severe,0.3386,0.6946,0.6629,15472.63864432885,3811.968437066658,4872.7302180129445,24157.34
Door,minor,0.0596,0.6039,0.5497,0.0,3071.783113855171,2038.4150497859714,5110.2
Bumper,severe,0.324,0.4917,0.5186,7508.104625621612,3330.5399293702726,2619.4861134947373,13458.13
Hood,severe,0.5732,0.8945,0.7906,12041.707326702173,3624.924519807678,3446.8714780836785,19113.5
Fender,moderate,0.119,0.6257,0.6304,4333.144090095143,2591.6283730559985,2294.5215254714954,9219.29
Door,minor,0.0369,0.478,0.538,0.0,2840.599737801361,2269.1417582214485,5109.74
Headlight,moderate,0.306,0.8896,0.8473,0.0,1254.2659627196826,0.0,1254.27
Headlight,minor,0.0757,0.9455,0.6851,0.0,1233.0118260351035,0.0,1233.01
Trunk,severe,0.7063,0.5297,0.9578,17387.929699831522,3253.3680342271873,4695.463872406507,25336.76
Bumper,minor,0.0338,0.7605,0.4182,0.0,1741.3387546988251,2226.783494390301,3968.12
Trunk,severe,0.6981,0.7189,0.5698,14045.684049827629,5754.381549365456,6317.522635060255,26117.59
Door,minor,0.022,0.4767,0.7136,0.0,3145.71507601062,2283.550829579715,5429.27
Fender,minor,0.0557,0.8887,0.6842,0.0,2469.302867294311,1841.3516680244525,4310.65
Fender,moderate,0.1,0.6146,0.5284,0.0,2657.281086595854,2738.9376207176206,5396.22
Light,severe,0.3436,0.7185,0.8091,5178.600364417127,1435.4175186527104,0.0,6614.02
Windshield,minor,0.0104,0.6691,0.4085,0.0,1091.2795330802994,0.0,1091.28
Bumper,moderate,0.143,0.5084,0.7541,0.0,2850.0811984699885,2869.7750144064653,5719.86
Door,minor,0.113,0.8691,0.5891,0.0,3312.6204412190323,2150.1020116747745,5462.72
Trunk,severe,0.7154,0.653,0.4027,13596.254870286784,6014.803579720268,6177.592078643999,25788.65
Windshield,moderate,0.2265,0.5383,0.6654,0.0,2228.7499894684747,0.0,2228.75
Door,minor,0.0226,0.6071,0.4867,0.0,3736.47758898832,2369.8214861949787,6106.3
Light,moderate,0.3816,0.5736,0.4749,4393.781092210844,1783.7681063375821,0.0,6177.55
Hood,severe,0.4038,0.4591,0.6027,12889.582239065483,3566.812576803999,4360.991556784249,20817.39
Door,minor,0.0326,0.855,0.9448,0.0,3253.666001749584,1480.0851518968113,4733.75
Bumper,severe,0.6644,0.5632,0.514,6743.38443704514,2625.6192335540727,7279.710332097089,16648.71
Windshield,severe,0.7236,0.5047,0.4525,11787.6970829096,3289.183169354236,0.0,15076.88
Hood,severe,0.629,0.482,0.6307,14715.352812397874,4798.939807490176,5594.673052978843,25108.97
Door,moderate,0.3366,0.8931,0.9261,9959.27468718653,4157.119541676679,4972.89878949013,19089.29
Light,minor,0.0689,0.9191,0.8566,0.0,1284.614035863569,0.0,1284.61
Hood,severe,0.5702,0.9175,0.618,11972.863488518786,4261.1152595239955,5589.158880036973,21823.14
Fender,moderate,0.1,0.7546,0.673,8488.269987366244,3421.7935833599736,2466.9511144892535,14377.01
Headlight,moderate,0.2349,0.5234,0.6081,0.0,1585.7890283494921,0.0,1585.79
Door,minor,0.0189,0.515,0.8395,0.0,3795.930915513861,1590.7322246395308,5386.66
Windshield,severe,0.7627,0.4672,0.4268,7812.866918548475,3142.2890900695706,0.0,10955.16
Hood,moderate,0.3476,0.6918,0.6232,15360.823496236117,3295.997263436954,3893.1388537524094,22549.96
Door,moderate,0.382,0.7366,0.7762,0.0,4358.447668259748,4319.410080506828,8677.86
Windshield,moderate,0.3103,0.7312,0.5401,8586.697241276248,2257.9215885477684,0.0,10844.62
Light,minor,0.0306,0.6017,0.437,0.0,1201.9734155011872,0.0,1201.97
Trunk,severe,0.6537,0.8995,0.7882,0.0,3596.998051856335,5577.840083137333,9174.84
Door,minor,0.04,0.4517,0.7616,0.0,3116.3637203228914,2117.917613156417,5234.28
Fender,severe,0.5625,0.8626,0.8611,4513.5734463911085,4086.261425409655,4683.4388264478675,13283.27
Trunk,moderate,0.1672,0.7208,0.6125,0.0,2842.940477903176,3744.0232670290998,6586.96
Door,minor,0.01,0.847,0.6669,0.0,3042.0195848263165,2107.4924386760927,5149.51
Fender,moderate,0.1601,0.6607,0.5159,0.0,2353.3383311652165,2972.044002852778,5325.38
Windshield,minor,0.0807,0.9656,0.7723,0.0,1584.9908186512225,0.0,1584.99
Light,minor,0.0739,0.5682,0.4024,0.0,972.8955029552711,0.0,972.9
Door,moderate,0.2268,0.4683,0.5997,0.0,3533.067699524476,3615.2975400712858,7148.37
Trunk,moderate,0.1,0.4838,0.4188,0.0,2646.6580400408766,1645.523495089325,4292.18
Fender,minor,0.0696,0.5216,0.4187,0.0,2717.4925757133155,2091.502533458462,4809.0
Fender,minor,0.079,0.5829,0.5411,0.0,2413.9213165638175,2768.1043809303687,5182.03
Hood,moderate,0.2148,0.8835,0.6277,10567.598252482872,3209.70722450711,2209.254296710638,15986.56
Windshield,minor,0.01,0.8198,0.8472,0.0,2263.332140546983,0.0,2263.33
Windshield,moderate,0.1846,0.9563,0.4117,0.0,3229.3669641864526,0.0,3229.37
Fender,minor,0.0104,0.4589,0.9599,0.0,3028.073443989991,1827.3856739815917,4855.46
Door,minor,0.0106,0.8412,0.4502,0.0,2538.8323573194784,1996.6886810164492,4535.52
Headlight,moderate,0.2778,0.4528,0.5755,5973.986424513828,1630.756307053293,0.0,7604.74
Bumper,minor,0.086,0.8514,0.957,0.0,2659.4591540122524,2566.3954893895097,5225.85
Hood,severe,0.413,0.6438,0.8314,13844.201789178262,3170.9117200595856,5215.920887775431,22231.03
Hood,minor,0.053,0.7879,0.5018,0.0,2694.297957242697,2287.2254302951164,4981.52
Light,severe,0.6474,0.4651,0.7001,3354.153573419015,1992.222987460909,0.0,5346.38
Windshield,severe,0.7546,0.6224,0.9591,5274.125648993662,4164.718610312749,0.0,9438.84
Windshield,moderate,0.1224,0.6102,0.829,0.0,1627.7649644317703,0.0,1627.76
Bumper,minor,0.0389,0.7922,0.5893,0.0,2071.4136076555037,1542.9112129157709,3614.32
Hood,moderate,0.2392,0.931,0.6969,11695.53357483894,3924.9649673191266,3457.8183998154786,19078.32
Hood,minor,0.0515,0.6926,0.8277,0.0,1753.6287921968105,2186.571329715695,3940.2
Bumper,minor,0.0354,0.4593,0.7474,0.0,1360.4830438119586,2285.429896376387,3645.91
Door,severe,0.5648,0.8981,0.6751,14406.434841718157,6027.978556324426,4717.139395036089,25151.55
Trunk,minor,0.013,0.6513,0.4604,0.0,3037.606949807133,1485.0924922289512,4522.7
Trunk,minor,0.01,0.554,0.8148,0.0,2654.4879566227096,1601.8494126844403,4256.34
Light,minor,0.062,0.8942,0.7546,0.0,1126.784930039894,0.0,1126.78
Door,moderate,0.3253,0.9392,0.4852,13428.004221330448,3786.1223237165423,3769.246976078916,20983.37
Door,severe,0.8316,0.4644,0.6212,10328.360304519481,5564.571316449182,5757.153061121368,21650.08
Door,moderate,0.2481,0.5227,0.7068,0.0,3780.924291821373,4025.864673515138,7806.79
Bumper,minor,0.0882,0.9799,0.776,0.0,1444.897893121609,2794.3935368883767,4239.29
Fender,severe,0.5077,0.6884,0.5561,0.0,3580.3635315440547,3451.554036960657,7031.92
Fender,minor,0.0661,0.7352,0.451,0.0,2348.8157908912995,3126.033316485955,5474.85
Door,minor,0.0476,0.5966,0.5326,0.0,3529.3768980308973,2452.633650020356,5982.01
Windshield,minor,0.067,0.6929,0.9614,0.0,1901.4704318340564,0.0,1901.47
Light,minor,0.0627,0.8082,0.8197,0.0,1142.477724784684,0.0,1142.48
Hood,moderate,0.1444,0.55,0.9767,10947.943858680484,2305.0769467314312,3384.9763953107904,16638.0
Trunk,severe,0.509,0.8809,0.6661,13258.615099945775,3505.627923725758,6351.892607812078,23116.14
Headlight,moderate,0.3298,0.7608,0.7529,0.0,1287.2461888603953,0.0,1287.25
Hood,minor,0.0377,0.6536,0.5356,0.0,2689.120740461782,2290.564211782106,4979.68
Headlight,moderate,0.261,0.6748,0.7005,0.0,1534.073274757361,0.0,1534.07
Trunk,minor,0.0295,0.4775,0.7157,0.0,2810.7266468848534,2827.4305540179935,5638.16
Door,minor,0.0217,0.4799,0.9735,0.0,2911.6714947887185,2053.3289611160662,4965.0
Bumper,severe,0.8058,0.4818,0.9693,5302.07959336065,2988.3092338228635,4771.03219081151,13061.42
Door,moderate,0.3636,0.6015,0.8827,12302.085059913452,4278.398783774213,4287.967325220638,20868.45
Door,moderate,0.2941,0.4895,0.9551,0.0,4096.431343952948,4750.205761054115,8846.64
Bumper,severe,0.6791,0.8231,0.7363,0.0,2445.3905580023684,4970.409305369918,7415.8
Door,moderate,0.2417,0.5045,0.5382,0.0,4406.126328150637,2882.5922950503887,7288.72
Headlight,minor,0.082,0.6654,0.7774,0.0,1141.4083071512891,0.0,1141.41
Windshield,minor,0.0725,0.7505,0.667,0.0,1527.9966977457025,0.0,1528.0
Bumper,moderate,0.228,0.8188,0.4178,10205.043359646368,1638.4024198220502,2882.8324250310393,14726.28
Headlight,severe,0.6515,0.9772,0.6449,10737.21741491006,1919.368428956225,0.0,12656.59
Bumper,moderate,0.3928,0.7509,0.9789,0.0,1812.7129178541222,3201.830832675015,5014.54
Headlight,minor,0.0451,0.4869,0.7518,0.0,1165.2238857556488,0.0,1165.22
Light,minor,0.0766,0.7312,0.848,0.0,930.8761914714308,0.0,930.88
Headlight,severe,0.8223,0.5253,0.6734,10651.933328707264,3317.9739903595955,0.0,13969.91
Fender,minor,0.0196,0.5042,0.4886,3309.3743220190877,2434.6805825938854,2664.8858039222914,8408.94
Windshield,moderate,0.1,0.8002,0.7786,0.0,1492.8379315130235,0.0,1492.84
Door,moderate,0.1095,0.8865,0.6351,0.0,2868.335302320029,1970.8208426683627,4839.16
Headlight,severe,0.5822,0.9414,0.5887,10207.053071125925,1482.5913512358675,0.0,11689.64
Bumper,minor,0.0185,0.5912,0.6018,0.0,1682.109446206615,1923.4283214055008,3605.54
Door,severe,0.5846,0.575,0.4013,8806.576809676943,4918.820459905779,6983.135003260803,20708.53
Hood,severe,0.5472,0.751,0.9655,17449.57219155126,4460.633887140193,4060.0375112067745,25970.24
Headlight,minor,0.0965,0.9521,0.6734,0.0,1417.935537519208,0.0,1417.94
Headlight,severe,0.4282,0.5598,0.5082,10291.314834155357,1167.790179344261,0.0,11459.11
Door,minor,0.0507,0.7333,0.8427,0.0,2166.8796956524147,3102.2105806992295,5269.09
Headlight,severe,0.7107,0.8024,0.5169,0.0,2093.48315253936,0.0,2093.48
Light,minor,0.0168,0.6522,0.8303,0.0,1026.7844737291382,0.0,1026.78
Trunk,severe,0.3438,0.5286,0.8947,14305.999736180378,3843.0729436433658,5529.0526841529845,23678.13
Trunk,moderate,0.1639,0.9662,0.9169,0.0,3716.8598954226804,3055.1027252010495,6771.96
Headlight,moderate,0.3076,0.4518,0.6975,0.0,1311.1417142132036,0.0,1311.14
Door,severe,0.8278,0.9304,0.7313,10550.55134308835,5221.868867337419,7673.039021118258,23445.46
Windshield,moderate,0.3339,0.5827,0.7528,5712.766206066812,2527.9135041327204,0.0,8240.68
Hood,minor,0.0588,0.8902,0.7302,0.0,1895.6883677668081,2189.111824626294,4084.8
Bumper,minor,0.0461,0.5831,0.5986,4703.450543982071,1332.459526912659,2697.074200553128,8732.98
Bumper,minor,0.0571,0.5912,0.681,0.0,1145.2346794900006,2042.3559263142386,3187.59
Hood,minor,0.0758,0.7132,0.875,0.0,2517.821918986301,2035.8127854897582,4553.63
Trunk,moderate,0.1186,0.7177,0.5104,0.0,3369.862936477986,3258.267905467033,6628.13
Hood,moderate,0.1748,0.808,0.514,0.0,3395.0279982499333,3675.516978259387,7070.54
Trunk,severe,0.3767,0.5194,0.4947,13113.024138412507,3550.665426136121,3925.1838630543016,20588.87
Hood,severe,0.4793,0.7717,0.9088,14500.39804045878,3623.9894151567673,3699.475638687268,21823.86
Door,moderate,0.3515,0.838,0.5212,12534.384893767325,3432.1920929489575,4177.975466143125,20144.55
Headlight,moderate,0.2278,0.5246,0.6238,3654.9836054103635,1571.2651736026098,0.0,5226.25
Door,moderate,0.249,0.9793,0.5687,9898.359421823583,4077.046911083386,2651.436143318035,16626.84
Headlight,moderate,0.2875,0.777,0.9119,0.0,1758.706787804935,0.0,1758.71
Fender,minor,0.0461,0.9131,0.4928,0.0,2828.838621208496,1659.277165385142,4488.12
Door,minor,0.0415,0.4513,0.7556,12692.832277842366,2566.7043300539303,2122.0511158485465,17381.59
Light,moderate,0.1461,0.8807,0.5263,0.0,759.904577842034,0.0,800.0
Door,moderate,0.2288,0.7955,0.7823,0.0,3595.0088531665933,3556.3574457042455,7151.37
Door,moderate,0.3267,0.53,0.4415,0.0,3135.6665314524494,4317.56237131517,7453.23
Trunk,moderate,0.2428,0.6055,0.8854,0.0,2829.308028150585,2929.680760968626,5758.99
Fender,minor,0.0748,0.9448,0.7542,0.0,2875.8874831404637,2038.5520359698705,4914.44
Headlight,moderate,0.2149,0.8652,0.5817,9303.46589901909,1514.5964037893066,0.0,10818.06
Trunk,minor,0.0327,0.58,0.9041,0.0,2334.9878768759954,1772.453697434869,4107.44
Bumper,minor,0.0476,0.6508,0.6359,0.0,2088.850657370656,2596.6701522343774,4685.52
Headlight,minor,0.0688,0.4647,0.73,0.0,1745.7682491687178,0.0,1745.77
Hood,moderate,0.1835,0.4955,0.6056,0.0,2950.1320067496345,2820.96928973029,5771.1
Door,minor,0.01,0.5661,0.779,0.0,3001.3264276363534,2241.9325249073363,5243.26
Trunk,moderate,0.249,0.9065,0.7112,14578.968048022669,2462.038408375303,2678.8058537721145,19719.81
Headlight,moderate,0.5,0.5616,0.7991,0.0,2126.444554106174,0.0,2126.44
Windshield,severe,0.6434,0.4834,0.7079,5254.161749515851,4099.831017514747,0.0,9353.99
Headlight,minor,0.0426,0.7054,0.5411,0.0,1465.328382889781,0.0,1465.33
Windshield,moderate,0.3302,0.5748,0.4641,6006.285933874333,2675.5910430150902,0.0,8681.88
Headlight,moderate,0.2102,0.7851,0.6965,4352.110866991661,888.79545584857,0.0,5240.91
Light,moderate,0.2228,0.7214,0.4462,0.0,1202.8881750943144,0.0,1202.89
Windshield,moderate,0.2368,0.966,0.523,9580.189860140672,2741.093712566688,0.0,12321.28
Trunk,severe,0.3,0.659,0.5581,11794.150100490033,3246.408230997298,5406.301771494483,20446.86
Door,minor,0.01,0.6738,0.9406,0.0,3550.9111454912645,1915.560194003811,5466.47
Door,moderate,0.1,0.587,0.8506,0.0,2972.5988422640544,2360.167548280429,5332.77
Light,moderate,0.1,0.9681,0.8414,5221.373622835213,1146.61983654103,0.0,6367.99
Windshield,moderate,0.206,0.9004,0.7412,10725.171514036958,2393.3913706031412,0.0,13118.56
Hood,moderate,0.3425,0.8965,0.5632,14402.544399541852,2947.398108900441,2618.769209494302,19968.71
Hood,minor,0.0657,0.6065,0.4425,0.0,2249.1633638820654,3458.2068934393756,5707.37
Fender,severe,0.6664,0.9614,0.7002,0.0,2932.7626212872965,5193.477792131852,8126.24
Trunk,minor,0.0783,0.5288,0.6085,0.0,2097.7004928468723,2324.7150619675167,4422.42
Windshield,moderate,0.3427,0.5008,0.8978,0.0,2366.555724182988,0.0,2366.56
Headlight,minor,0.041,0.6538,0.6488,0.0,1216.3079641092422,0.0,1216.31
Windshield,moderate,0.3021,0.515,0.9686,9594.265245180364,2882.710873464762,0.0,12476.98
Hood,minor,0.1279,0.7764,0.6212,0.0,2537.8916797340075,3192.128918073912,5730.02
Windshield,moderate,0.2291,0.8232,0.7864,7603.560830101273,2364.0971867776498,0.0,9967.66
Door,moderate,0.1907,0.7435,0.8662,0.0,4669.016580496548,3064.0846134442927,7733.1
Trunk,minor,0.1085,0.909,0.4725,0.0,1880.6581552359935,1892.2639615617845,3772.92
Headlight,minor,0.0863,0.8171,0.6982,0.0,1113.0111114285503,0.0,1113.01
Trunk,minor,0.0471,0.6957,0.9006,0.0,1997.9335526277,2898.451334968702,4896.38
Light,moderate,0.2426,0.4953,0.6688,0.0,1825.0287617192732,0.0,1825.03
Fender,moderate,0.1232,0.6866,0.9739,0.0,3359.3982791070503,2809.3055691663694,6168.7
Windshield,moderate,0.1,0.7772,0.8411,0.0,1155.8382284385564,0.0,1155.84
Hood,moderate,0.2497,0.7228,0.8804,0.0,3827.600793420311,2963.646966184365,6791.25
Fender,moderate,0.2309,0.8088,0.5063,3009.9621970527032,2607.060078387833,2632.8389349895965,8249.86
Door,severe,0.7827,0.8156,0.6691,10020.51037252618,7174.653788629837,6961.264909216125,24156.43
Bumper,minor,0.1007,0.6943,0.5221,0.0,1879.9318377929237,2321.7621754874463,4201.69
Bumper,moderate,0.1623,0.4519,0.5126,8435.867153421501,3160.2791035143014,3385.0260783023828,14981.17
Door,moderate,0.1872,0.5859,0.4987,10982.509095498814,3520.3636473829883,2441.447564980741,16944.32
Windshield,moderate,0.3155,0.6185,0.669,0.0,2725.0996162289475,0.0,2725.1
Fender,minor,0.0675,0.8487,0.6542,0.0,1935.8868728225343,2975.8873048018304,4911.77
Bumper,moderate,0.1041,0.809,0.9375,0.0,2540.8326621245915,2406.7626471202334,4947.6
Light,moderate,0.3831,0.8114,0.5946,10773.810602377966,1428.4455906395626,0.0,12202.26
Door,severe,0.4809,0.5531,0.4566,14122.175477336392,6048.105658990476,5694.305557029211,25864.59
Windshield,severe,0.7926,0.4979,0.4667,0.0,3808.5716472782183,0.0,3808.57
Hood,moderate,0.1312,0.4518,0.4375,0.0,2812.7705345187555,2156.1517804730033,4968.92
Windshield,minor,0.0525,0.7421,0.4804,0.0,1564.5115380420941,0.0,1564.51
Fender,minor,0.0982,0.7084,0.4559,5532.049289997946,1831.6137094792623,2591.8470449449555,9955.51
Hood,minor,0.0734,0.6471,0.4483,0.0,1920.3811096874078,2377.5305782930395,4297.91
Headlight,severe,0.3995,0.7776,0.487,10306.800580222605,1572.650857379265,0.0,11879.45
Windshield,severe,0.8402,0.9789,0.7256,6730.860779981874,5028.578718908187,0.0,11759.44
Bumper,minor,0.045,0.8722,0.7389,0.0,1542.404178056562,2227.6136295399833,3770.02
Light,moderate,0.15,0.5518,0.6547,0.0,1048.3055767426815,0.0,1048.31
Door,moderate,0.1719,0.7416,0.7285,0.0,3256.1752454995612,3813.31762723727,7069.49
Windshield,severe,0.6702,0.7753,0.6737,5034.559145728081,2969.081729930795,0.0,8003.64
Fender,severe,0.618,0.5432,0.6764,5443.811460828897,5074.70414883812,6416.750788551268,16935.27
Trunk,moderate,0.1338,0.9078,0.4003,0.0,3078.4935881187166,3471.486680688573,6549.98
Windshield,moderate,0.2094,0.5568,0.7895,0.0,1732.9276033433334,0.0,1732.93
Headlight,minor,0.0439,0.5143,0.5368,0.0,851.842767097401,0.0,851.84
Trunk,moderate,0.2603,0.7457,0.8711,13119.881240932094,2991.9252849507484,3117.267981196418,19229.07
Trunk,severe,0.6069,0.7991,0.5494,15129.28265024497,4286.3155418918095,6259.952994152072,25675.55
Light,minor,0.01,0.5159,0.8426,0.0,1031.1848684522686,0.0,1031.18
Door,moderate,0.196,0.8654,0.7162,0.0,2691.7354334809947,3698.9250880330333,6390.66
Fender,minor,0.1033,0.5281,0.813,0.0,2755.527033327278,2658.4250555820586,5413.95
Light,moderate,0.1367,0.9125,0.4429,0.0,1090.1514011475,0.0,1090.15
Trunk,moderate,0.3366,0.7476,0.8858,15510.484333505528,3391.3515117629654,3774.570715069699,22676.41
Fender,moderate,0.2777,0.6771,0.7642,3646.771154424446,2669.144695706616,4210.04611848066,10525.96
Door,minor,0.0973,0.6175,0.5288,0.0,3278.361008345987,2242.149457430817,5520.51
Windshield,moderate,0.2357,0.4728,0.4327,0.0,2364.975872664693,0.0,2364.98
Hood,moderate,0.1545,0.5407,0.8839,0.0,2474.8753712643347,2148.764298720792,4623.64
Hood,minor,0.01,0.638,0.8779,0.0,2457.1595814283755,1874.0043600390686,4331.16
Windshield,moderate,0.1662,0.894,0.6228,10792.11341709774,3040.1699721393647,0.0,13832.28
Windshield,minor,0.0453,0.8143,0.923,0.0,1731.3602403949003,0.0,1731.36
Windshield,minor,0.0352,0.6908,0.5393,0.0,1521.2378261192232,0.0,1521.24
Door,severe,0.68,0.536,0.6905,10277.421320877333,4410.78778713027,6033.211307019523,20721.42
Headlight,moderate,0.2792,0.8424,0.4118,3718.6623609544195,1542.8374705680014,0.0,5261.5
Light,moderate,0.5,0.4865,0.4129,6711.363234672457,1693.1249686765914,0.0,8404.49
Door,moderate,0.3274,0.5595,0.5457,10315.139655644762,4262.42658334001,4990.50647463157,19568.07
Windshield,severe,0.8721,0.9768,0.5789,0.0,3406.148113989031,0.0,3406.15
Fender,minor,0.0902,0.7803,0.8667,0.0,3321.5666230823963,2181.859116444886,5503.43
Bumper,minor,0.0646,0.494,0.758,0.0,1608.1953168991524,2197.25028804131,3805.45
Door,moderate,0.1973,0.5093,0.5017,12642.698334763374,3152.3158516859894,3637.6554732783234,19432.67
Fender,moderate,0.3421,0.453,0.669,7301.350850525367,2352.7250044536386,3986.268454812415,13640.34
Trunk,moderate,0.1879,0.5677,0.7289,0.0,3202.4198316564402,2853.556056381813,6055.98
Bumper,moderate,0.4127,0.8184,0.5383,0.0,1919.4063776099595,4032.864946634719,5952.27
Trunk,moderate,0.278,0.785,0.6003,0.0,2450.5865809311063,4549.645563781879,7000.23
Hood,severe,0.8018,0.5528,0.8697,12216.716497356714,4451.813415886689,7046.417661013199,23714.95
Fender,severe,0.8083,0.9723,0.7993,3382.1914753291812,4563.093572920211,6915.55220385824,14860.84
Trunk,moderate,0.2615,0.8786,0.8016,0.0,3031.7217196057645,4774.420644104135,7806.14
Windshield,severe,0.4974,0.6894,0.8512,6154.785271406467,3221.639597551997,0.0,9376.42
Trunk,minor,0.0712,0.762,0.5839,0.0,1952.9992267332696,1940.9446614199032,3893.94
Trunk,severe,0.5566,0.6186,0.7878,11662.37612310805,3843.145088687338,4089.767280437042,19595.29
Bumper,minor,0.0681,0.6243,0.5556,0.0,1626.9487219008488,2942.830821545432,4569.78
Fender,moderate,0.1693,0.7125,0.833,6403.969882427227,3103.2767890070186,3116.7442980473934,12623.99
Hood,minor,0.1055,0.6215,0.6142,0.0,2477.824400118595,3444.8152658380736,5922.64
Bumper,moderate,0.3007,0.9077,0.4673,0.0,2706.783809874147,3564.8371377413714,6271.62
Windshield,minor,0.0506,0.585,0.5547,0.0,1819.9944519994722,0.0,1819.99
Trunk,moderate,0.3157,0.6211,0.7671,0.0,2970.634815293676,3246.0009886560724,6216.64
Fender,moderate,0.3161,0.9448,0.5232,0.0,2354.504483064412,3878.841442346978,6233.35
Hood,moderate,0.1,0.5564,0.7501,0.0,2887.018409066862,2158.4580417730645,5045.48
Headlight,moderate,0.3196,0.4775,0.6574,0.0,1252.2415690127207,0.0,1252.24
Bumper,moderate,0.2432,0.571,0.5639,5187.26561247978,2423.455993027744,4074.1721562222665,11684.89
Headlight,moderate,0.1006,0.8289,0.4182,3441.833932370994,1264.6090842289366,0.0,4706.44
Light,minor,0.01,0.7593,0.8366,0.0,1423.9510414744223,0.0,1423.95
Windshield,minor,0.0719,0.9387,0.5498,8278.140877562522,1549.0832068507173,0.0,9827.22
Windshield,minor,0.0497,0.7523,0.8059,0.0,1805.3257655830482,0.0,1805.33
Door,severe,0.3565,0.5127,0.8476,12603.727916089445,4294.078600487348,4157.50388958071,21055.31
Bumper,moderate,0.2348,0.612,0.9738,4021.629190626808,1614.009496329362,3704.1178151366444,9339.76
Light,severe,0.3,0.5762,0.7403,5546.846123928904,1018.2196140136863,0.0,6565.07
Door,moderate,0.1,0.5449,0.8303,0.0,3068.6442095881503,2209.4673782214954,5278.11
Fender,moderate,0.3311,0.8709,0.5315,0.0,3457.0684605255365,4332.91419414695,7789.98
Door,moderate,0.3336,0.5648,0.4978,0.0,3971.82981768023,3894.4529276805138,7866.28
Hood,severe,0.369,0.6047,0.4988,14287.404927533094,4160.144622175646,3384.736376647978,21832.29
Fender,minor,0.071,0.7272,0.5296,0.0,2552.9474922983277,2698.2906184937333,5251.24
Hood,moderate,0.1515,0.8818,0.8531,0.0,2762.7311813118454,1941.8680147708217,4704.6
Windshield,moderate,0.229,0.9779,0.6241,0.0,2173.6605576993456,0.0,2173.66
Trunk,minor,0.0584,0.7491,0.6373,0.0,1884.0830441330745,2108.1531370255684,3992.24
Headlight,moderate,0.2599,0.5536,0.6628,0.0,1849.8632782340785,0.0,1849.86
Bumper,moderate,0.2415,0.9739,0.8873,6938.783752867306,3319.509629942661,2870.9658172347167,13129.26
Headlight,minor,0.0631,0.7889,0.5397,0.0,1744.0071953930874,0.0,1744.01
Fender,severe,0.5692,0.8921,0.4881,4250.158088372627,4130.664296601613,6830.144473541921,15210.97
Light,minor,0.0331,0.6677,0.5337,0.0,950.2452938285824,0.0,950.25
Light,moderate,0.1682,0.8964,0.4549,3341.2718186599704,1107.4779881607176,0.0,4448.75
Light,severe,0.7157,0.4814,0.4191,0.0,962.5052193498734,0.0,962.51
Door,moderate,0.4951,0.5611,0.6799,0.0,3413.371440635336,4398.621921341666,7811.99
Door,moderate,0.1196,0.5516,0.6284,0.0,3836.6714028119213,1970.495968643437,5807.17
Windshield,moderate,0.1025,0.5557,0.712,8841.343142602986,1967.349382668103,0.0,10808.69
Fender,moderate,0.2601,0.7649,0.6339,8069.72724893701,3194.7301462478445,4905.847585622009,16170.3
Door,moderate,0.3226,0.6845,0.8778,0.0,4404.11729562246,3125.617674875436,7529.73
Trunk,moderate,0.4291,0.6475,0.7562,0.0,4181.100977608279,3228.2264961488922,7409.33
Fender,minor,0.126,0.9354,0.9408,0.0,2142.2646349694483,2855.4128613325847,4997.68
Bumper,minor,0.0762,0.8065,0.6272,0.0,1279.132583878918,1928.5911346519563,3207.72
Hood,minor,0.0801,0.9003,0.6645,0.0,2875.3280281440966,2930.9847548749135,5806.31
Bumper,severe,0.4358,0.7593,0.4923,7402.926974796723,3784.992609636299,4395.843741754487,15583.76
Hood,moderate,0.2315,0.8767,0.7375,18797.65053154705,3075.843508743477,3876.6163726941763,25750.11
Trunk,moderate,0.2947,0.8582,0.7728,13878.574362432575,3360.7442664043056,4038.971670682471,21278.29
Trunk,minor,0.0509,0.9732,0.8154,14194.14907211518,2644.2945375241015,1546.0896021624353,18384.53
Light,minor,0.0741,0.4939,0.7878,0.0,1331.9535093468967,0.0,1331.95
Hood,minor,0.0329,0.6253,0.9391,0.0,2433.194890727401,2023.3506448188746,4456.55
Fender,moderate,0.3334,0.5407,0.6812,0.0,3705.268679936175,3733.690692817602,7438.96
Trunk,minor,0.0648,0.7102,0.8594,0.0,1560.762352236586,2318.9667342316875,3879.73
Headlight,moderate,0.4194,0.7043,0.7669,0.0,1135.1632900787054,0.0,1135.16
Headlight,minor,0.0183,0.5826,0.4164,0.0,818.3972576306203,0.0,818.4
Headlight,minor,0.0558,0.6215,0.4391,0.0,891.817889954874,0.0,891.82
Windshield,moderate,0.2365,0.9437,0.4818,0.0,1606.8917732927728,0.0,1606.89
Trunk,minor,0.0134,0.4977,0.6512,0.0,2150.799711085001,2227.345372657699,4378.15
Light,minor,0.01,0.5549,0.5366,0.0,973.0195845349713,0.0,973.02
Door,minor,0.0168,0.8992,0.5521,0.0,3239.4669857788062,1892.8224035750443,5132.29
Hood,minor,0.01,0.5622,0.7024,0.0,2279.923675343662,1944.7868140099233,4224.71
Windshield,moderate,0.305,0.5392,0.9737,0.0,2277.8796508161217,0.0,2277.88
Light,moderate,0.3075,0.8452,0.5998,0.0,968.069391932818,0.0,968.07
Bumper,severe,0.6375,0.9746,0.5266,4625.747309443274,3436.1476639553275,4536.054355654611,12597.95
Headlight,severe,0.4054,0.6112,0.6145,4446.219167293264,1228.3439928897517,0.0,5674.56
Hood,moderate,0.3134,0.9527,0.813,0.0,3734.0195061721256,2767.6617930503908,6501.68
Fender,minor,0.0392,0.9318,0.5799,0.0,1619.0923616457537,2301.011756807415,3920.1
Trunk,moderate,0.1949,0.5733,0.6463,0.0,3489.390755653288,2526.065126908627,6015.46
Door,moderate,0.1,0.7268,0.8499,0.0,3527.3259349336395,2299.0987450898388,5826.42
Light,moderate,0.4016,0.5638,0.4427,8628.5429241277,1399.9614036420487,0.0,10028.5
Headlight,severe,0.7384,0.9469,0.4308,0.0,3136.8365549233285,0.0,3136.84
Fender,moderate,0.1208,0.7553,0.4971,4035.5715710284717,2598.5451732659735,3313.6573879428092,9947.77
Windshield,moderate,0.3465,0.878,0.5696,0.0,2035.9840184231557,0.0,2035.98
Door,severe,0.7317,0.977,0.858,10311.880462697985,4776.6160920794555,6130.818007232671,21219.31
Headlight,severe,0.4342,0.8286,0.4589,11751.84646997531,2234.9851202970826,0.0,13986.83
Hood,moderate,0.1,0.9216,0.8736,0.0,3463.395351028207,2815.140475745767,6278.54
Trunk,minor,0.0495,0.7964,0.915,0.0,2507.6325882287438,1818.3891404790602,4326.02
Fender,severe,0.4556,0.8095,0.9179,6441.917488727702,4328.924775548084,4914.037089494775,15684.88
Light,severe,0.5632,0.7802,0.7524,7767.051443780893,1988.848011578016,0.0,9755.9
Door,minor,0.0818,0.7066,0.7333,0.0,3775.1380293589837,1921.677733508976,5696.82
Door,minor,0.0742,0.6826,0.7602,0.0,2926.4836377242978,2449.6939820883654,5376.18
Windshield,moderate,0.1842,0.8757,0.7851,0.0,2257.852849762571,0.0,2257.85
Hood,minor,0.0307,0.6462,0.8029,0.0,2313.4581654585236,1544.6085640292602,3858.07
Fender,severe,0.7447,0.6433,0.9762,3583.5116479816256,4309.303658611165,5696.46170948143,13589.28
Trunk,minor,0.0535,0.8162,0.4377,0.0,2873.9252112325403,2248.115888321277,5122.04
Door,minor,0.0621,0.6062,0.6922,0.0,3818.734993195315,1649.1267677397539,5467.86
Bumper,moderate,0.2886,0.9507,0.5568,10060.42001591279,2722.61184703119,3680.5220290541606,16463.55
Fender,minor,0.1124,0.7135,0.5368,0.0,1952.0383808038107,2258.729175972615,4210.77
Light,minor,0.0889,0.9268,0.6614,0.0,1012.4698390926562,0.0,1012.47
Windshield,moderate,0.284,0.9376,0.9082,9919.605455434821,2318.469420264963,0.0,12238.07
Hood,severe,0.5509,0.5468,0.7935,12418.442152830441,4949.428349471677,5178.491313774551,22546.36
Light,severe,0.4341,0.564,0.8835,6618.035582041977,973.0120848157214,0.0,7591.05
Fender,moderate,0.3726,0.6134,0.9623,5171.46333433123,4979.154328963374,5455.091533854759,15605.71
Bumper,minor,0.0145,0.5609,0.6091,0.0,1762.002632347273,2302.2236655617075,4064.23
Windshield,minor,0.0276,0.4921,0.7951,0.0,1603.737981804216,0.0,1603.74
Door,minor,0.0472,0.4916,0.4359,0.0,3297.9204446938147,2645.816331251555,5943.74
Bumper,minor,0.0879,0.6322,0.5292,0.0,1377.3392435972369,3226.9443395319463,4604.28
Bumper,minor,0.0487,0.7331,0.6328,0.0,1409.5379336750932,1652.3210347142951,3061.86
Light,minor,0.01,0.7384,0.546,0.0,743.6107008092114,0.0,800.0
Windshield,severe,0.551,0.6441,0.5384,5809.447108424479,4072.7712644147177,0.0,9882.22
Trunk,minor,0.0642,0.6445,0.5481,0.0,2130.9405320445453,2271.1954190675856,4402.14
Trunk,severe,0.7273,0.5732,0.7415,11080.703997674444,2812.691719464972,5997.9753427919195,19891.37
Door,moderate,0.1391,0.4716,0.5683,13107.007191714416,4096.4618267119085,2345.0456834589877,19548.51
Headlight,minor,0.0479,0.6192,0.8814,0.0,1206.5805130825706,0.0,1206.58
Light,severe,0.6194,0.9687,0.6113,5902.3558827541865,1532.0238678702653,0.0,7434.38
Hood,minor,0.0393,0.7002,0.6316,0.0,2004.2385173745163,2450.5284244381855,4454.77
Windshield,moderate,0.317,0.6452,0.846,0.0,2358.2611587825595,0.0,2358.26
Fender,minor,0.036,0.6725,0.529,0.0,2755.540687927693,1503.5556358037368,4259.1
Headlight,minor,0.01,0.619,0.8084,0.0,963.1348183228071,0.0,963.13
Trunk,minor,0.0446,0.7882,0.6733,0.0,2012.9073967634465,2588.7317809464803,4601.64
Fender,minor,0.0495,0.6487,0.5287,0.0,3316.816831648908,1746.3941246951163,5063.21
Fender,minor,0.016,0.4905,0.718,0.0,1668.398219244717,2118.8239248840314,3787.22
Fender,minor,0.1137,0.8982,0.7021,0.0,2993.976380363401,3087.5737289786402,6081.55
Fender,moderate,0.3073,0.8626,0.4343,5683.265043154797,3571.7620280857027,3780.370743118017,13035.4
Fender,severe,0.6439,0.4744,0.6642,6582.984317673811,5600.1067615439415,6537.173130048503,18720.26
Windshield,moderate,0.3646,0.929,0.8835,0.0,2277.096699938731,0.0,2277.1
Windshield,moderate,0.1451,0.5269,0.4789,0.0,2260.723744347817,0.0,2260.72
Hood,moderate,0.1102,0.6283,0.7353,0.0,2592.231572231962,2112.1175166404055,4704.35
Trunk,severe,0.729,0.7198,0.5678,11654.071612425385,4351.067196230896,5136.8527827037005,21141.99
Trunk,minor,0.0297,0.7634,0.5508,0.0,1921.6467192831265,2176.820900119953,4098.47
Windshield,minor,0.0819,0.9373,0.4177,0.0,1365.035840419168,0.0,1365.04
Windshield,minor,0.0503,0.8621,0.9137,0.0,1796.6437277167488,0.0,1796.64
Door,moderate,0.2476,0.97,0.9357,0.0,3162.511928673438,2282.683231605059,5445.2
Light,minor,0.0623,0.5301,0.661,0.0,1064.899579349201,0.0,1064.9
Light,moderate,0.201,0.5632,0.7408,10211.074484203444,951.2046851658693,0.0,11162.28
Bumper,moderate,0.2169,0.8999,0.528,0.0,2019.936421340384,2897.991775096263,4917.93
Fender,severe,0.8904,0.8544,0.4165,7202.961164709958,5441.484865972541,5044.630809958652,17689.08
Light,moderate,0.2024,0.4975,0.8694,0.0,1298.089659019868,0.0,1298.09
Door,moderate,0.2681,0.8659,0.5029,0.0,4064.1603429707566,3806.657140483734,7870.82
Hood,minor,0.077,0.6654,0.8166,0.0,3447.3199171500896,2705.016412814838,6152.34
Hood,moderate,0.163,0.4933,0.715,0.0,2219.28397962828,2824.957636022922,5044.24
Fender,minor,0.0766,0.7435,0.5004,0.0,2410.435700140566,2191.5050949258684,4601.94
Trunk,severe,0.6369,0.8166,0.9087,10722.676406523027,4452.272870463433,6035.58060920225,21210.53
Headlight,severe,0.7695,0.9126,0.6162,10518.83966775979,2512.97155540168,0.0,13031.81
Hood,moderate,0.1867,0.9016,0.6722,0.0,2168.8611904745107,3384.7586160355127,5553.62
Hood,minor,0.0217,0.5031,0.7356,0.0,2606.3354479039904,2295.571942131462,4901.91
Bumper,minor,0.031,0.7242,0.798,0.0,1933.8974368174902,3037.2562224967605,4971.15
Windshield,moderate,0.2919,0.5058,0.6208,0.0,2952.5245466499096,0.0,2952.52
Bumper,minor,0.0511,0.7871,0.8727,0.0,2290.2004833056812,2166.500484732536,4456.7
Fender,minor,0.0382,0.5312,0.4243,0.0,1953.9435104963175,2377.6804280671236,4331.62
Fender,minor,0.0683,0.9421,0.8061,0.0,1849.1824278958309,3002.5616320277704,4851.74
Hood,moderate,0.2871,0.5387,0.8425,11204.39050605263,3698.6785752231963,4610.964667426971,19514.03
Hood,moderate,0.368,0.8262,0.8244,10343.672975393307,3300.8403087397724,4528.155184664356,18172.67
Door,moderate,0.4373,0.8624,0.8151,0.0,3562.3414496725973,3275.130342133325,6837.47
Windshield,moderate,0.2145,0.8492,0.4949,0.0,1648.229501833374,0.0,1648.23
Trunk,moderate,0.226,0.498,0.5055,13719.752782313286,3583.2671656590796,2444.726861549152,19747.75
Trunk,minor,0.01,0.5285,0.6839,0.0,2420.7797873491095,1800.0956995457007,4220.88
Fender,minor,0.0621,0.6299,0.8323,0.0,1703.3074519368295,2345.842184488472,4049.15
Headlight,moderate,0.3695,0.8484,0.5432,0.0,1137.838844907743,0.0,1137.84
Light,minor,0.0638,0.4686,0.9598,0.0,716.6826131564691,0.0,800.0
Fender,severe,0.8131,0.9299,0.609,3584.140529076286,4280.275299633088,6581.85387211898,14446.27
Fender,minor,0.0132,0.7521,0.5842,0.0,2118.3185839185653,2808.7171776308323,4927.04
Bumper,minor,0.0711,0.8807,0.9546,6726.634256322745,1248.21086901848,2188.5888972475564,10163.43
Fender,moderate,0.249,0.6842,0.7286,3351.0340352557387,3397.1276475625677,4602.890235091003,11351.05
Hood,minor,0.0363,0.5225,0.8216,0.0,2499.2800737062216,2044.9924369613698,4544.27
Door,minor,0.0162,0.6923,0.5308,0.0,3355.276275391927,1717.054690376039,5072.33
Windshield,severe,0.4184,0.7819,0.741,7826.932610552744,2450.452327796866,0.0,10277.38
Headlight,moderate,0.3028,0.8143,0.7668,0.0,1567.2213827253106,0.0,1567.22
Door,minor,0.0762,0.8759,0.4557,0.0,3190.7057862480256,3264.4291571952313,6455.13
Light,minor,0.0659,0.7261,0.4508,3798.3572681986434,1151.603688567212,0.0,4949.96
Windshield,minor,0.0685,0.7539,0.8952,0.0,2199.3005089539333,0.0,2199.3
Windshield,moderate,0.1,0.7746,0.467,7383.438157949901,2535.1374066901703,0.0,9918.58
Headlight,minor,0.0233,0.5812,0.5286,0.0,1073.2490341317512,0.0,1073.25
Headlight,minor,0.01,0.6857,0.8267,0.0,1293.0750443089214,0.0,1293.08
Hood,severe,0.6903,0.8221,0.8844,13865.041699344705,4609.920971333656,6233.697696713403,24708.66
Hood,minor,0.0699,0.9733,0.7565,0.0,2887.1977825182976,2361.1687193704743,5248.37
Fender,moderate,0.1174,0.4597,0.4769,0.0,2494.186708480199,2774.843469780008,5269.03
Trunk,severe,0.8939,0.6216,0.4242,0.0,6150.752520347063,7153.217205496723,13303.97
Door,minor,0.0453,0.9401,0.6138,0.0,2710.7715347553108,1658.8475168232112,4369.62
Bumper,moderate,0.2203,0.4898,0.6217,9039.71500238643,2376.624374558296,3429.5812016901154,14845.92
Headlight,severe,0.8188,0.7903,0.5227,12316.604828449086,2559.116374815308,0.0,14875.72
Headlight,moderate,0.2357,0.7034,0.8568,0.0,868.3533770506142,0.0,868.35
Windshield,moderate,0.354,0.6943,0.7082,10003.942854351026,3158.5515769958806,0.0,13162.49
Headlight,moderate,0.1,0.5961,0.7033,0.0,698.7219667488426,0.0,800.0
Trunk,moderate,0.2769,0.8937,0.7404,0.0,2992.03384009418,3418.168888455552,6410.2
Light,minor,0.01,0.9628,0.8248,0.0,870.5659415134403,0.0,870.57
Hood,minor,0.0431,0.7007,0.4387,0.0,1883.0955462484844,2342.6437016038612,4225.74
Windshield,minor,0.0448,0.7513,0.6475,0.0,1273.448609608954,0.0,1273.45
Light,minor,0.0622,0.517,0.8217,0.0,828.9919801726936,0.0,828.99
Windshield,minor,0.0887,0.903,0.4855,9268.773545492675,1997.8102540308028,0.0,11266.58
Fender,moderate,0.187,0.8602,0.5696,0.0,3043.6903434653295,2665.864900479105,5709.56
Windshield,moderate,0.2733,0.8018,0.4079,0.0,3252.6420794055507,0.0,3252.64
Bumper,moderate,0.1,0.746,0.5078,0.0,2035.5055352870338,2590.104703925997,4625.61
Trunk,severe,0.3323,0.6876,0.9184,15185.31985614468,2272.786432417404,3633.5352275711243,21091.64
Windshield,minor,0.0954,0.8563,0.4289,0.0,2027.376482570589,0.0,2027.38
Headlight,minor,0.0827,0.6133,0.7915,0.0,596.0912083784058,0.0,800.0
Trunk,severe,0.8933,0.9551,0.52,14176.683079773287,4406.924005176031,7480.984571843808,26064.59
Bumper,moderate,0.4116,0.7363,0.4474,4115.905643509624,1989.8380694847142,3815.4155400642803,9921.16
Hood,moderate,0.1284,0.9682,0.8428,12852.869544266317,2832.3682276572586,2316.22405296211,18001.46
Door,severe,0.7657,0.8537,0.9775,9139.347277930949,4220.866386068704,7197.423338322907,20557.64
Door,minor,0.0338,0.6212,0.6989,0.0,2437.090233503883,2714.2551099877905,5151.35
Fender,minor,0.0703,0.6943,0.5445,0.0,3062.54782887509,1959.3895086079103,5021.94
Door,minor,0.024,0.618,0.9641,0.0,3327.5962501630625,1516.2106428014843,4843.81
Fender,minor,0.071,0.6994,0.859,0.0,3381.5478685232247,2618.653755766908,6000.2
Door,minor,0.0844,0.5235,0.802,0.0,2950.553044200474,2592.6429098632057,5543.2
Door,moderate,0.1,0.5345,0.8329,0.0,3291.660578629746,2133.632532200447,5425.29
Bumper,moderate,0.2517,0.8316,0.567,0.0,2560.7921585708295,3366.664745341297,5927.46
Fender,minor,0.01,0.9413,0.7002,0.0,1846.4911089305897,2819.1802507334514,4665.67
Trunk,moderate,0.3272,0.7392,0.5404,15638.719345553967,2902.0324053814647,3384.4785087109703,21925.23
Trunk,minor,0.0665,0.4541,0.7262,0.0,2935.306269016819,1641.2435321611142,4576.55
Door,minor,0.01,0.532,0.5951,0.0,2810.074879843924,2642.3142863178605,5452.39
Door,minor,0.0666,0.6518,0.8336,0.0,2561.8439712769946,2628.7605755948034,5190.6
Hood,moderate,0.1205,0.888,0.527,0.0,1987.899309467357,3385.1769810675387,5373.08
Fender,severe,0.779,0.5982,0.6164,6123.497513786126,6110.371505656072,7850.108483589123,20083.98
Headlight,moderate,0.1603,0.9175,0.5393,0.0,595.4138890348751,0.0,800.0
Trunk,minor,0.0392,0.5517,0.5594,0.0,2056.064347520212,2257.04654832524,4313.11
Bumper,moderate,0.25,0.7893,0.4562,0.0,2459.8502357976163,3509.126033710066,5968.98
Fender,minor,0.0703,0.4895,0.8638,3672.4575065440054,2913.09794382484,2295.7203158808356,8881.28
Trunk,minor,0.01,0.6906,0.9006,0.0,2590.329231463634,2049.828423493258,4640.16
Headlight,minor,0.1135,0.5469,0.7063,0.0,701.65625003813,0.0,800.0
Headlight,moderate,0.3598,0.8404,0.8657,4269.061023018091,907.8019386346534,0.0,5176.86
Door,minor,0.013,0.8056,0.937,0.0,3553.69153094254,2934.7987688999037,6488.49
Windshield,minor,0.0493,0.7343,0.8442,0.0,2175.796522832599,0.0,2175.8
Fender,severe,0.5427,0.7312,0.817,7255.855726868724,5430.045384222117,4766.791892655553,17452.69
Fender,severe,0.7768,0.6908,0.928,5754.39694727392,4578.35600573389,7041.982534555576,17374.74
Trunk,severe,0.6588,0.5627,0.9641,17455.542859444027,4145.316096452001,5195.1863479451995,26796.05
Headlight,moderate,0.297,0.5723,0.4095,0.0,2030.8316662080038,0.0,2030.83
Windshield,minor,0.0321,0.8273,0.7176,0.0,1224.6466060591201,0.0,1224.65
Trunk,moderate,0.1058,0.5287,0.77,9691.776617335547,2249.123771461745,3167.364316997991,15108.26
Bumper,severe,0.58,0.5095,0.9234,6928.725333162833,2922.9825562714996,7200.062613209953,17051.77
Fender,moderate,0.2959,0.7061,0.5248,2999.836348052959,3288.0353379332087,3363.479668659892,9651.35
Trunk,moderate,0.4362,0.9542,0.6392,0.0,2824.2915408669555,6355.69666282473,9179.99
Fender,severe,0.4539,0.4914,0.7154,5091.1726873645375,4459.050197253864,4123.2802534577795,13673.5
Bumper,minor,0.0529,0.7732,0.5601,0.0,2607.797700096332,1960.670538778998,4568.47
Headlight,minor,0.01,0.9676,0.7703,0.0,830.071215235561,0.0,830.07
Hood,severe,0.5232,0.6383,0.4556,16720.670297603694,2796.65488391299,4312.123468795592,23829.45
Trunk,moderate,0.3828,0.6784,0.9595,0.0,4541.629321443967,3860.420288095834,8402.05
Trunk,moderate,0.2487,0.6084,0.4496,0.0,2238.3399030690207,3574.8398813064196,5813.18
Hood,moderate,0.1855,0.8878,0.7598,0.0,3538.7220226376844,2517.192871556495,6055.91
Trunk,moderate,0.1358,0.5217,0.4119,11767.198040201452,2519.842961056483,2436.3980115591357,16723.44
Door,minor,0.023,0.4731,0.9059,0.0,2052.4183102487905,2202.3525428393837,4254.77
Fender,moderate,0.1,0.8408,0.878,6030.50814950928,2252.9625362177335,2915.7691044525423,11199.24
Headlight,severe,0.6136,0.5601,0.5933,5396.379686829939,1900.6092641620253,0.0,7296.99
Fender,severe,0.4014,0.4711,0.7177,6148.1500892523945,2715.625910685791,4387.178119906703,13250.95
Hood,minor,0.0224,0.5411,0.7952,10600.072943970885,3116.1955019868124,2474.33360401091,16190.6
Headlight,severe,0.5035,0.8974,0.5407,6389.988734929602,835.4067257255324,0.0,7225.4
Bumper,severe,0.5685,0.8229,0.6003,9162.43444469337,2275.3905706704536,6169.29558247123,17607.12
Headlight,moderate,0.3791,0.4718,0.7186,0.0,1937.0497240815466,0.0,1937.05
Windshield,severe,0.7089,0.8256,0.701,10187.328939170093,3016.6670422262264,0.0,13204.0
Windshield,moderate,0.1731,0.9706,0.6941,0.0,2429.4931217181365,0.0,2429.49
Light,severe,0.7133,0.9749,0.8426,6501.458375855974,1717.3797278855398,0.0,8218.84
Fender,minor,0.0488,0.5181,0.8521,0.0,2951.7204169175307,1943.4084386649156,4895.13
Trunk,moderate,0.4258,0.9089,0.4992,14447.737357347603,3672.261380900284,5396.623815008478,23516.62
Fender,moderate,0.3352,0.6093,0.5113,0.0,4222.685908494739,4389.664756873602,8612.35
Windshield,minor,0.071,0.4532,0.865,0.0,1723.039247640081,0.0,1723.04
Hood,minor,0.0695,0.6071,0.4831,0.0,1885.6914413162297,2308.074159347808,4193.77
Fender,moderate,0.1217,0.8051,0.4863,6435.484415334942,1993.4047448133792,3240.659614261123,11669.55
Hood,moderate,0.2911,0.6935,0.9429,14003.106405954448,3423.892255829442,4179.480894872138,21606.48
Hood,moderate,0.316,0.5608,0.6481,9535.9053683688,3353.3448625782457,4808.875287892703,17698.13
Door,minor,0.0539,0.5181,0.9112,0.0,2959.968600699136,1842.4909913690417,4802.46
Hood,minor,0.1033,0.9553,0.9057,0.0,2677.1950241303957,2437.329678911784,5114.52
Door,severe,0.7783,0.7284,0.8683,10003.883364259416,6778.641424950583,6978.266448199073,23760.79
Door,minor,0.0358,0.9644,0.728,0.0,3082.284163129628,2756.1045473466893,5838.39
Fender,minor,0.0392,0.8852,0.636,0.0,3213.143742940791,2605.7819715204582,5818.93
Light,moderate,0.2361,0.4571,0.6422,0.0,791.9703793349911,0.0,800.0
Windshield,minor,0.0127,0.5228,0.7516,0.0,1996.0323341920987,0.0,1996.03
Headlight,minor,0.0335,0.6392,0.661,0.0,1094.61215529426,0.0,1094.61
Fender,severe,0.4206,0.6588,0.9183,4417.332291766951,3345.010815944553,4235.718366797601,11998.06
Headlight,minor,0.0782,0.5605,0.5332,0.0,1211.2412605672312,0.0,1211.24
Fender,minor,0.0863,0.7631,0.5596,0.0,2092.333984338259,2221.048958123047,4313.38
Fender,minor,0.0648,0.5413,0.7858,0.0,2967.227651468812,2575.729383300171,5542.96
Fender,minor,0.0531,0.4765,0.6279,0.0,1785.4663691723779,2434.825817001674,4220.29
Headlight,minor,0.0318,0.4532,0.8003,0.0,751.9220474760004,0.0,800.0
Hood,minor,0.036,0.8582,0.6403,0.0,1496.899202176296,1856.6972639614323,3353.6
Light,minor,0.01,0.514,0.6025,4047.463128619326,1498.2251365362079,0.0,5545.69
Light,severe,0.7083,0.7749,0.9433,4121.489208009328,1741.8642524892055,0.0,5863.35
Trunk,severe,0.5322,0.9432,0.8058,17022.35691775899,3300.5513456582867,4602.742074906264,24925.65
Bumper,severe,0.7695,0.6808,0.757,5273.676021203653,2579.249097669178,8409.379414946488,16262.3
Fender,moderate,0.2749,0.6959,0.9589,5945.151841945608,3136.5315180234184,3061.8638462263734,12143.55
Trunk,minor,0.0539,0.7885,0.9351,0.0,2613.264028048489,2319.1751985677606,4932.44
Headlight,minor,0.0521,0.7139,0.8352,0.0,864.2404558317709,0.0,864.24
Trunk,severe,0.6613,0.6283,0.8011,0.0,4524.14367807139,4103.1759209721695,8627.32
Trunk,moderate,0.1,0.4804,0.6508,0.0,2608.889025747698,2641.809072151777,5250.7
Door,minor,0.0479,0.7236,0.5984,14643.386228248015,4130.085076659296,1936.8702215901276,20710.34
Door,minor,0.08,0.7576,0.4945,0.0,2735.343841432965,2167.786216608248,4903.13
Headlight,moderate,0.1326,0.7161,0.4393,0.0,986.1143107476967,0.0,986.11
Hood,minor,0.0546,0.9136,0.5992,0.0,2685.7869774565215,2349.776289705761,5035.56
Door,minor,0.0288,0.6747,0.5964,0.0,2996.854795646507,2143.2549198992906,5140.11
Door,severe,0.4537,0.9334,0.6689,14072.166510418896,4537.309551353541,6720.052671173721,25329.53
Door,severe,0.6318,0.5741,0.9337,12086.79809132928,5786.25059443607,5600.342183948369,23473.39
Hood,severe,0.6439,0.8001,0.8332,16881.229443157306,5069.5898801694975,6786.047283749822,28736.87
Hood,minor,0.1052,0.8406,0.5085,0.0,2424.358489779412,2893.466052371983,5317.82
Headlight,moderate,0.3096,0.6204,0.8361,0.0,1486.1792681619704,0.0,1486.18
Bumper,minor,0.0751,0.6425,0.5673,0.0,1242.197187396778,2219.3488276042667,3461.55
Light,moderate,0.1917,0.6653,0.5064,0.0,1000.3402669094866,0.0,1000.34
Fender,severe,0.5238,0.8435,0.715,4829.907685968132,3962.471797789545,4618.35043020754,13410.73
Headlight,moderate,0.1814,0.6853,0.6172,8894.77014801239,981.8406712569625,0.0,9876.61
Hood,severe,0.5632,0.4843,0.6269,16603.574046267102,3412.179770093101,4113.101891384509,24128.86
Windshield,severe,0.3704,0.5971,0.6475,10977.654372498324,2970.227420956345,0.0,13947.88
Trunk,severe,0.4067,0.7273,0.9773,15308.75697092618,2917.1210786962456,4440.736246117494,22666.61
Door,minor,0.0122,0.4689,0.436,0.0,2222.766530490009,1977.0773443811242,4199.84
Headlight,severe,0.5206,0.7438,0.8143,12492.493319696354,896.9989032674943,0.0,13389.49
Hood,moderate,0.1985,0.8437,0.7485,13046.081591385842,2027.4193686733852,3910.586122242418,18984.09
Fender,moderate,0.2991,0.4727,0.9111,0.0,3753.875709649125,2770.461818826852,6524.34
Fender,moderate,0.2745,0.7666,0.4985,0.0,2786.872432954532,4668.525564179482,7455.4
Fender,minor,0.0499,0.6318,0.8898,0.0,2621.0687602757753,1545.6798653413364,4166.75
Light,moderate,0.2989,0.7283,0.7841,6677.585220989004,2016.1001193722607,0.0,8693.69
Light,minor,0.0892,0.9633,0.4326,0.0,1488.9375641068589,0.0,1488.94
Fender,minor,0.0572,0.5079,0.4513,0.0,2653.88600538363,1747.0651242551007,4400.95
Bumper,severe,0.5323,0.5424,0.7038,8154.731739696934,2117.121458714943,4528.5624008508785,14800.42
Fender,severe,0.6175,0.7376,0.6359,3853.1464611566757,3198.6039135436567,5576.939492353642,12628.69
Light,minor,0.0794,0.5976,0.9176,0.0,1515.9880230248075,0.0,1515.99
Light,minor,0.0683,0.8549,0.5841,0.0,1046.1326708344623,0.0,1046.13
Fender,minor,0.0356,0.9368,0.9687,0.0,1989.0957738885434,2233.611321118462,4222.71
Fender,minor,0.0879,0.6824,0.644,0.0,3186.054463002966,2513.1961017346684,5699.25
Trunk,minor,0.0518,0.4695,0.9705,16722.300739886054,1733.5482304296943,2473.094521980051,20928.94
Headlight,severe,0.4861,0.9241,0.6128,9993.006000154683,1036.4153204504273,0.0,11029.42
Door,moderate,0.1993,0.7922,0.9703,10484.16369853535,2378.4660789752975,3545.4094896903785,16408.04
Fender,moderate,0.219,0.8468,0.5938,0.0,4147.051738614001,2585.992495593546,6733.04
Windshield,minor,0.0321,0.9678,0.8828,8943.326572268577,1525.2355179971275,0.0,10468.56
Door,moderate,0.2506,0.8375,0.4422,10387.232672423952,3627.303585101737,2744.544184450451,16759.08
Trunk,minor,0.0483,0.502,0.6344,0.0,2281.2790133737967,2991.775178959762,5273.05
Bumper,moderate,0.2544,0.8228,0.8819,8298.125166774209,2271.9235738096068,3667.2426330111953,14237.29
Door,severe,0.6837,0.5717,0.4978,11617.409235752079,5199.878604201332,5399.433844545363,22216.72
Windshield,moderate,0.2739,0.7989,0.504,5457.8337166496685,2132.181429775503,0.0,7590.02
Headlight,moderate,0.3159,0.8159,0.8343,8826.617522495599,1112.1564953514803,0.0,9938.77
Fender,severe,0.95,0.4945,0.6134,6491.314242889874,5271.288507074639,7206.060299257038,18968.66
Windshield,moderate,0.1087,0.5774,0.672,0.0,1737.6726574871316,0.0,1737.67
Door,minor,0.0556,0.7139,0.479,0.0,2998.835793741506,1953.8783613092048,4952.71
Windshield,minor,0.01,0.8829,0.6261,0.0,2042.3699385935015,0.0,2042.37
Light,minor,0.01,0.9102,0.9265,0.0,808.9846767522093,0.0,808.98
Trunk,severe,0.4363,0.741,0.9313,14368.089467562224,3725.7715110028307,3358.9702947510555,21452.83
Hood,minor,0.0794,0.5842,0.4292,0.0,2977.415286589369,2610.0770829864464,5587.49
Light,moderate,0.2081,0.7641,0.4154,6155.242018033295,969.0700848104835,0.0,7124.31
Fender,moderate,0.1,0.9653,0.8702,6571.563460130345,1934.0101855599146,2786.0461922861923,11291.62
Light,moderate,0.1041,0.5129,0.9057,0.0,1298.2024453292636,0.0,1298.2
Bumper,moderate,0.1,0.4879,0.496,4443.63564196394,1921.9700340559293,3346.713911329295,9712.32
Light,moderate,0.233,0.8398,0.4026,4402.104703693913,1000.7368009030432,0.0,5402.84
Windshield,minor,0.0809,0.4953,0.8513,0.0,2517.3290650881727,0.0,2517.33
Windshield,moderate,0.3063,0.7709,0.4969,0.0,3220.3060966529283,0.0,3220.31
Hood,minor,0.017,0.6271,0.7638,0.0,3286.895824105223,2017.0189268658496,5303.91
Door,moderate,0.1421,0.7218,0.7383,0.0,3536.4852258850833,3097.5906214186757,6634.08
Bumper,minor,0.01,0.6684,0.8918,0.0,1808.2520630106064,1889.0780942348651,3697.33
Hood,minor,0.0354,0.6134,0.8436,0.0,2024.3286805007674,2600.864781774233,4625.19
Headlight,moderate,0.322,0.8476,0.7361,0.0,1599.6970121098277,0.0,1599.7
Windshield,minor,0.082,0.7207,0.5616,0.0,2269.907873939173,0.0,2269.91
Door,severe,0.4782,0.8242,0.4151,8897.593092097452,5693.1273042763505,4480.272148104572,19070.99
Windshield,moderate,0.2909,0.8317,0.423,6103.479152615058,2658.156255903478,0.0,8761.64
Trunk,moderate,0.3154,0.6933,0.7852,0.0,3335.4214104003695,4144.097283573009,7479.52
Hood,minor,0.01,0.5748,0.7206,0.0,2141.471382355059,1570.3044296394544,3711.78
Trunk,minor,0.01,0.6621,0.7738,0.0,1856.0946486141152,2195.8471754793313,4051.94
Light,minor,0.0225,0.9662,0.4357,0.0,678.4909386470293,0.0,800.0
Door,severe,0.95,0.837,0.4433,8480.08807230784,6717.429997457634,7518.687735248173,22716.21
Light,minor,0.01,0.7566,0.8754,0.0,776.7755597388735,0.0,800.0
Hood,minor,0.0473,0.7969,0.7663,0.0,3307.5743926341165,1704.1315435729402,5011.71
Light,moderate,0.4747,0.4653,0.919,0.0,1503.5119456124066,0.0,1503.51
Headlight,severe,0.8584,0.9727,0.871,10493.850854848173,2374.5181155633413,0.0,12868.37
Door,moderate,0.3909,0.7544,0.7471,0.0,4907.123391467709,3648.9039216527963,8556.03
Fender,minor,0.0359,0.6761,0.6732,0.0,2127.328547815672,1770.5946074836586,3897.92
Trunk,minor,0.0344,0.708,0.6829,0.0,2082.671706276389,1778.5172380219183,3861.19
Trunk,severe,0.3,0.7745,0.8977,12441.58430727482,2530.050115876522,4319.719170405207,19291.35
Bumper,minor,0.039,0.6264,0.4885,0.0,1964.96747390555,2916.9604037053095,4881.93
Windshield,minor,0.068,0.7229,0.8631,0.0,1716.819930440732,0.0,1716.82
Light,minor,0.0423,0.6346,0.7546,0.0,911.3566456625148,0.0,911.36
Bumper,minor,0.0651,0.712,0.7253,0.0,2474.032378851918,2737.8548941371046,5211.89
Hood,moderate,0.4231,0.7525,0.7729,0.0,3768.8773657924785,3192.908749538452,6961.79
Light,moderate,0.1722,0.9371,0.438,0.0,1106.4423372261203,0.0,1106.44
Trunk,minor,0.0546,0.8,0.4432,0.0,2282.9450216681257,1951.8209234239077,4234.77
Headlight,minor,0.0603,0.7896,0.7226,0.0,773.5059016082657,0.0,800.0
Fender,severe,0.6303,0.5502,0.8047,5218.89621384381,4299.970547557669,5577.956882514316,15096.82
Bumper,minor,0.0777,0.8165,0.8065,0.0,2192.6783619200687,2964.254974122076,5156.93
Hood,moderate,0.1211,0.9762,0.7363,10967.58471157593,2718.805639471924,2346.629767639701,16033.02
Headlight,minor,0.0562,0.6124,0.5252,0.0,637.1040439301063,0.0,800.0
Bumper,moderate,0.1,0.6913,0.6195,6408.721468676208,2472.6442848632246,2542.7288572675393,11424.09
Trunk,moderate,0.1483,0.5394,0.8911,13784.016812355034,2775.1120493022545,3519.486069038689,20078.61
Hood,moderate,0.4158,0.9342,0.4088,14217.643229437981,3135.5767676250034,3408.958209589829,20762.18
Trunk,moderate,0.3842,0.8797,0.4996,14438.426885245874,3678.9750694000145,3504.563410916061,21621.97
Fender,moderate,0.4632,0.5209,0.6139,3708.3328624437067,3222.855224053359,5032.715016867967,11963.9
Windshield,severe,0.728,0.8201,0.8402,7767.638990203899,3097.5490761657907,0.0,10865.19
Trunk,minor,0.1055,0.7071,0.7427,16392.59329863477,2189.279159311065,2591.8678592007423,21173.74
Trunk,severe,0.8187,0.6677,0.674,18144.267042097632,5728.069316801757,6664.367857862366,30536.7
Hood,moderate,0.3463,0.7744,0.7429,16097.665170263625,3004.1145517108007,3912.5029064202927,23014.28
Trunk,severe,0.7362,0.543,0.4003,14134.69097168879,3189.9936442432036,4788.712464743203,22113.4
Door,minor,0.0255,0.5496,0.5741,0.0,2343.5948209997046,3086.498098360229,5430.09
Windshield,moderate,0.259,0.8942,0.6681,0.0,2333.2498184518936,0.0,2333.25
Headlight,severe,0.3543,0.5983,0.8998,10307.729674822793,1310.48357343482,0.0,11618.21
Headlight,moderate,0.2229,0.8769,0.5397,0.0,1006.5660594314182,0.0,1006.57
Bumper,moderate,0.276,0.7555,0.6465,0.0,3292.7034727527903,4442.764572193005,7735.47
Hood,minor,0.0599,0.5469,0.8478,0.0,2779.145468335966,2293.763466699452,5072.91
Light,severe,0.4899,0.4835,0.4703,4840.7130365722405,1184.689454062242,0.0,6025.4
Fender,minor,0.0818,0.4559,0.9727,0.0,2746.73224347459,3330.814128311309,6077.55
Headlight,minor,0.01,0.9572,0.5814,0.0,726.9064543713298,0.0,800.0
Light,minor,0.0592,0.5184,0.8738,0.0,972.5269951773627,0.0,972.53
Windshield,moderate,0.3962,0.6568,0.857,8171.477581914955,3012.0230466322705,0.0,11183.5
Fender,severe,0.3118,0.7874,0.8872,7051.421568571985,3922.330107113693,4732.459622833201,15706.21
Bumper,minor,0.0252,0.7641,0.5802,0.0,2078.4613300335877,1892.3839775015326,3970.85
Hood,moderate,0.1417,0.9691,0.9523,0.0,2538.594636405482,2300.2046804831234,4838.8
Fender,severe,0.7945,0.7015,0.9659,6652.231063738553,4312.30047599296,5149.071966506034,16113.6
Hood,moderate,0.2409,0.453,0.7786,0.0,2834.4412491965822,3347.6288466770993,6182.07
Fender,moderate,0.2571,0.47,0.8204,5466.73413438468,3190.1138913534187,2634.392878222336,11291.24
Bumper,minor,0.1011,0.9488,0.9593,0.0,2018.061418134657,2142.0138494840253,4160.08
Windshield,moderate,0.2284,0.8095,0.5807,0.0,1718.8725439121222,0.0,1718.87
Windshield,moderate,0.1112,0.6731,0.4063,0.0,2300.055633343684,0.0,2300.06
Windshield,moderate,0.2549,0.9202,0.7389,0.0,2319.7602860792194,0.0,2319.76
Fender,moderate,0.2393,0.7845,0.8389,7380.603050836424,2303.258857633642,4018.981929019638,13702.84
Windshield,moderate,0.2735,0.8245,0.5032,0.0,2319.786926309047,0.0,2319.79
Hood,minor,0.0734,0.8077,0.4858,0.0,2118.9516598178216,2799.2690031999227,4918.22
Trunk,moderate,0.2924,0.7795,0.8058,0.0,2697.7604575596843,4996.165778752248,7693.93
Hood,minor,0.0359,0.5218,0.9634,0.0,2301.619640591462,2575.6516975319746,4877.27
Windshield,minor,0.0529,0.7981,0.8835,0.0,1388.2694615495648,0.0,1388.27
Bumper,minor,0.045,0.7197,0.6324,0.0,1303.7403718814728,2314.7870587155544,3618.53
Door,severe,0.7039,0.797,0.4246,10925.939995316012,5160.652284217189,6191.656758895028,22278.25
Door,minor,0.01,0.4765,0.8385,0.0,3090.945474939573,2377.8419482162826,5468.79
Hood,minor,0.0536,0.8683,0.4927,0.0,2153.398012740066,2678.6676395464087,4832.07
Fender,minor,0.0278,0.6463,0.6686,0.0,2173.273766912551,1625.1511574928463,3798.42
Hood,minor,0.01,0.7093,0.797,0.0,2383.290409312533,2130.882970733044,4514.17
Fender,moderate,0.1,0.5359,0.9711,0.0,2961.420430517583,3399.431995513054,6360.85
Bumper,severe,0.6043,0.9646,0.7858,9902.567730262976,4055.5902745309786,6770.524787196324,20728.68
Bumper,severe,0.4057,0.6557,0.7663,4653.979751308545,3832.2736125271736,3955.7071392462108,12441.96
Trunk,minor,0.0457,0.7997,0.7738,0.0,2827.725138243925,2219.9324972054364,5047.66
Hood,moderate,0.248,0.7637,0.8007,0.0,3384.247725957895,4657.816526639285,8042.06
Fender,moderate,0.1133,0.5469,0.7243,4569.166555929874,3231.298002932856,2432.044062900401,10232.51
Bumper,moderate,0.4591,0.7764,0.6444,0.0,2334.87830329173,5971.173975578972,8306.05
Trunk,minor,0.0279,0.5962,0.5359,0.0,1550.6453075275094,1917.193707321678,3467.84
Windshield,minor,0.0759,0.5571,0.8863,0.0,1894.6824137357012,0.0,1894.68
Trunk,moderate,0.2423,0.9187,0.8921,0.0,2884.5141131228484,4002.167749536495,6886.68
Windshield,moderate,0.3585,0.4626,0.4749,9840.168887560445,1951.6881687696564,0.0,11791.86
Windshield,minor,0.0921,0.6339,0.4696,0.0,1598.3041662919838,0.0,1598.3
Trunk,severe,0.4729,0.8607,0.9205,17908.54443718851,4843.703158756719,3675.2875957638576,26427.54
Trunk,minor,0.0888,0.7787,0.653,0.0,2821.7248862866004,2653.707901379702,5475.43
Hood,severe,0.6707,0.8834,0.6309,16555.459479116456,6255.1943637093955,8079.126172310363,30889.78
Headlight,minor,0.0501,0.5447,0.7231,0.0,671.9883065403185,0.0,800.0
Trunk,minor,0.0897,0.6804,0.7263,0.0,3254.1860843691384,2198.8283911389426,5453.01
Hood,minor,0.01,0.6724,0.5506,0.0,2106.242644996599,1521.7679689848892,3628.01
Light,moderate,0.198,0.8962,0.6692,0.0,1910.4422921686798,0.0,1910.44
Hood,minor,0.0308,0.6006,0.5213,0.0,1736.7359212304634,2088.5086394438936,3825.24
Hood,moderate,0.1418,0.7322,0.8024,0.0,2036.0557527900974,2578.632568670193,4614.69
Door,moderate,0.2476,0.9533,0.7651,9156.692281645897,3158.764811615722,3465.7926336516593,15781.25
Hood,moderate,0.2183,0.4992,0.8901,0.0,3893.15979683975,2784.887088496471,6678.05
Windshield,minor,0.0593,0.4941,0.5854,0.0,2044.254947850276,0.0,2044.25
Fender,minor,0.0819,0.5641,0.7276,0.0,2858.918414961375,2761.602242680738,5620.52
Door,moderate,0.124,0.5485,0.8112,0.0,3676.646413571392,2403.243632252265,6079.89
Trunk,severe,0.5419,0.8646,0.4634,11004.572764368662,3101.2127475089646,6111.10361013028,20216.89
Hood,minor,0.0337,0.9554,0.716,0.0,2209.193966556509,2866.3846775587035,5075.58
Hood,minor,0.0534,0.6315,0.951,0.0,1728.636631406232,2290.0966467685266,4018.73
Bumper,severe,0.7775,0.8126,0.5377,5542.220780056675,2721.905832770114,6702.833823447741,14966.96
Door,severe,0.4805,0.5769,0.7969,14477.833694101253,4886.6829394605875,3822.3153243163206,23186.83
Light,moderate,0.1214,0.4625,0.5557,0.0,752.382550982075,0.0,800.0
Trunk,minor,0.0702,0.692,0.4141,0.0,2002.7506893970722,2427.3199615128838,4430.07
Trunk,moderate,0.3189,0.4822,0.7446,0.0,3351.334499868908,4074.7200014259156,7426.05
Bumper,moderate,0.2874,0.7223,0.5594,7664.458520989052,3302.0454021341243,3531.7219671173193,14498.23
Windshield,moderate,0.211,0.7952,0.7077,10117.695119803453,1827.4272156517245,0.0,11945.12
Light,moderate,0.1646,0.6221,0.4822,6546.341465700441,1333.488120541307,0.0,7879.83
Headlight,minor,0.0808,0.9028,0.4623,0.0,844.3720394715813,0.0,844.37
Light,moderate,0.175,0.925,0.555,8836.549571259135,1338.5373742153886,0.0,10175.09
Hood,minor,0.0867,0.4812,0.8279,0.0,2827.024894143064,3380.0171007043255,6207.04
Door,moderate,0.1,0.9585,0.5743,12451.405996113874,3613.093828537828,2491.1961795209363,18555.7
Door,minor,0.0481,0.8058,0.8137,13456.894395266423,3219.5101177757747,2524.35024733684,19200.75
Fender,moderate,0.1814,0.9608,0.4025,4166.7240266219915,2397.1003226137773,4303.8196392025,10867.64
Door,minor,0.0884,0.8304,0.5383,0.0,2279.551336278385,2424.6347352300286,4704.19
Trunk,moderate,0.3509,0.9454,0.6897,15919.285960461344,3541.39457942278,3612.522081476931,23073.2
Fender,moderate,0.3954,0.4715,0.404,5025.637056221901,2609.47206748824,4502.403599412812,12137.51
Fender,severe,0.6651,0.4945,0.8012,3551.2728803574123,3671.3588285422957,5984.970554482793,13207.6
Door,moderate,0.2329,0.7171,0.6945,9329.295697968615,4869.848881806783,3331.839156769339,17530.98
Headlight,severe,0.6591,0.9436,0.7513,12838.776691982743,2232.299076590602,0.0,15071.08
Light,minor,0.0992,0.865,0.6372,0.0,943.9033911020616,0.0,943.9
Bumper,moderate,0.3233,0.7549,0.5161,0.0,3100.25217140861,4585.060978891056,7685.31
Windshield,severe,0.7465,0.6161,0.6161,11079.128145105047,3579.375483468246,0.0,14658.5
Windshield,minor,0.0512,0.7319,0.8427,0.0,1875.4117251183811,0.0,1875.41
Headlight,moderate,0.2439,0.8062,0.4776,0.0,1772.9831159039554,0.0,1772.98
Door,minor,0.0353,0.6057,0.6631,0.0,3504.9928297896868,2723.9750819172687,6228.97
Trunk,minor,0.0365,0.5959,0.4013,0.0,3000.138476131588,2793.521449118544,5793.66
Fender,moderate,0.4045,0.5771,0.6523,0.0,3684.6045973058453,4317.3165168428795,8001.92
Windshield,moderate,0.2398,0.6564,0.7439,8309.295997973359,1536.3203493309788,0.0,9845.62
Windshield,minor,0.0428,0.5422,0.7907,0.0,2234.692658482054,0.0,2234.69
Light,minor,0.0409,0.8009,0.7896,0.0,1222.4226333756258,0.0,1222.42
Windshield,severe,0.8093,0.8704,0.6606,10018.158233087806,5579.608639690857,0.0,15597.77
Light,moderate,0.1,0.9299,0.7603,0.0,1616.9492425313865,0.0,1616.95
Trunk,severe,0.6255,0.9365,0.6999,10473.798317082683,3724.250505525755,6073.9617612573675,20272.01
Bumper,moderate,0.1538,0.7049,0.6656,0.0,2410.8754540879495,2402.070479206349,4812.95
Trunk,severe,0.7395,0.5487,0.8397,13541.292828582937,3589.2890207665496,5961.876654499506,23092.46
Hood,minor,0.0174,0.9233,0.7252,0.0,2969.445844044489,1997.5610168061528,4967.01
Hood,moderate,0.3201,0.8178,0.6755,0.0,3615.779519510248,3143.463477590206,6759.24
Hood,minor,0.0788,0.7454,0.8197,0.0,1684.279603252763,2481.6411700488757,4165.92
Fender,moderate,0.3087,0.8785,0.5564,0.0,3627.5715370636094,3891.498942089065,7519.07
Headlight,severe,0.3145,0.7828,0.6604,3566.5511138031143,724.2480725723472,0.0,4290.8
Windshield,minor,0.0633,0.9345,0.8249,0.0,1882.584525098907,0.0,1882.58
Light,moderate,0.341,0.5825,0.7061,0.0,1125.7185473106274,0.0,1125.72
Trunk,minor,0.01,0.5218,0.9222,0.0,1371.175249647488,1941.526957501911,3312.7
Trunk,minor,0.0583,0.5703,0.423,0.0,2789.761000711996,1888.2556250272185,4678.02
Bumper,moderate,0.2073,0.6476,0.7508,5370.210607090123,2343.347354614359,3067.050802069193,10780.61
Headlight,severe,0.7558,0.7003,0.9246,9733.91065880433,1500.2955675866835,0.0,11234.21
Door,moderate,0.3176,0.6304,0.7817,0.0,3590.299516989088,3045.7319085561476,6636.03
Hood,minor,0.0161,0.6631,0.4154,0.0,2067.0651065575244,2789.3491435292417,4856.41
Fender,minor,0.0622,0.4656,0.9104,0.0,1456.9199000455806,1795.9704402227258,3252.89
Windshield,severe,0.8522,0.4732,0.4263,8904.48516422461,3781.789450478043,0.0,12686.27
Trunk,severe,0.635,0.8512,0.7964,11449.431099729973,4541.720126810947,4256.521613478935,20247.67
Hood,severe,0.5934,0.7869,0.9129,16788.53905602317,5917.797397620676,4515.573287073102,27221.91
Bumper,minor,0.0221,0.7681,0.827,0.0,2044.8632852556584,2134.6229040858548,4179.49
Bumper,minor,0.1099,0.4631,0.7534,0.0,1500.5079450610522,3017.455032392599,4517.96
Bumper,minor,0.0835,0.9724,0.8351,0.0,2262.717526085086,2604.815493907708,4867.53
Hood,moderate,0.359,0.6868,0.7634,0.0,3832.715526401871,3294.31846849922,7127.03
Fender,minor,0.014,0.9373,0.6095,0.0,2671.4067858404937,2011.3884442769643,4682.8
Headlight,minor,0.0156,0.8194,0.6757,0.0,1068.9950170234085,0.0,1069.0
Trunk,minor,0.0633,0.6383,0.9414,0.0,2272.9831078360307,2282.2111072893476,4555.19
Trunk,severe,0.6661,0.9504,0.4158,9180.908508378867,5167.019974004846,4654.886837472393,19002.82
Windshield,minor,0.0687,0.9034,0.6378,0.0,1420.9155519077835,0.0,1420.92
Hood,moderate,0.1645,0.9721,0.6203,0.0,2637.1955440082747,2878.299352581355,5515.49
Hood,minor,0.0693,0.9129,0.7334,0.0,2382.937871124989,2277.7778279243303,4660.72
Windshield,minor,0.0499,0.7433,0.6901,0.0,1016.3847299428036,0.0,1016.38
Trunk,minor,0.0315,0.8325,0.4433,0.0,2812.4092744210006,2550.6859404404013,5363.1
Bumper,moderate,0.2267,0.7721,0.6787,0.0,2401.304381604813,2699.61505174678,5100.92
Bumper,minor,0.0758,0.8285,0.8697,0.0,1525.5585501262099,2704.9417628929496,4230.5
Trunk,severe,0.7325,0.7961,0.7123,13335.048976046839,3002.331873443461,5473.837852269198,21811.22
Door,moderate,0.1601,0.4501,0.6766,11656.797895138676,4349.028677741705,2335.0465678910286,18340.87
Fender,minor,0.0899,0.69,0.5899,0.0,1927.4442821879036,2292.008667899985,4219.45
Light,moderate,0.1,0.5182,0.683,10591.266321845993,781.5235153813526,0.0,11372.79
Door,moderate,0.1778,0.9065,0.4751,0.0,4715.119101229036,2615.453546171017,7330.57
Headlight,minor,0.0553,0.805,0.7935,0.0,1092.089664676308,0.0,1092.09
Trunk,minor,0.0438,0.5027,0.7168,0.0,1970.0880991270305,1907.7380472801979,3877.83
Headlight,moderate,0.3052,0.8812,0.9464,10575.11942251116,2183.327367996491,0.0,12758.45
Fender,moderate,0.1673,0.7254,0.4665,0.0,2869.6769217602928,3003.7883472465005,5873.47
Hood,moderate,0.1624,0.9164,0.4224,0.0,3456.7088228612906,2532.3212200418643,5989.03
Fender,moderate,0.3401,0.7355,0.6841,6249.344217483858,2262.3397147429446,4087.713256188574,12599.4
Windshield,minor,0.01,0.7011,0.7833,0.0,1251.707019587002,0.0,1251.71
Headlight,minor,0.1106,0.8365,0.5565,0.0,1630.919856734751,0.0,1630.92
Hood,minor,0.0432,0.6875,0.8717,0.0,2015.3752545094444,2042.382415666632,4057.76
Fender,minor,0.0591,0.7793,0.4414,0.0,2522.2216234600037,1896.2283169507266,4418.45
Windshield,minor,0.1254,0.6025,0.875,0.0,1739.8058730279777,0.0,1739.81
Light,minor,0.069,0.646,0.4895,0.0,1178.9155139122306,0.0,1178.92
Headlight,severe,0.7493,0.5863,0.8503,7793.101797912382,1865.8627672942878,0.0,9658.96
Trunk,moderate,0.2509,0.9023,0.9141,0.0,3358.253192928319,3266.4665226919856,6624.72
Trunk,minor,0.0678,0.7041,0.72,0.0,1981.7077919486221,3044.2574300582805,5025.97
Hood,minor,0.0496,0.4952,0.7163,0.0,2083.6357442059957,2262.9846823873595,4346.62
Headlight,severe,0.3981,0.8287,0.6863,7061.051059327985,1267.676714281112,0.0,8328.73
Headlight,moderate,0.3205,0.4885,0.6301,3573.3825771545507,1325.556046450577,0.0,4898.94
Light,severe,0.3,0.66,0.8951,4362.179104495938,1281.7426026478897,0.0,5643.92
Bumper,moderate,0.2295,0.7843,0.7426,0.0,1819.3334875481607,3594.6117546027376,5413.95
Hood,severe,0.4165,0.965,0.9373,15108.024291449663,4237.720704699583,4986.827596162193,24332.57
Windshield,minor,0.0528,0.8441,0.6949,0.0,1249.3418479249378,0.0,1249.34
Hood,minor,0.0761,0.5713,0.4209,0.0,2841.7796138106505,2001.9293424746493,4843.71
Windshield,minor,0.0788,0.7805,0.8347,0.0,1703.013122469558,0.0,1703.01
Light,minor,0.0778,0.6288,0.6911,0.0,1013.8483069644019,0.0,1013.85
Bumper,minor,0.0211,0.5339,0.7521,0.0,1072.8475868678834,2571.08274293883,3643.93
Headlight,minor,0.0863,0.7386,0.5698,0.0,759.5395631428702,0.0,800.0
Light,severe,0.7952,0.4525,0.449,7278.607226986884,1588.1603753026316,0.0,8866.77
Hood,minor,0.0381,0.5382,0.8316,0.0,2678.982472053821,2092.081598877168,4771.06
Door,minor,0.1079,0.6111,0.8063,0.0,3218.062885088389,2275.6264160469905,5493.69
Light,severe,0.5601,0.8276,0.4778,6897.296877658925,2807.3468593593198,0.0,9704.64
Bumper,moderate,0.179,0.5318,0.7031,10135.390440791287,2382.8443450861773,2835.2786320666582,15353.51
Headlight,severe,0.4304,0.5155,0.5369,8047.43314572227,2385.365317782485,0.0,10432.8
Light,minor,0.1056,0.6236,0.7568,0.0,1606.474740296799,0.0,1606.47
Door,moderate,0.2807,0.9209,0.7762,0.0,4474.874175187328,3875.753353323214,8350.63
Hood,minor,0.1111,0.7267,0.5795,0.0,2888.2217362293222,2737.197914092111,5625.42
Trunk,minor,0.0821,0.7405,0.8583,0.0,3159.0569309971756,2580.817693939795,5739.87
Bumper,moderate,0.3015,0.7319,0.8694,0.0,2105.8686526632696,3935.6094698037855,6041.48
Hood,moderate,0.1681,0.6261,0.9097,0.0,2196.5504534853767,2765.7316183323715,4962.28
Bumper,moderate,0.188,0.5317,0.5691,0.0,1688.3334674052417,3518.060661199005,5206.39
Windshield,minor,0.0528,0.852,0.6081,0.0,2126.5897744683343,0.0,2126.59
Door,minor,0.0257,0.7129,0.4368,0.0,2070.604654272277,1888.6893042479178,3959.29
Hood,minor,0.0779,0.879,0.8951,12977.905427518832,3450.0063427027408,2663.892918304433,19091.8
Hood,moderate,0.2508,0.8596,0.4644,19010.155474500396,3021.945764520637,2999.610596378414,25031.71
Hood,moderate,0.1,0.6349,0.8698,12848.597380780857,2700.0153432439292,3043.2131776044266,18591.83
Fender,moderate,0.3527,0.6716,0.6178,0.0,3497.5390427650354,4141.568772198553,7639.11
Headlight,severe,0.6506,0.5712,0.6744,9408.367307269991,2479.003570003451,0.0,11887.37
Windshield,minor,0.0672,0.9266,0.6111,0.0,1230.821869293839,0.0,1230.82
Hood,moderate,0.2886,0.4758,0.9609,0.0,3238.0844943117136,3223.4955538359773,6461.58
Windshield,moderate,0.1,0.6747,0.7354,8142.408389515916,2299.2350731161523,0.0,10441.64
Fender,minor,0.0867,0.5799,0.472,0.0,3329.3450043610396,2598.592661794595,5927.94
Light,moderate,0.3821,0.7836,0.8219,7744.5915259827525,2120.966561511658,0.0,9865.56
Door,moderate,0.329,0.8204,0.4507,10255.461667013209,5426.472415787498,3841.7744945836052,19523.71
